state_id,suite,task_id,initial_state_index,condition,n_rows,valid_axes,degenerate_axes,invalid_rows,correct_donor_retrieval_rate,donor_distance_reduction,donor_projection,cosine_alignment,orthogonal_residual,orthogonal_residual_ratio,distance_to_donor
libero_spatial_task00_state004_wait30,libero_spatial,0,4,first_frame,12,12,0,0,0.08333333333333333,-0.08529589837440561,0.364357558407169,0.4025408551061011,0.6017597295244409,0.8737148659998025,0.7547343633476031
libero_spatial_task00_state004_wait30,libero_spatial,0,4,wrong_latent,12,12,0,0,0.0,0.07556099189006152,0.4119243854695751,0.4738041949926217,0.4717983991890263,0.6743849482391212,0.6530782365715015
libero_spatial_task00_state004_wait30,libero_spatial,0,4,shuffled_cache,12,12,0,0,0.25,-16.787570344508598,0.45974213758946597,0.02692314527561374,12.348342708007522,17.758366307702932,12.370074909770265
libero_spatial_task00_state004_wait30,libero_spatial,0,4,donor_latent,12,12,0,0,1.0,0.5701249273478443,0.8203952489361285,0.9053677988253653,0.27066179451098876,0.3790929628659569,0.30366786518153305
libero_spatial_task00_state004_wait30,libero_spatial,0,4,donor_cache,12,12,0,0,1.0,0.5701249273478443,0.8203952489361285,0.9053677988253653,0.27066179451098876,0.3790929628659569,0.30366786518153305
libero_spatial_task00_state005_wait30,libero_spatial,0,5,first_frame,12,12,0,0,0.0,-0.07093748141899452,0.30116089932062245,0.34803512953082705,0.49496379782207595,0.8040985318497652,0.661366310014937
libero_spatial_task00_state005_wait30,libero_spatial,0,5,wrong_latent,12,12,0,0,0.0,-0.017979377744265113,0.3691237235364926,0.41781139515772986,0.4802269642494778,0.7841064826379069,0.6258826179666162
libero_spatial_task00_state005_wait30,libero_spatial,0,5,shuffled_cache,12,12,0,0,0.4166666666666667,-19.35391231518479,0.36188330283330244,0.017597756691709765,12.50560252523232,20.334083874611345,12.517896748957561
libero_spatial_task00_state005_wait30,libero_spatial,0,5,donor_latent,12,12,0,0,1.0,0.48447416991134884,0.7302900532276019,0.8547245856064709,0.26704345588996364,0.43388636743725795,0.3170642644931155
libero_spatial_task00_state005_wait30,libero_spatial,0,5,donor_cache,12,12,0,0,1.0,0.48447416991134884,0.7302900532276019,0.8547245856064709,0.26704345588996364,0.43388636743725795,0.3170642644931155
libero_spatial_task00_state006_wait30,libero_spatial,0,6,first_frame,12,12,0,0,0.16666666666666666,-0.2287967294344078,0.3017248102298582,0.27932804911208925,0.668250703537527,0.9904042528832361,0.8340444092535906
libero_spatial_task00_state006_wait30,libero_spatial,0,6,wrong_latent,12,12,0,0,0.0,0.036032673236938456,0.38524650768752616,0.4658954701516315,0.47926914377488444,0.7206432178539591,0.6494004278224352
libero_spatial_task00_state006_wait30,libero_spatial,0,6,shuffled_cache,12,12,0,0,0.25,-17.500799565898756,0.3262830134385692,0.017877602288847647,12.442353101344063,18.475962113629276,12.45973466658365
libero_spatial_task00_state006_wait30,libero_spatial,0,6,donor_latent,12,12,0,0,1.0,0.5544347153969666,0.7693149631330901,0.8950341869068256,0.25796083845055406,0.3803663145487215,0.30275321295588115
libero_spatial_task00_state006_wait30,libero_spatial,0,6,donor_cache,12,12,0,0,1.0,0.5544347153969666,0.7693149631330901,0.8950341869068256,0.25796083845055406,0.3803663145487215,0.30275321295588115
libero_spatial_task01_state004_wait30,libero_spatial,1,4,first_frame,12,12,0,0,0.16666666666666666,-0.7083491482362008,0.3343904696034002,0.20267505519244847,0.6128711753864352,1.5556855920190191,0.6743547688423756
libero_spatial_task01_state004_wait30,libero_spatial,1,4,wrong_latent,12,12,0,0,0.0,0.017742001871799206,0.41285342079144,0.4668926391155001,0.30523061365660203,0.7781841856863084,0.38692136890421386
libero_spatial_task01_state004_wait30,libero_spatial,1,4,shuffled_cache,12,12,0,0,0.25,-28.926251523334376,0.29813095207575946,0.009907230160460261,11.758467899930197,29.88708059834933,11.773686922950859
libero_spatial_task01_state004_wait30,libero_spatial,1,4,donor_latent,12,12,0,0,1.0,0.6306448100799927,0.8241034254605758,0.9308171730673961,0.1272186426431318,0.322747884095069,0.14591380521180275
libero_spatial_task01_state004_wait30,libero_spatial,1,4,donor_cache,12,12,0,0,1.0,0.6306448100799927,0.8241034254605758,0.9308171730673961,0.1272186426431318,0.322747884095069,0.14591380521180275
libero_spatial_task01_state005_wait30,libero_spatial,1,5,first_frame,12,12,0,0,0.16666666666666666,-0.02495665141142765,0.3187421719224907,0.35712874116994264,0.39212220637377,0.7302769561160484,0.5541818803972172
libero_spatial_task01_state005_wait30,libero_spatial,1,5,wrong_latent,12,12,0,0,0.0,-0.02267361860930271,0.4149678559711248,0.43348123007429035,0.42417592926590614,0.8000471133647706,0.5475568138332682
libero_spatial_task01_state005_wait30,libero_spatial,1,5,shuffled_cache,12,12,0,0,0.3333333333333333,-20.981246145787996,0.26744309743014183,0.012179903190072535,11.800591176870528,21.952034612996673,11.816924637022183
libero_spatial_task01_state005_wait30,libero_spatial,1,5,donor_latent,12,12,0,0,1.0,0.6644612931624204,0.8266524068156973,0.9432976147015456,0.15391096897960063,0.2859670538718989,0.18053822310692091
libero_spatial_task01_state005_wait30,libero_spatial,1,5,donor_cache,12,12,0,0,1.0,0.6644612931624204,0.8266524068156973,0.9432976147015456,0.15391096897960063,0.2859670538718989,0.18053822310692091
libero_spatial_task01_state006_wait30,libero_spatial,1,6,first_frame,12,12,0,0,0.25,-0.645802633389652,0.3430461453898337,0.21653944754161217,0.695198956768328,1.4608192219338907,0.7877284041526281
libero_spatial_task01_state006_wait30,libero_spatial,1,6,wrong_latent,12,12,0,0,0.0,0.04749431791207981,0.39640333080157647,0.48704981624497196,0.33882976067895904,0.7181560696557071,0.45766137582371785
libero_spatial_task01_state006_wait30,libero_spatial,1,6,shuffled_cache,12,12,0,0,0.16666666666666666,-22.96667003551659,0.33103214563536754,0.014396037960898186,11.457610766088052,23.918165820418192,11.480133855679293
libero_spatial_task01_state006_wait30,libero_spatial,1,6,donor_latent,12,12,0,0,1.0,0.6158092574223394,0.7942689349106548,0.9252453767247925,0.15556865301691178,0.32295737312746725,0.18586287163177362
libero_spatial_task01_state006_wait30,libero_spatial,1,6,donor_cache,12,12,0,0,1.0,0.6158092574223394,0.7942689349106548,0.9252453767247925,0.15556865301691178,0.32295737312746725,0.18586287163177362
libero_spatial_task02_state004_wait30,libero_spatial,2,4,first_frame,12,12,0,0,0.25,-0.9543251475295634,0.36420405121444804,0.19628102919883775,1.0750731482940503,1.8077204464586945,1.1628890002562977
libero_spatial_task02_state004_wait30,libero_spatial,2,4,wrong_latent,12,12,0,0,0.0,0.02530314114972958,0.4093744665260519,0.4819250100946603,0.4418741787844582,0.7577060529446683,0.5744455431461473
libero_spatial_task02_state004_wait30,libero_spatial,2,4,shuffled_cache,12,12,0,0,0.25,-19.00094874686003,0.3299327200418092,0.017270790765364964,11.876872219088042,19.96101669190425,11.898897989526128
libero_spatial_task02_state004_wait30,libero_spatial,2,4,donor_latent,12,12,0,0,1.0,0.5700164343396735,0.8140469556404092,0.8987757660223598,0.22859621335295946,0.3847042644209169,0.2540727063713549
libero_spatial_task02_state004_wait30,libero_spatial,2,4,donor_cache,12,12,0,0,1.0,0.5700164343396735,0.8140469556404092,0.8987757660223598,0.22859621335295946,0.3847042644209169,0.2540727063713549
libero_spatial_task02_state005_wait30,libero_spatial,2,5,first_frame,12,12,0,0,0.16666666666666666,-0.4828033670488498,0.3938358427033271,0.26478345827714755,0.8937563733403618,1.3100660857579993,1.0140357844637724
libero_spatial_task02_state005_wait30,libero_spatial,2,5,wrong_latent,12,12,0,0,0.0,-0.04297927195204279,0.43391861076535526,0.4416389257368476,0.5841698942289278,0.8597719797212746,0.7117495053548121
libero_spatial_task02_state005_wait30,libero_spatial,2,5,shuffled_cache,12,12,0,0,0.25,-16.56950525466814,0.43614831715685515,0.024966368560860763,11.958461051610954,17.54413776466571,11.975613820868384
libero_spatial_task02_state005_wait30,libero_spatial,2,5,donor_latent,12,12,0,0,1.0,0.6458529923752443,0.8591444407954425,0.9335224220143021,0.21899403143393584,0.3229389433894206,0.23994968103826297
libero_spatial_task02_state005_wait30,libero_spatial,2,5,donor_cache,12,12,0,0,1.0,0.6458529923752443,0.8591444407954425,0.9335224220143021,0.21899403143393584,0.3229389433894206,0.23994968103826297
libero_spatial_task02_state006_wait30,libero_spatial,2,6,first_frame,12,12,0,0,0.16666666666666666,-0.5887542421919802,0.35327907119795604,0.2402683238233662,0.8650353356487724,1.4318272289858698,0.9623633219881752
libero_spatial_task02_state006_wait30,libero_spatial,2,6,wrong_latent,12,12,0,0,0.0,0.0038831747728625965,0.41237801624991915,0.4687216408761346,0.4648569579661465,0.7824188399017767,0.5994698026703922
libero_spatial_task02_state006_wait30,libero_spatial,2,6,shuffled_cache,12,12,0,0,0.16666666666666666,-18.757615590379917,0.39784035152418423,0.020708259239240856,11.907456412132023,19.71079269216138,11.937266206990584
libero_spatial_task02_state006_wait30,libero_spatial,2,6,donor_latent,12,12,0,0,1.0,0.6388409578309278,0.8235995041939851,0.930431139154874,0.1901883078083517,0.31322995721468916,0.2178211676083037
libero_spatial_task02_state006_wait30,libero_spatial,2,6,donor_cache,12,12,0,0,1.0,0.6388409578309278,0.8235995041939851,0.930431139154874,0.1901883078083517,0.31322995721468916,0.2178211676083037
libero_spatial_task03_state004_wait30,libero_spatial,3,4,first_frame,12,12,0,0,0.16666666666666666,-0.2612926334535518,0.32414375312687144,0.3098360306218453,0.6611557460812053,1.0426976812668698,0.8107927557907738
libero_spatial_task03_state004_wait30,libero_spatial,3,4,wrong_latent,12,12,0,0,0.0,0.015591248067800037,0.39379785265187545,0.45810714688421034,0.45444739729197736,0.729622132399646,0.6296034815910212
libero_spatial_task03_state004_wait30,libero_spatial,3,4,shuffled_cache,12,12,0,0,0.25,-17.601384686255233,0.3925995749784332,0.021894698677572724,11.908447568714854,18.575257143453523,11.926608231903566
libero_spatial_task03_state004_wait30,libero_spatial,3,4,donor_latent,12,12,0,0,1.0,0.5807502753133966,0.7889215366954687,0.9054115826832395,0.229559980372298,0.3579900927344843,0.2700252595161556
libero_spatial_task03_state004_wait30,libero_spatial,3,4,donor_cache,12,12,0,0,1.0,0.5807502753133966,0.7889215366954687,0.9054115826832395,0.229559980372298,0.3579900927344843,0.2700252595161556
libero_spatial_task03_state005_wait30,libero_spatial,3,5,first_frame,12,12,0,0,0.16666666666666666,-0.13926508407495827,0.34480524126678125,0.3163978880410218,0.5428377700631554,0.8844644995351332,0.6996332410485833
libero_spatial_task03_state005_wait30,libero_spatial,3,5,wrong_latent,12,12,0,0,0.0,0.039336732292772826,0.3964397005496178,0.48128728836905776,0.44215606679799896,0.7369720189696801,0.5841352895317036
libero_spatial_task03_state005_wait30,libero_spatial,3,5,shuffled_cache,12,12,0,0,0.16666666666666666,-18.092500200131692,0.39940748146609,0.02946784814182379,11.593560013515665,19.05105180365274,11.616798584036191
libero_spatial_task03_state005_wait30,libero_spatial,3,5,donor_latent,12,12,0,0,1.0,0.5549993353132251,0.7916551929394897,0.8950341888490247,0.2385319201488966,0.38910504139810204,0.2730999201466948
libero_spatial_task03_state005_wait30,libero_spatial,3,5,donor_cache,12,12,0,0,1.0,0.5549993353132251,0.7916551929394897,0.8950341888490247,0.2385319201488966,0.38910504139810204,0.2730999201466948
libero_spatial_task03_state006_wait30,libero_spatial,3,6,first_frame,12,12,0,0,0.0,-0.3188107967556373,0.28525399957249414,0.2556544566631085,0.6695872235626278,1.102535834491915,0.8049875751254821
libero_spatial_task03_state006_wait30,libero_spatial,3,6,wrong_latent,12,12,0,0,0.0,0.04499270784015894,0.3867934792958127,0.4797910360457571,0.4284111908873167,0.7139155594712233,0.5807323545870099
libero_spatial_task03_state006_wait30,libero_spatial,3,6,shuffled_cache,12,12,0,0,0.25,-19.048163194547456,0.28375256025568757,0.014505814926468708,12.177373821194395,20.00639726545587,12.201636219290942
libero_spatial_task03_state006_wait30,libero_spatial,3,6,donor_latent,12,12,0,0,1.0,0.5705490520726385,0.7725504375985587,0.9028822076183699,0.2198363621058396,0.3596490396074621,0.26273196234683766
libero_spatial_task03_state006_wait30,libero_spatial,3,6,donor_cache,12,12,0,0,1.0,0.5705490520726385,0.7725504375985587,0.9028822076183699,0.2198363621058396,0.3596490396074621,0.26273196234683766
libero_spatial_task04_state004_wait30,libero_spatial,4,4,first_frame,12,12,0,0,0.16666666666666666,-0.626976302323518,0.3818756064752984,0.24326794748173317,1.0762370455020227,1.4675865451120194,1.1980683330814348
libero_spatial_task04_state004_wait30,libero_spatial,4,4,wrong_latent,12,12,0,0,0.0,-0.1087832324646284,0.44592804883855774,0.4229121673393211,0.6724599334601677,0.9314304821478264,0.8091112840075247
libero_spatial_task04_state004_wait30,libero_spatial,4,4,shuffled_cache,12,12,0,0,0.25,-15.251745158356206,0.3821991811265644,0.026114812360160472,11.8185536064224,16.192675766963653,11.864859285893777
libero_spatial_task04_state004_wait30,libero_spatial,4,4,donor_latent,12,12,0,0,1.0,0.6644812779799563,0.8950036676266512,0.941389722688044,0.23323114892376726,0.314019482461211,0.2474317970832051
libero_spatial_task04_state004_wait30,libero_spatial,4,4,donor_cache,12,12,0,0,1.0,0.6644812779799563,0.8950036676266512,0.941389722688044,0.23323114892376726,0.314019482461211,0.2474317970832051
libero_spatial_task04_state005_wait30,libero_spatial,4,5,first_frame,12,12,0,0,0.25,-0.39743097896958374,0.3896075710452623,0.2881173442970051,1.0736771762314594,1.2279426035460466,1.2261652069384392
libero_spatial_task04_state005_wait30,libero_spatial,4,5,wrong_latent,12,12,0,0,0.0,-0.014756384586635085,0.4485339897932286,0.46548281132171887,0.7235400666560262,0.8351603648248389,0.8856013499390585
libero_spatial_task04_state005_wait30,libero_spatial,4,5,shuffled_cache,12,12,0,0,0.25,-12.802195040205019,0.3976947465879961,0.029028334083984836,12.069720993735865,13.768207361686363,12.09918753643123
libero_spatial_task04_state005_wait30,libero_spatial,4,5,donor_latent,12,12,0,0,1.0,0.6968287670728784,0.8885971014129673,0.9522898434367669,0.24227372620536133,0.27848099648872066,0.26418164815820266
libero_spatial_task04_state005_wait30,libero_spatial,4,5,donor_cache,12,12,0,0,1.0,0.6968287670728784,0.8885971014129673,0.9522898434367669,0.24227372620536133,0.27848099648872066,0.26418164815820266
libero_spatial_task04_state006_wait30,libero_spatial,4,6,first_frame,12,12,0,0,0.16666666666666666,-0.7533636259991793,0.3451731772684119,0.1880964576961941,1.0914414349336479,1.5364184364195734,1.2462064236291253
libero_spatial_task04_state006_wait30,libero_spatial,4,6,wrong_latent,12,12,0,0,0.0,0.008277682880273926,0.44159726476622446,0.4723386275572565,0.5786033417163953,0.8149398834281228,0.7045982528645741
libero_spatial_task04_state006_wait30,libero_spatial,4,6,shuffled_cache,12,12,0,0,0.25,-15.490569162078865,0.40718476274491094,0.022342896949065254,11.699884236399674,16.453342631494852,11.726255490884595
libero_spatial_task04_state006_wait30,libero_spatial,4,6,donor_latent,12,12,0,0,1.0,0.6707710777021472,0.8792263846381355,0.9442890481457685,0.2159429327785677,0.3041746076551172,0.23364945091563005
libero_spatial_task04_state006_wait30,libero_spatial,4,6,donor_cache,12,12,0,0,1.0,0.6707710777021472,0.8792263846381355,0.9442890481457685,0.2159429327785677,0.3041746076551172,0.23364945091563005
libero_spatial_task05_state004_wait30,libero_spatial,5,4,first_frame,12,12,0,0,0.25,-1.2331724364804977,0.4409471388955361,0.26517298676629386,2.8528931336448142,2.077404172053107,3.26160481157021
libero_spatial_task05_state004_wait30,libero_spatial,5,4,wrong_latent,12,12,0,0,0.0,-0.7884899240825513,0.4624813667937934,0.3556770192027629,2.0224248211447384,1.5976317793284311,2.5350001873193477
libero_spatial_task05_state004_wait30,libero_spatial,5,4,shuffled_cache,12,12,0,0,0.25,-6.866876088199896,0.5398230245766754,0.10232931922866566,11.864172312118647,7.816091572836387,11.959152272768526
libero_spatial_task05_state004_wait30,libero_spatial,5,4,donor_latent,12,12,0,0,1.0,0.7949144268230853,0.9213847208215066,0.9718035600289004,0.29218295844681413,0.18633290373048858,0.3114003481131235
libero_spatial_task05_state004_wait30,libero_spatial,5,4,donor_cache,12,12,0,0,1.0,0.7949144268230853,0.9213847208215066,0.9718035600289004,0.29218295844681413,0.18633290373048858,0.3114003481131235
libero_spatial_task05_state005_wait30,libero_spatial,5,5,first_frame,12,12,0,0,0.3333333333333333,-0.2624358071563447,0.67372401246842,0.5651372404581615,1.8434570485983819,1.178186655957426,2.034854350518376
libero_spatial_task05_state005_wait30,libero_spatial,5,5,wrong_latent,12,12,0,0,0.0,-0.3180223639547571,0.48550208016020674,0.45614378487495433,1.6818052116583404,1.0952031965905145,2.187203992458997
libero_spatial_task05_state005_wait30,libero_spatial,5,5,shuffled_cache,12,12,0,0,0.25,-5.626727219182961,0.476813773550578,0.08686419840005198,11.364693134719765,6.583278964701669,11.461852282315133
libero_spatial_task05_state005_wait30,libero_spatial,5,5,donor_latent,12,12,0,0,1.0,0.7767757826816406,0.9694678441596793,0.961264448885208,0.4090436301726576,0.22012555128768993,0.41371432364300914
libero_spatial_task05_state005_wait30,libero_spatial,5,5,donor_cache,12,12,0,0,1.0,0.7767757826816406,0.9694678441596793,0.961264448885208,0.4090436301726576,0.22012555128768993,0.41371432364300914
libero_spatial_task05_state006_wait30,libero_spatial,5,6,first_frame,12,12,0,0,0.25,-0.4675549521666594,0.2753064257756926,0.20479688196404347,0.8211403058419768,1.2499418331625682,0.9651753252545975
libero_spatial_task05_state006_wait30,libero_spatial,5,6,wrong_latent,12,12,0,0,0.0,0.034089904767802,0.39001192396613976,0.4606862557866635,0.4793758293275819,0.7340505359384027,0.6337699483560127
libero_spatial_task05_state006_wait30,libero_spatial,5,6,shuffled_cache,12,12,0,0,0.25,-17.69364901700009,0.385910987354352,0.02074665078577699,12.255341344856623,18.646548509837217,12.285592414523022
libero_spatial_task05_state006_wait30,libero_spatial,5,6,donor_latent,12,12,0,0,1.0,0.5679805559016913,0.7737709582344209,0.9023005082596761,0.24247061674681938,0.3676112489160605,0.2846778247808766
libero_spatial_task05_state006_wait30,libero_spatial,5,6,donor_cache,12,12,0,0,1.0,0.5679805559016913,0.7737709582344209,0.9023005082596761,0.24247061674681938,0.3676112489160605,0.2846778247808766
libero_spatial_task06_state004_wait30,libero_spatial,6,4,first_frame,12,12,0,0,0.16666666666666666,-0.5564468447191064,0.3521683102043806,0.2250534875529073,0.9205099774815405,1.3659541438882095,1.0522418263014683
libero_spatial_task06_state004_wait30,libero_spatial,6,4,wrong_latent,12,12,0,0,0.0,0.02970971872849094,0.4110466655068495,0.4667548963276749,0.5072062711809014,0.7584280739326658,0.6544168479262812
libero_spatial_task06_state004_wait30,libero_spatial,6,4,shuffled_cache,12,12,0,0,0.25,-16.69120395326785,0.40820760155938957,0.0232613252876359,11.869392372592275,17.68018998038724,11.877110110102025
libero_spatial_task06_state004_wait30,libero_spatial,6,4,donor_latent,12,12,0,0,1.0,0.6066663888400927,0.8112225072769469,0.9232016560233509,0.22444473744251195,0.33649294402927793,0.26560640292132076
libero_spatial_task06_state004_wait30,libero_spatial,6,4,donor_cache,12,12,0,0,1.0,0.6066663888400927,0.8112225072769469,0.9232016560233509,0.22444473744251195,0.33649294402927793,0.26560640292132076
libero_spatial_task06_state005_wait30,libero_spatial,6,5,first_frame,12,12,0,0,0.16666666666666666,-0.5168994844253963,0.3217041225321039,0.22909719579542007,0.8290471535849869,1.3418585093431916,0.9411774716447249
libero_spatial_task06_state005_wait30,libero_spatial,6,5,wrong_latent,12,12,0,0,0.0,0.06818212627083864,0.38238757576023463,0.46868021201388715,0.4050716638163418,0.665495866422074,0.5777064031745781
libero_spatial_task06_state005_wait30,libero_spatial,6,5,shuffled_cache,12,12,0,0,0.25,-18.467932065710343,0.3855118854705643,0.020541318089959713,11.8707484884694,19.44191517246426,11.888662635437834
libero_spatial_task06_state005_wait30,libero_spatial,6,5,donor_latent,12,12,0,0,1.0,0.5694488715529847,0.772965424043713,0.8983655946859525,0.21757912337336224,0.36141674073344915,0.2602843587993045
libero_spatial_task06_state005_wait30,libero_spatial,6,5,donor_cache,12,12,0,0,1.0,0.5694488715529847,0.772965424043713,0.8983655946859525,0.21757912337336224,0.36141674073344915,0.2602843587993045
libero_spatial_task06_state006_wait30,libero_spatial,6,6,first_frame,12,12,0,0,0.16666666666666666,-0.7142724195082418,0.2783776319466563,0.17898317498861369,0.9216840080228331,1.5416209640073122,1.0295714936392921
libero_spatial_task06_state006_wait30,libero_spatial,6,6,wrong_latent,12,12,0,0,0.0,0.006864990192287822,0.3796152267915649,0.4616287782507027,0.43216505376561387,0.7432489296068296,0.5897706656731847
libero_spatial_task06_state006_wait30,libero_spatial,6,6,shuffled_cache,12,12,0,0,0.25,-18.400454116649453,0.34447725235161375,0.017875121865798368,11.650832087202732,19.378974901872105,11.663796797428768
libero_spatial_task06_state006_wait30,libero_spatial,6,6,donor_latent,12,12,0,0,1.0,0.5720311476761519,0.7572139451421269,0.9044903421378568,0.20752439717045268,0.34703854212051705,0.2567375537473036
libero_spatial_task06_state006_wait30,libero_spatial,6,6,donor_cache,12,12,0,0,1.0,0.5720311476761519,0.7572139451421269,0.9044903421378568,0.20752439717045268,0.34703854212051705,0.2567375537473036
libero_spatial_task07_state004_wait30,libero_spatial,7,4,first_frame,12,12,0,0,0.08333333333333333,0.14189759289651713,0.28947804447550723,0.33336399137002654,0.7222735474635927,0.37165380338488707,1.915310122024054
libero_spatial_task07_state004_wait30,libero_spatial,7,4,wrong_latent,12,12,0,0,0.0,-0.2667736389571485,0.4826966608362652,0.4408504197741614,1.6463727858724058,1.023768512492307,2.28860368706289
libero_spatial_task07_state004_wait30,libero_spatial,7,4,shuffled_cache,12,12,0,0,0.25,-5.370677146494947,0.454920285900003,0.10509074123730121,10.884982510962958,6.321276985533185,11.016951833835806
libero_spatial_task07_state004_wait30,libero_spatial,7,4,donor_latent,12,12,0,0,1.0,0.8584846150556545,0.9598926588406765,0.9843904899922423,0.24548004587311764,0.13338541369182785,0.25242234395061397
libero_spatial_task07_state004_wait30,libero_spatial,7,4,donor_cache,12,12,0,0,1.0,0.8584846150556545,0.9598926588406765,0.9843904899922423,0.24548004587311764,0.13338541369182785,0.25242234395061397
libero_spatial_task07_state005_wait30,libero_spatial,7,5,first_frame,12,12,0,0,0.25,-0.4743910776726632,0.45139000090717674,0.3323541148376306,1.4301303011668416,1.2689535543383326,1.7721367447455358
libero_spatial_task07_state005_wait30,libero_spatial,7,5,wrong_latent,12,12,0,0,0.0,-0.4980725149480864,0.45084334895571776,0.38830496382428353,1.1163703548281687,1.272713957727571,1.518127133392678
libero_spatial_task07_state005_wait30,libero_spatial,7,5,shuffled_cache,12,12,0,0,0.16666666666666666,-9.199195004041165,0.3963634808100616,0.04351578912220628,10.378101779728329,10.12907748474512,10.479080915899845
libero_spatial_task07_state005_wait30,libero_spatial,7,5,donor_latent,12,12,0,0,1.0,0.7661877373336319,0.9026739814622101,0.9652769946048047,0.22091525701209458,0.2074636023780926,0.239272671229394
libero_spatial_task07_state005_wait30,libero_spatial,7,5,donor_cache,12,12,0,0,1.0,0.7661877373336319,0.9026739814622101,0.9652769946048047,0.22091525701209458,0.2074636023780926,0.239272671229394
libero_spatial_task07_state006_wait30,libero_spatial,7,6,first_frame,12,12,0,0,0.25,-0.3540618949888701,0.45709179533516825,0.36701224613526956,1.5068753064382452,1.099382617126215,2.0842745037499424
libero_spatial_task07_state006_wait30,libero_spatial,7,6,wrong_latent,12,12,0,0,0.0,-0.3869045742109882,0.47852195793315766,0.4089542982782913,1.7503233330863237,1.184930866243046,2.1946524481100336
libero_spatial_task07_state006_wait30,libero_spatial,7,6,shuffled_cache,12,12,0,0,0.25,-6.357419130991938,0.4993356655371735,0.09319691932616792,11.426404191719433,7.3173224296184545,11.50670298810723
libero_spatial_task07_state006_wait30,libero_spatial,7,6,donor_latent,12,12,0,0,1.0,0.8470213078779657,0.9545698766791046,0.9844580258891473,0.2432805286223887,0.14352668559811818,0.2515887317490791
libero_spatial_task07_state006_wait30,libero_spatial,7,6,donor_cache,12,12,0,0,1.0,0.8470213078779657,0.9545698766791046,0.9844580258891473,0.2432805286223887,0.14352668559811818,0.2515887317490791
libero_spatial_task08_state004_wait30,libero_spatial,8,4,first_frame,12,12,0,0,0.25,-0.4808537730661684,0.2811920799696325,0.18261156328008055,0.8099168395493104,1.2325359544856471,0.9736273080154496
libero_spatial_task08_state004_wait30,libero_spatial,8,4,wrong_latent,12,12,0,0,0.0,-0.02128562030609731,0.40953103205580615,0.4347857046518424,0.5416478129025435,0.8244790459250374,0.6713432290712636
libero_spatial_task08_state004_wait30,libero_spatial,8,4,shuffled_cache,12,12,0,0,0.08333333333333333,-16.820596856356882,0.32702243952066806,0.018323373494895826,11.652506190557823,17.802229403023347,11.664732703352376
libero_spatial_task08_state004_wait30,libero_spatial,8,4,donor_latent,12,12,0,0,1.0,0.6090550423697692,0.8128627009100909,0.9215410891561754,0.22345884983134223,0.33929779494343487,0.2572123195801531
libero_spatial_task08_state004_wait30,libero_spatial,8,4,donor_cache,12,12,0,0,1.0,0.6090550423697692,0.8128627009100909,0.9215410891561754,0.22345884983134223,0.33929779494343487,0.2572123195801531
libero_spatial_task08_state005_wait30,libero_spatial,8,5,first_frame,12,12,0,0,0.16666666666666666,-0.10296516866776785,0.3405648082462905,0.3432152658890329,0.6226976628826626,0.8400168875428543,0.8315992102908775
libero_spatial_task08_state005_wait30,libero_spatial,8,5,wrong_latent,12,12,0,0,0.0,-0.02993300439526798,0.4187455700025609,0.4295973522209955,0.5594085071287763,0.766842569723817,0.769966399772092
libero_spatial_task08_state005_wait30,libero_spatial,8,5,shuffled_cache,12,12,0,0,0.25,-14.92774885206976,0.3832907748851524,0.024418595818278183,11.854264031457264,15.894666168990804,11.876974823896603
libero_spatial_task08_state005_wait30,libero_spatial,8,5,donor_latent,12,12,0,0,1.0,0.6539795210082845,0.8361071354681869,0.9368192669346889,0.2253491223667091,0.30267876396101295,0.2582615720591344
libero_spatial_task08_state005_wait30,libero_spatial,8,5,donor_cache,12,12,0,0,1.0,0.6539795210082845,0.8361071354681869,0.9368192669346889,0.2253491223667091,0.30267876396101295,0.2582615720591344
libero_spatial_task08_state006_wait30,libero_spatial,8,6,first_frame,12,12,0,0,0.16666666666666666,-0.11393193592116001,0.33598063562974123,0.31670088879467606,0.5601126559321129,0.8535807007567183,0.7312909913825317
libero_spatial_task08_state006_wait30,libero_spatial,8,6,wrong_latent,12,12,0,0,0.0,0.001252175031802925,0.4216655673202579,0.463622763807838,0.518700305897382,0.8015423667291214,0.6499449692924549
libero_spatial_task08_state006_wait30,libero_spatial,8,6,shuffled_cache,12,12,0,0,0.16666666666666666,-17.26815322412696,0.3282624199550476,0.018085162652252202,11.90964772112694,18.244706522024313,11.925109163571951
libero_spatial_task08_state006_wait30,libero_spatial,8,6,donor_latent,12,12,0,0,1.0,0.612517935135187,0.8362751948369823,0.9219798739098053,0.22627316258402438,0.3465014859668987,0.25306864376073296
libero_spatial_task08_state006_wait30,libero_spatial,8,6,donor_cache,12,12,0,0,1.0,0.612517935135187,0.8362751948369823,0.9219798739098053,0.22627316258402438,0.3465014859668987,0.25306864376073296
libero_spatial_task09_state004_wait30,libero_spatial,9,4,first_frame,12,12,0,0,0.08333333333333333,-0.25833780145179436,0.33014946160749253,0.3035230777342564,0.83057153976862,1.0567898296168141,0.9948932691471223
libero_spatial_task09_state004_wait30,libero_spatial,9,4,wrong_latent,12,12,0,0,0.0,-0.02788943200961318,0.4253564262502983,0.440469065887856,0.659428325030297,0.8340602834143249,0.816256721055176
libero_spatial_task09_state004_wait30,libero_spatial,9,4,shuffled_cache,12,12,0,0,0.3333333333333333,-14.384407266826218,0.39047739542413146,0.02618552022888206,12.150780923929105,15.35741984718465,12.171529820288738
libero_spatial_task09_state004_wait30,libero_spatial,9,4,donor_latent,12,12,0,0,1.0,0.6384295788664148,0.8447533633044794,0.9332809809635124,0.25654695976238345,0.32264502619464025,0.28820327688536695
libero_spatial_task09_state004_wait30,libero_spatial,9,4,donor_cache,12,12,0,0,1.0,0.6384295788664148,0.8447533633044794,0.9332809809635124,0.25654695976238345,0.32264502619464025,0.28820327688536695
libero_spatial_task09_state005_wait30,libero_spatial,9,5,first_frame,12,12,0,0,0.16666666666666666,-0.46487456773216285,0.3627182861214695,0.2828583930661782,0.9168517534561144,1.3078766411925993,1.0301783886744484
libero_spatial_task09_state005_wait30,libero_spatial,9,5,wrong_latent,12,12,0,0,0.0,-0.10148728126483508,0.43305481696758474,0.39190638993576404,0.612423781352632,0.873861661540278,0.7761122114177592
libero_spatial_task09_state005_wait30,libero_spatial,9,5,shuffled_cache,12,12,0,0,0.08333333333333333,-15.800576551960594,0.400749205307807,0.024592591099845584,11.934104839811871,16.786507814316437,11.944298355008831
libero_spatial_task09_state005_wait30,libero_spatial,9,5,donor_latent,12,12,0,0,1.0,0.6283560975877389,0.8566497699529104,0.9277965441291715,0.23949105202083562,0.3369044133270854,0.26271699279734523
libero_spatial_task09_state005_wait30,libero_spatial,9,5,donor_cache,12,12,0,0,1.0,0.6283560975877389,0.8566497699529104,0.9277965441291715,0.23949105202083562,0.3369044133270854,0.26271699279734523
libero_spatial_task09_state006_wait30,libero_spatial,9,6,first_frame,12,12,0,0,0.25,-0.3318535269287854,0.36941761920925426,0.2593611133463022,1.0129094909435683,1.0976099491878948,1.2358308742651956
libero_spatial_task09_state006_wait30,libero_spatial,9,6,wrong_latent,12,12,0,0,0.0,0.005557777819445155,0.44133313148931763,0.4756609060002439,0.7445916649136283,0.8096177804502509,0.9190818806248435
libero_spatial_task09_state006_wait30,libero_spatial,9,6,shuffled_cache,12,12,0,0,0.25,-10.291503411172037,0.4401114956474929,0.04312941848626539,10.492568346329262,11.265606343217646,10.516192481715562
libero_spatial_task09_state006_wait30,libero_spatial,9,6,donor_latent,12,12,0,0,1.0,0.6949998054265446,0.8762092470005055,0.9516640618322705,0.2540508589861294,0.2761194574228792,0.27982465309553195
libero_spatial_task09_state006_wait30,libero_spatial,9,6,donor_cache,12,12,0,0,1.0,0.6949998054265446,0.8762092470005055,0.9516640618322705,0.2540508589861294,0.2761194574228792,0.27982465309553195
libero_object_task00_state004_wait30,libero_object,0,4,first_frame,12,12,0,0,0.25,0.011109636511345675,0.45865646934543197,0.48249307145577336,0.7193167835542632,0.7949397104155546,0.9032936118271992
libero_object_task00_state004_wait30,libero_object,0,4,wrong_latent,12,12,0,0,0.0,0.024169696598559432,0.47485261826460273,0.503693867992691,0.7214453752139329,0.8015529445151987,0.8864527439945342
libero_object_task00_state004_wait30,libero_object,0,4,shuffled_cache,12,12,0,0,0.25,-9.640886780289028,0.43814512254543486,0.0479561331453865,9.575850271373373,10.561785966505296,9.649139797788044
libero_object_task00_state004_wait30,libero_object,0,4,donor_latent,12,12,0,0,1.0,0.7808188282336208,0.9460855643929381,0.9753356947580843,0.19405625873515672,0.2113127162606838,0.20113646826563547
libero_object_task00_state004_wait30,libero_object,0,4,donor_cache,12,12,0,0,1.0,0.7808188282336208,0.9460855643929381,0.9753356947580843,0.19405625873515672,0.2113127162606838,0.20113646826563547
libero_object_task00_state005_wait30,libero_object,0,5,first_frame,12,12,0,0,0.25,-0.14677891640091417,0.4599725106231203,0.39625186250309713,0.773359280682942,0.9750594187202893,0.9121250477366388
libero_object_task00_state005_wait30,libero_object,0,5,wrong_latent,12,12,0,0,0.0,-0.1340864248759869,0.47243327024585846,0.44398957307171005,0.766360564505416,0.9933937896700353,0.883385030394242
libero_object_task00_state005_wait30,libero_object,0,5,shuffled_cache,12,12,0,0,0.25,-10.128948430763714,0.3435233766112145,2.6401194768768213e-06,8.762729339749427,11.014029459106077,8.850756957093411
libero_object_task00_state005_wait30,libero_object,0,5,donor_latent,12,12,0,0,1.0,0.7547959811296449,0.9419545138622984,0.9685474676737447,0.18597778411668253,0.2359009663258308,0.1929727087439638
libero_object_task00_state005_wait30,libero_object,0,5,donor_cache,12,12,0,0,1.0,0.7547959811296449,0.9419545138622984,0.9685474676737447,0.18597778411668253,0.2359009663258308,0.1929727087439638
libero_object_task00_state006_wait30,libero_object,0,6,first_frame,12,12,0,0,0.3333333333333333,-0.01633928265578537,0.5157970994123501,0.496012645246708,0.6192496892252345,0.8749887101891037,0.7233636203329278
libero_object_task00_state006_wait30,libero_object,0,6,wrong_latent,12,12,0,0,0.0,0.024090909003254956,0.4817318917282562,0.5084157129388396,0.5614877862597895,0.8028696764596602,0.6888695366117678
libero_object_task00_state006_wait30,libero_object,0,6,shuffled_cache,12,12,0,0,0.25,-10.950204453987235,0.5018923763283712,0.04166134181587205,8.403818224512156,11.824020367788817,8.495209043876157
libero_object_task00_state006_wait30,libero_object,0,6,donor_latent,12,12,0,0,1.0,0.7261033599211073,0.96697246335752,0.9622810056111758,0.19235488287411762,0.27029347238437756,0.19484794726887536
libero_object_task00_state006_wait30,libero_object,0,6,donor_cache,12,12,0,0,1.0,0.7261033599211073,0.96697246335752,0.9622810056111758,0.19235488287411762,0.27029347238437756,0.19484794726887536
libero_object_task01_state004_wait30,libero_object,1,4,first_frame,12,12,0,0,0.16666666666666666,-0.2590547293463204,0.40423329432280813,0.2623057779903675,0.9972277994210517,0.965309842701145,1.3130433058379989
libero_object_task01_state004_wait30,libero_object,1,4,wrong_latent,12,12,0,0,0.0,-0.09214483698565841,0.4645917569675914,0.43802793209104957,0.9517024463243796,0.9302894924625802,1.1255677579771517
libero_object_task01_state004_wait30,libero_object,1,4,shuffled_cache,12,12,0,0,0.25,-9.930346387246827,0.4348957898770825,0.044364813095340495,11.305660717595844,10.899192069320804,11.338867399141172
libero_object_task01_state004_wait30,libero_object,1,4,donor_latent,12,12,0,0,1.0,0.8003907184210654,0.9276484998666344,0.980190114253841,0.19062586394266204,0.18394158074043734,0.20541880845336366
libero_object_task01_state004_wait30,libero_object,1,4,donor_cache,12,12,0,0,1.0,0.8003907184210654,0.9276484998666344,0.980190114253841,0.19062586394266204,0.18394158074043734,0.20541880845336366
libero_object_task01_state005_wait30,libero_object,1,5,first_frame,12,12,0,0,0.16666666666666666,-0.3636867823512528,0.41238310049148036,0.3218579524692226,1.0351472437135667,1.2102514349884836,1.1681834187313285
libero_object_task01_state005_wait30,libero_object,1,5,wrong_latent,12,12,0,0,0.0,0.006328660555476022,0.46025862538465484,0.4811678991493385,0.6994425313333936,0.8178002860706548,0.8562644432355809
libero_object_task01_state005_wait30,libero_object,1,5,shuffled_cache,12,12,0,0,0.25,-13.02959632828919,0.3986423365745555,0.029478508663154903,11.994431405078172,13.995790485819965,12.023581270951473
libero_object_task01_state005_wait30,libero_object,1,5,donor_latent,12,12,0,0,1.0,0.7536253540612518,0.9156712163238567,0.9689146226438248,0.19834646685601723,0.22988797075155787,0.21150528931282042
libero_object_task01_state005_wait30,libero_object,1,5,donor_cache,12,12,0,0,1.0,0.7536253540612518,0.9156712163238567,0.9689146226438248,0.19834646685601723,0.22988797075155787,0.21150528931282042
libero_object_task01_state006_wait30,libero_object,1,6,first_frame,12,12,0,0,0.25,-0.05832678136537298,0.4352258729118115,0.42635307636837544,0.9664188409626019,0.845643430694758,1.2385349064137374
libero_object_task01_state006_wait30,libero_object,1,6,wrong_latent,12,12,0,0,0.0,-0.0066076378331761014,0.47316398572991414,0.4813667818116365,0.920628484110673,0.8075694664950751,1.173072891192301
libero_object_task01_state006_wait30,libero_object,1,6,shuffled_cache,12,12,0,0,0.16666666666666666,-8.8776080248362,0.4764121677247224,0.04936663046284406,11.515106575699663,9.839826021239148,11.564998319193924
libero_object_task01_state006_wait30,libero_object,1,6,donor_latent,12,12,0,0,1.0,0.8214080923406035,0.9456702758885583,0.9830038747308474,0.1970847926643032,0.16952502043147957,0.20831339718697883
libero_object_task01_state006_wait30,libero_object,1,6,donor_cache,12,12,0,0,1.0,0.8214080923406035,0.9456702758885583,0.9830038747308474,0.1970847926643032,0.16952502043147957,0.20831339718697883
libero_object_task02_state004_wait30,libero_object,2,4,first_frame,12,12,0,0,0.25,-0.6353935869510335,0.4120552266164852,0.23733577947243908,1.011742565124645,1.4581494382771936,1.1429592681800267
libero_object_task02_state004_wait30,libero_object,2,4,wrong_latent,12,12,0,0,0.0,0.019872257131444953,0.4597555688255466,0.48945377233646564,0.565544181259888,0.80832775346405,0.6892985114135467
libero_object_task02_state004_wait30,libero_object,2,4,shuffled_cache,12,12,0,0,0.25,-15.20758812924258,0.5051602161249589,0.02845527435240018,11.294189965184588,16.16391288283485,11.326969568519699
libero_object_task02_state004_wait30,libero_object,2,4,donor_latent,12,12,0,0,1.0,0.7483872720103606,0.9150051065408743,0.9678593477279556,0.16472764258511643,0.23550134595112646,0.17656302760707795
libero_object_task02_state004_wait30,libero_object,2,4,donor_cache,12,12,0,0,1.0,0.7483872720103606,0.9150051065408743,0.9678593477279556,0.16472764258511643,0.23550134595112646,0.17656302760707795
libero_object_task02_state005_wait30,libero_object,2,5,first_frame,12,12,0,0,0.16666666666666666,-0.6476230039592848,0.3971005749537409,0.2509965668771515,0.95799932874202,1.5147011254623688,1.0423921804401226
libero_object_task02_state005_wait30,libero_object,2,5,wrong_latent,12,12,0,0,0.0,0.07433155268938542,0.45321975956787247,0.519808292361388,0.45079279193814853,0.7260772328401153,0.5807370639759948
libero_object_task02_state005_wait30,libero_object,2,5,shuffled_cache,12,12,0,0,0.25,-16.896795983514455,0.4656186282820914,0.020450087567450953,11.204089457715098,17.8666207746753,11.223622784025308
libero_object_task02_state005_wait30,libero_object,2,5,donor_latent,12,12,0,0,1.0,0.7052212066713487,0.8995581909362084,0.9545046315156785,0.1745011312281206,0.27673218899633695,0.18565817080770286
libero_object_task02_state005_wait30,libero_object,2,5,donor_cache,12,12,0,0,1.0,0.7052212066713487,0.8995581909362084,0.9545046315156785,0.1745011312281206,0.27673218899633695,0.18565817080770286
libero_object_task02_state006_wait30,libero_object,2,6,first_frame,12,12,0,0,0.08333333333333333,0.03758357353178176,0.39129848506487486,0.4626541749470592,0.42863775327451026,0.7317171877049299,0.5650968493601766
libero_object_task02_state006_wait30,libero_object,2,6,wrong_latent,12,12,0,0,0.0,-0.007863726109128083,0.44747571699556316,0.468561076914374,0.490834015454833,0.8391883245461408,0.5904811609236084
libero_object_task02_state006_wait30,libero_object,2,6,shuffled_cache,12,12,0,0,0.25,-16.735563011032305,0.3751330520861163,0.029119160960070237,10.430611324104424,17.678858102928185,10.464640830244049
libero_object_task02_state006_wait30,libero_object,2,6,donor_latent,12,12,0,0,1.0,0.725230533026079,0.897487088987297,0.9616730431480683,0.1493284844142037,0.25448744142686014,0.1611853110705223
libero_object_task02_state006_wait30,libero_object,2,6,donor_cache,12,12,0,0,1.0,0.725230533026079,0.897487088987297,0.9616730431480683,0.1493284844142037,0.25448744142686014,0.1611853110705223
libero_object_task03_state004_wait30,libero_object,3,4,first_frame,12,12,0,0,0.16666666666666666,-0.0774822241571657,0.4038658597426927,0.426611276107466,0.7761413912724704,0.8805897276434073,0.975765772938577
libero_object_task03_state004_wait30,libero_object,3,4,wrong_latent,12,12,0,0,0.0,-0.23142009912323327,0.4648962923536106,0.39821984699020546,0.8372647354718726,1.0205811204001327,1.0546468803010074
libero_object_task03_state004_wait30,libero_object,3,4,shuffled_cache,12,12,0,0,0.25,-12.116474499023136,0.4515707597209664,0.03748657492373676,11.419721046037397,13.079494000168483,11.451502904728905
libero_object_task03_state004_wait30,libero_object,3,4,donor_latent,12,12,0,0,1.0,0.7722412841164075,0.9288626984228796,0.971801257410262,0.1891135339922132,0.21581120174156357,0.199932528344502
libero_object_task03_state004_wait30,libero_object,3,4,donor_cache,12,12,0,0,1.0,0.7722412841164075,0.9288626984228796,0.971801257410262,0.1891135339922132,0.21581120174156357,0.199932528344502
libero_object_task03_state005_wait30,libero_object,3,5,first_frame,12,12,0,0,0.16666666666666666,-0.0016172906781470968,0.40001303668640903,0.4518349436616098,0.46139971033042854,0.771767514360906,0.6068421527863058
libero_object_task03_state005_wait30,libero_object,3,5,wrong_latent,12,12,0,0,0.0,0.03947390335738241,0.4480741086735797,0.48581486586658024,0.4583825828760952,0.7593492750709122,0.585377167773351
libero_object_task03_state005_wait30,libero_object,3,5,shuffled_cache,12,12,0,0,0.16666666666666666,-17.761084680761915,0.4087016322316955,0.02317138625220204,11.302379500134654,18.74036198692311,11.315074520357335
libero_object_task03_state005_wait30,libero_object,3,5,donor_latent,12,12,0,0,1.0,0.7142348096560475,0.8946921470125471,0.9586234111624417,0.16018406718741263,0.2633393011843632,0.1742864822669672
libero_object_task03_state005_wait30,libero_object,3,5,donor_cache,12,12,0,0,1.0,0.7142348096560475,0.8946921470125471,0.9586234111624417,0.16018406718741263,0.2633393011843632,0.1742864822669672
libero_object_task03_state006_wait30,libero_object,3,6,first_frame,12,12,0,0,0.08333333333333333,-0.10309961474608931,0.4036687701082078,0.39482612189699523,0.8002276525953546,0.8520378116477363,1.0451525349654307
libero_object_task03_state006_wait30,libero_object,3,6,wrong_latent,12,12,0,0,0.0,-0.07721997271259087,0.4646733028706917,0.4609205232447969,0.7980790676963713,0.8737789442264021,1.0058987590520967
libero_object_task03_state006_wait30,libero_object,3,6,shuffled_cache,12,12,0,0,0.16666666666666666,-11.36026114450631,0.4326127387236012,0.03674990864045902,11.690092656612231,12.339670937078834,11.710009100334249
libero_object_task03_state006_wait30,libero_object,3,6,donor_latent,12,12,0,0,1.0,0.7952636268298177,0.9335229590195274,0.9785190290694229,0.18344493351492377,0.19067808909107353,0.19502295548190005
libero_object_task03_state006_wait30,libero_object,3,6,donor_cache,12,12,0,0,1.0,0.7952636268298177,0.9335229590195274,0.9785190290694229,0.18344493351492377,0.19067808909107353,0.19502295548190005
libero_object_task04_state004_wait30,libero_object,4,4,first_frame,12,12,0,0,0.25,-0.2734819361170229,0.4264322574594961,0.3336004498608299,0.7409683128897132,1.104043495447631,0.8547167091183735
libero_object_task04_state004_wait30,libero_object,4,4,wrong_latent,12,12,0,0,0.0,-0.0019425749249147584,0.45893874867658574,0.4779921464740906,0.5606715126534377,0.8397344697860475,0.6701291237575485
libero_object_task04_state004_wait30,libero_object,4,4,shuffled_cache,12,12,0,0,0.25,-13.556864324567911,0.4167731837618615,0.042393711501405036,9.669750382642288,14.480406123989075,9.722154171433182
libero_object_task04_state004_wait30,libero_object,4,4,donor_latent,12,12,0,0,1.0,0.7408823142884718,0.9166934763653458,0.9659318202735895,0.1638466395998733,0.24443208937785743,0.17382225018231803
libero_object_task04_state004_wait30,libero_object,4,4,donor_cache,12,12,0,0,1.0,0.7408823142884718,0.9166934763653458,0.9659318202735895,0.1638466395998733,0.24443208937785743,0.17382225018231803
libero_object_task04_state005_wait30,libero_object,4,5,first_frame,12,12,0,0,0.25,-0.28965822899053073,0.4887724811153841,0.3700995333336879,0.7580310198872885,1.1530411387696873,0.8486278731594488
libero_object_task04_state005_wait30,libero_object,4,5,wrong_latent,12,12,0,0,0.0,0.005628670992829414,0.4748602318611869,0.48200031596922194,0.5338768340580082,0.8178924458401271,0.6531702484934436
libero_object_task04_state005_wait30,libero_object,4,5,shuffled_cache,12,12,0,0,0.25,-13.794036065052785,0.4740550926910701,0.024041036265192262,9.67715639092773,14.705401383607308,9.734313633077457
libero_object_task04_state005_wait30,libero_object,4,5,donor_latent,12,12,0,0,1.0,0.7503210504733898,0.948511357373054,0.9686243753087574,0.15976943192340673,0.2420434050594316,0.16466793126537316
libero_object_task04_state005_wait30,libero_object,4,5,donor_cache,12,12,0,0,1.0,0.7503210504733898,0.948511357373054,0.9686243753087574,0.15976943192340673,0.2420434050594316,0.16466793126537316
libero_object_task04_state006_wait30,libero_object,4,6,first_frame,12,12,0,0,0.25,0.0348945000223252,0.47487038480970023,0.4998492911591134,0.5206304649711133,0.7727218336835945,0.6663337200877748
libero_object_task04_state006_wait30,libero_object,4,6,wrong_latent,12,12,0,0,0.0,-0.2619669634479714,0.4774647340659662,0.42369307671218365,0.6973579810306942,1.1087018331267633,0.8190234848640537
libero_object_task04_state006_wait30,libero_object,4,6,shuffled_cache,12,12,0,0,0.25,-14.25329436642298,0.42206409318847893,0.025547373101834595,10.052205438709198,15.181803371439605,10.110347510338359
libero_object_task04_state006_wait30,libero_object,4,6,donor_latent,12,12,0,0,1.0,0.7501586742618334,0.9382937478935314,0.9653621074973288,0.16228959488394473,0.2410473122406291,0.16749886377588266
libero_object_task04_state006_wait30,libero_object,4,6,donor_cache,12,12,0,0,1.0,0.7501586742618334,0.9382937478935314,0.9653621074973288,0.16228959488394473,0.2410473122406291,0.16749886377588266
libero_object_task05_state004_wait30,libero_object,5,4,first_frame,12,12,0,0,0.16666666666666666,-0.3053937153810355,0.4059340994740838,0.35753152204942923,0.8002256890438778,1.1413274351324423,0.9294971979300083
libero_object_task05_state004_wait30,libero_object,5,4,wrong_latent,12,12,0,0,0.0,0.11439851932037404,0.45789620489472455,0.5141193929417508,0.4566513538110104,0.6471064774675424,0.6516996818267159
libero_object_task05_state004_wait30,libero_object,5,4,shuffled_cache,12,12,0,0,0.25,-15.603420242670284,0.4227059797386641,0.029024658743927467,11.761383963499819,16.5495173169171,11.800435905381141
libero_object_task05_state004_wait30,libero_object,5,4,donor_latent,12,12,0,0,1.0,0.7458669536505228,0.9169394874568951,0.9650306348614711,0.16980927135226412,0.2380593595426386,0.18023423180471485
libero_object_task05_state004_wait30,libero_object,5,4,donor_cache,12,12,0,0,1.0,0.7458669536505228,0.9169394874568951,0.9650306348614711,0.16980927135226412,0.2380593595426386,0.18023423180471485
libero_object_task05_state005_wait30,libero_object,5,5,first_frame,12,12,0,0,0.16666666666666666,-0.0743760012838882,0.43432572389899066,0.43918828238117796,0.9618528013993419,0.895717284021103,1.1662042259793757
libero_object_task05_state005_wait30,libero_object,5,5,wrong_latent,12,12,0,0,0.0,-0.07108827821877028,0.4767770398493676,0.456277315040108,0.952852901149082,0.9004569155221912,1.1487668726469493
libero_object_task05_state005_wait30,libero_object,5,5,shuffled_cache,12,12,0,0,0.16666666666666666,-9.986359345989614,0.47914012616596385,0.044153905424125776,11.867998257472458,10.971192545539362,11.885355473903411
libero_object_task05_state005_wait30,libero_object,5,5,donor_latent,12,12,0,0,1.0,0.8139495127153187,0.9512603362833346,0.9823458966438467,0.19027027811349448,0.17758067702311395,0.19971890159373584
libero_object_task05_state005_wait30,libero_object,5,5,donor_cache,12,12,0,0,1.0,0.8139495127153187,0.9512603362833346,0.9823458966438467,0.19027027811349448,0.17758067702311395,0.19971890159373584
libero_object_task05_state006_wait30,libero_object,5,6,first_frame,12,12,0,0,0.25,0.0332722228656963,0.43519622939186825,0.4464601470326957,0.7562159787226247,0.746896848947769,0.9887017815965681
libero_object_task05_state006_wait30,libero_object,5,6,wrong_latent,12,12,0,0,0.0,-0.031661209753411364,0.48175298676030115,0.46792137603397604,0.9001306673990334,0.8775168671585384,1.0600286537564794
libero_object_task05_state006_wait30,libero_object,5,6,shuffled_cache,12,12,0,0,0.25,-10.401128918793402,0.4833215622039855,0.04309939755250897,11.634913708432714,11.364185140666967,11.670999003268081
libero_object_task05_state006_wait30,libero_object,5,6,donor_latent,12,12,0,0,1.0,0.8218890188228296,0.9615951594304438,0.9837504339370612,0.1763832990498121,0.173097176070259,0.18153172870261325
libero_object_task05_state006_wait30,libero_object,5,6,donor_cache,12,12,0,0,1.0,0.8218890188228296,0.9615951594304438,0.9837504339370612,0.1763832990498121,0.173097176070259,0.18153172870261325
libero_object_task06_state004_wait30,libero_object,6,4,first_frame,12,12,0,0,0.16666666666666666,-0.323597696045345,0.4186222596327709,0.31675750247790596,1.0348005381655156,1.160623664707821,1.1801568053165308
libero_object_task06_state004_wait30,libero_object,6,4,wrong_latent,12,12,0,0,0.0,0.02871855827389962,0.46361833343450587,0.4959150433798587,0.7148571137136065,0.8045031848425803,0.864022167951783
libero_object_task06_state004_wait30,libero_object,6,4,shuffled_cache,12,12,0,0,0.25,-11.460912582283848,0.3950923064606943,0.06099191585025615,10.992405872511362,12.372664274406722,11.069793053189166
libero_object_task06_state004_wait30,libero_object,6,4,donor_latent,12,12,0,0,1.0,0.7683901433962919,0.9292395121302879,0.9729692401164817,0.19626032546258362,0.21972785952631488,0.2067279235344538
libero_object_task06_state004_wait30,libero_object,6,4,donor_cache,12,12,0,0,1.0,0.7683901433962919,0.9292395121302879,0.9729692401164817,0.19626032546258362,0.21972785952631488,0.2067279235344538
libero_object_task06_state005_wait30,libero_object,6,5,first_frame,12,12,0,0,0.25,-0.09821846131291528,0.495784651617824,0.453631446131785,0.9049207613189182,0.958058051841614,1.0458941375348416
libero_object_task06_state005_wait30,libero_object,6,5,wrong_latent,12,12,0,0,0.0,0.0523265922598282,0.4806125346313272,0.504954226395386,0.6800032963591681,0.7355694549424738,0.8937534336042142
libero_object_task06_state005_wait30,libero_object,6,5,shuffled_cache,12,12,0,0,0.25,-10.629041009084064,0.4743459409782101,0.04438924508818854,10.980714641898006,11.590276164753853,11.016915854749719
libero_object_task06_state005_wait30,libero_object,6,5,donor_latent,12,12,0,0,1.0,0.7812102450063304,0.9616122017531777,0.9751729709959468,0.20455220445839592,0.21490630357171567,0.20806486488960188
libero_object_task06_state005_wait30,libero_object,6,5,donor_cache,12,12,0,0,1.0,0.7812102450063304,0.9616122017531777,0.9751729709959468,0.20455220445839592,0.21490630357171567,0.20806486488960188
libero_object_task06_state006_wait30,libero_object,6,6,first_frame,12,12,0,0,0.25,-0.1011955687975517,0.4816275931534717,0.44317312752553795,0.9571068944752265,0.9447940740479681,1.1261708483318316
libero_object_task06_state006_wait30,libero_object,6,6,wrong_latent,12,12,0,0,0.0,-0.06354723577432346,0.4860774435204549,0.47482615468619027,0.8679237750363691,0.8785011718235706,1.0666281103550876
libero_object_task06_state006_wait30,libero_object,6,6,shuffled_cache,12,12,0,0,0.25,-10.486354805457372,0.47993026895183166,0.04319300818987487,11.639728126832766,11.443037936138177,11.688121463968654
libero_object_task06_state006_wait30,libero_object,6,6,donor_latent,12,12,0,0,1.0,0.8043989116108295,0.9700908774686825,0.9803362080985897,0.19661553362362705,0.19253412412512685,0.19974942387861075
libero_object_task06_state006_wait30,libero_object,6,6,donor_cache,12,12,0,0,1.0,0.8043989116108295,0.9700908774686825,0.9803362080985897,0.19661553362362705,0.19253412412512685,0.19974942387861075
libero_object_task07_state004_wait30,libero_object,7,4,first_frame,12,12,0,0,0.25,-0.45833027450297886,0.3995271494492465,0.2597486378434514,0.9200765467874669,1.2425920096150558,1.0741281789675658
libero_object_task07_state004_wait30,libero_object,7,4,wrong_latent,12,12,0,0,0.0,-0.022097409186481676,0.4520452346070017,0.45601927839968015,0.6081216873654539,0.8380823967671626,0.7466758047558875
libero_object_task07_state004_wait30,libero_object,7,4,shuffled_cache,12,12,0,0,0.25,-12.091014072160071,0.43195159761560603,0.035672324557568226,9.402829986821205,13.028479540241472,9.449757629182516
libero_object_task07_state004_wait30,libero_object,7,4,donor_latent,12,12,0,0,1.0,0.7383806853612002,0.9018855638722614,0.9651641411482631,0.17696967945568587,0.2414127384544135,0.19160196433021168
libero_object_task07_state004_wait30,libero_object,7,4,donor_cache,12,12,0,0,1.0,0.7383806853612002,0.9018855638722614,0.9651641411482631,0.17696967945568587,0.2414127384544135,0.19160196433021168
libero_object_task07_state005_wait30,libero_object,7,5,first_frame,12,12,0,0,0.25,-0.17294497885550184,0.4597540918731664,0.371714269782437,0.8706467206890619,0.9819131377238589,1.0497818316342515
libero_object_task07_state005_wait30,libero_object,7,5,wrong_latent,12,12,0,0,0.0,-0.11910401500196134,0.47092676604333983,0.41143203235774384,0.7925551028728668,0.9242066429694336,0.9744201923957299
libero_object_task07_state005_wait30,libero_object,7,5,shuffled_cache,12,12,0,0,0.25,-9.730934605076605,0.48750202609184573,0.061729297670315826,9.365827049330411,10.686474510175094,9.405204475627686
libero_object_task07_state005_wait30,libero_object,7,5,donor_latent,12,12,0,0,1.0,0.7753260321103816,0.9488401952002364,0.9731033618486351,0.1906034232853947,0.21858006188355186,0.19612736904526365
libero_object_task07_state005_wait30,libero_object,7,5,donor_cache,12,12,0,0,1.0,0.7753260321103816,0.9488401952002364,0.9731033618486351,0.1906034232853947,0.21858006188355186,0.19612736904526365
libero_object_task07_state006_wait30,libero_object,7,6,first_frame,12,12,0,0,0.25,-0.01165262143914736,0.4291220591446152,0.4087365658906052,0.7221364227818867,0.7769423298052258,0.948371582486241
libero_object_task07_state006_wait30,libero_object,7,6,wrong_latent,12,12,0,0,0.0,-0.10150420515560267,0.46433778479101834,0.43475201821602544,0.786355091523857,0.8886683178832899,0.9969237482291714
libero_object_task07_state006_wait30,libero_object,7,6,shuffled_cache,12,12,0,0,0.25,-10.573103981249833,0.4663023610903645,0.05497425401867039,10.460386266838343,11.540998917067876,10.492036750295787
libero_object_task07_state006_wait30,libero_object,7,6,donor_latent,12,12,0,0,1.0,0.7818321021489535,0.9343338180990894,0.9752993838018827,0.18972228810388714,0.2071488417076797,0.20004889181143434
libero_object_task07_state006_wait30,libero_object,7,6,donor_cache,12,12,0,0,1.0,0.7818321021489535,0.9343338180990894,0.9752993838018827,0.18972228810388714,0.2071488417076797,0.20004889181143434
libero_object_task08_state004_wait30,libero_object,8,4,first_frame,12,12,0,0,0.25,-0.3682746810239888,0.425386472374363,0.32148248679602726,0.8739908429464016,1.2030994049702417,0.9994858286796983
libero_object_task08_state004_wait30,libero_object,8,4,wrong_latent,12,12,0,0,0.0,0.04684956405294843,0.4640045177175669,0.5046794673058129,0.5314764649166652,0.7370580925586293,0.6952573338776015
libero_object_task08_state004_wait30,libero_object,8,4,shuffled_cache,12,12,0,0,0.25,-10.23218776757134,0.4423756283067349,0.037200046802997634,8.244635792183717,11.14738591939179,8.30776011573341
libero_object_task08_state004_wait30,libero_object,8,4,donor_latent,12,12,0,0,1.0,0.7399761843207862,0.9337486806309608,0.9640112777284296,0.18366450722214775,0.2502396487623839,0.19018591930152487
libero_object_task08_state004_wait30,libero_object,8,4,donor_cache,12,12,0,0,1.0,0.7399761843207862,0.9337486806309608,0.9640112777284296,0.18366450722214775,0.2502396487623839,0.19018591930152487
libero_object_task08_state005_wait30,libero_object,8,5,first_frame,12,12,0,0,0.25,-0.19520838681925887,0.46019884924766624,0.3889822929803493,0.8006395610716902,1.0511057737154157,0.9113752079763108
libero_object_task08_state005_wait30,libero_object,8,5,wrong_latent,12,12,0,0,0.0,0.01909747496796302,0.46596605318325274,0.4943489633795672,0.6247158830858938,0.8206650566266424,0.7477578612873469
libero_object_task08_state005_wait30,libero_object,8,5,shuffled_cache,12,12,0,0,0.25,-11.850003645865547,0.46547628217257314,0.04911471069285555,9.76328191642015,12.787719682681065,9.810511019513607
libero_object_task08_state005_wait30,libero_object,8,5,donor_latent,12,12,0,0,1.0,0.7370061722654814,0.9262559101083526,0.9639205228017177,0.1915511455413508,0.25207669145055206,0.19984191761741388
libero_object_task08_state005_wait30,libero_object,8,5,donor_cache,12,12,0,0,1.0,0.7370061722654814,0.9262559101083526,0.9639205228017177,0.1915511455413508,0.25207669145055206,0.19984191761741388
libero_object_task08_state006_wait30,libero_object,8,6,first_frame,12,12,0,0,0.25,-0.5923836150420744,0.4107457194801463,0.2367242529284407,1.0459356555629638,1.3908985886530276,1.2026175422449814
libero_object_task08_state006_wait30,libero_object,8,6,wrong_latent,12,12,0,0,0.0,-0.026446972411805058,0.46935816896337074,0.47000194698137115,0.648872571047093,0.8630613496621322,0.7759401870594513
libero_object_task08_state006_wait30,libero_object,8,6,shuffled_cache,12,12,0,0,0.25,-10.935221980884025,0.482560631667164,0.05031921116174023,9.139490114982129,11.862965869461215,9.195657294278911
libero_object_task08_state006_wait30,libero_object,8,6,donor_latent,12,12,0,0,1.0,0.7478258668930629,0.9298106278503865,0.9671424799854856,0.18060070309953646,0.24058755459866998,0.18962440882213313
libero_object_task08_state006_wait30,libero_object,8,6,donor_cache,12,12,0,0,1.0,0.7478258668930629,0.9298106278503865,0.9671424799854856,0.18060070309953646,0.24058755459866998,0.18962440882213313
libero_object_task09_state004_wait30,libero_object,9,4,first_frame,12,12,0,0,0.25,-0.0055550633599126265,0.4364325098620745,0.42923636819733907,0.7212466418631638,0.7885102726091721,0.9243582180343748
libero_object_task09_state004_wait30,libero_object,9,4,wrong_latent,12,12,0,0,0.0,0.009127662527342872,0.47018281224559694,0.4866781992221991,0.7611907398001173,0.8293946654213018,0.9112404337050238
libero_object_task09_state004_wait30,libero_object,9,4,shuffled_cache,12,12,0,0,0.25,-11.554834941439067,0.4564743278656034,0.03788808148501034,11.491318907166686,12.519319321717918,11.523727749817473
libero_object_task09_state004_wait30,libero_object,9,4,donor_latent,12,12,0,0,1.0,0.7964881464026212,0.9394358404785818,0.979278337091743,0.17845728538925196,0.1937004458851539,0.1877106681696283
libero_object_task09_state004_wait30,libero_object,9,4,donor_cache,12,12,0,0,1.0,0.7964881464026212,0.9394358404785818,0.979278337091743,0.17845728538925196,0.1937004458851539,0.1877106681696283
libero_object_task09_state005_wait30,libero_object,9,5,first_frame,12,12,0,0,0.08333333333333333,-0.12283814721417889,0.4150329754293694,0.3922581699725292,0.7587802587994877,0.9429519524941411,0.9051201151569837
libero_object_task09_state005_wait30,libero_object,9,5,wrong_latent,12,12,0,0,0.0,0.04503741658262031,0.46626162923507275,0.507576466922637,0.6346688446279646,0.7889931035166499,0.7694452490717582
libero_object_task09_state005_wait30,libero_object,9,5,shuffled_cache,12,12,0,0,0.25,-12.055898947704819,0.4470058934033047,0.05116304828144017,10.438009192238484,12.997571368261625,10.484318951821143
libero_object_task09_state005_wait30,libero_object,9,5,donor_latent,12,12,0,0,1.0,0.7642508248410388,0.925575968386514,0.9716580726789399,0.18026120668483028,0.22346138637680757,0.19010483200047334
libero_object_task09_state005_wait30,libero_object,9,5,donor_cache,12,12,0,0,1.0,0.7642508248410388,0.925575968386514,0.9716580726789399,0.18026120668483028,0.22346138637680757,0.19010483200047334
libero_object_task09_state006_wait30,libero_object,9,6,first_frame,12,12,0,0,0.16666666666666666,0.16257617829338555,0.4092885816985905,0.5600349621616446,0.4074071836686291,0.5664991161668272,0.6138148320995355
libero_object_task09_state006_wait30,libero_object,9,6,wrong_latent,12,12,0,0,0.0,0.05544998037542615,0.46361258239435615,0.49472197051177197,0.5202098965521569,0.7370401043322315,0.6797688496417832
libero_object_task09_state006_wait30,libero_object,9,6,shuffled_cache,12,12,0,0,0.25,-15.248757550517894,0.49563249804128945,0.029260595820449393,11.591622280596603,16.216393780806495,11.615064324973055
libero_object_task09_state006_wait30,libero_object,9,6,donor_latent,12,12,0,0,1.0,0.7496721391733159,0.9278571341757114,0.9670533766435506,0.17151570937729008,0.23754401257599111,0.18000427740251526
libero_object_task09_state006_wait30,libero_object,9,6,donor_cache,12,12,0,0,1.0,0.7496721391733159,0.9278571341757114,0.9670533766435506,0.17151570937729008,0.23754401257599111,0.18000427740251526
libero_goal_task00_state004_wait30,libero_goal,0,4,first_frame,12,12,0,0,0.08333333333333333,-0.501662703953196,0.2745463068535587,0.18685369532153848,0.6475956302291486,1.2675787139678663,0.7769557684340808
libero_goal_task00_state004_wait30,libero_goal,0,4,wrong_latent,12,12,0,0,0.0,-0.10920711122864207,0.41181859324102227,0.40117002085254616,0.4340599417028401,0.8819083839887311,0.5600221116178762
libero_goal_task00_state004_wait30,libero_goal,0,4,shuffled_cache,12,12,0,0,0.25,-9.404788340356044,0.3308798756748574,0.050051783320198356,5.159155468230681,10.359066666259006,5.184631497719608
libero_goal_task00_state004_wait30,libero_goal,0,4,donor_latent,12,12,0,0,1.0,0.6179706580095115,0.8238982199878261,0.9227588907529797,0.17214631882577267,0.33684961271121416,0.19574764454451402
libero_goal_task00_state004_wait30,libero_goal,0,4,donor_cache,12,12,0,0,1.0,0.6179706580095115,0.8238982199878261,0.9227588907529797,0.17214631882577267,0.33684961271121416,0.19574764454451402
libero_goal_task00_state005_wait30,libero_goal,0,5,first_frame,12,12,0,0,0.08333333333333333,-0.15107734819455523,0.2922023826616747,0.30612540867400534,0.49236138202098073,0.8787718122638797,0.6506844319558643
libero_goal_task00_state005_wait30,libero_goal,0,5,wrong_latent,12,12,0,0,0.0,0.04246106140778033,0.4091487313440881,0.4850082579464104,0.41388583075829816,0.7392454099524682,0.5411134065008215
libero_goal_task00_state005_wait30,libero_goal,0,5,shuffled_cache,12,12,0,0,0.16666666666666666,-8.419604524992211,0.2896180601888429,0.0328354920666086,5.262254913336672,9.262030674075104,5.353828994318644
libero_goal_task00_state005_wait30,libero_goal,0,5,donor_latent,12,12,0,0,1.0,0.6477038815676098,0.8179343818685701,0.9380575067655809,0.1657254967915244,0.29562950165236007,0.19856823930773004
libero_goal_task00_state005_wait30,libero_goal,0,5,donor_cache,12,12,0,0,1.0,0.6477038815676098,0.8179343818685701,0.9380575067655809,0.1657254967915244,0.29562950165236007,0.19856823930773004
libero_goal_task00_state006_wait30,libero_goal,0,6,first_frame,12,12,0,0,0.16666666666666666,-0.4565709154192432,0.43494866005340543,0.2842653912620865,0.8349458460163911,1.2742306885409969,0.9649142427235419
libero_goal_task00_state006_wait30,libero_goal,0,6,wrong_latent,12,12,0,0,0.0,0.03419747215504206,0.46030092028346314,0.4934087270074719,0.5083288225114023,0.7778619272643099,0.6384105036523843
libero_goal_task00_state006_wait30,libero_goal,0,6,shuffled_cache,12,12,0,0,0.25,-4.98303568169863,0.4162364050902397,0.0709837024104429,3.847547524563002,5.853035503254272,3.9302060969511636
libero_goal_task00_state006_wait30,libero_goal,0,6,donor_latent,12,12,0,0,1.0,0.6779667995301873,0.920541224481703,0.946955457233198,0.20179600020924027,0.30905981997609894,0.21094354200867574
libero_goal_task00_state006_wait30,libero_goal,0,6,donor_cache,12,12,0,0,1.0,0.6779667995301873,0.920541224481703,0.946955457233198,0.20179600020924027,0.30905981997609894,0.21094354200867574
libero_goal_task01_state004_wait30,libero_goal,1,4,first_frame,12,12,0,0,0.25,-0.36284660340284275,0.3322520516606741,0.24468896782523997,0.6153981001796377,1.1434722451835897,0.7370867248483034
libero_goal_task01_state004_wait30,libero_goal,1,4,wrong_latent,12,12,0,0,0.0,0.04386534730525726,0.4052162745287056,0.4818612252326197,0.3743371229206074,0.7124743510855941,0.5092974312947712
libero_goal_task01_state004_wait30,libero_goal,1,4,shuffled_cache,12,12,0,0,0.08333333333333333,-20.460522002121277,0.4342099180541996,0.021628189397225727,11.51526084862087,21.450471866710874,11.520631809044682
libero_goal_task01_state004_wait30,libero_goal,1,4,donor_latent,12,12,0,0,1.0,0.5952756790775904,0.8099431532691,0.9136839983214383,0.19171031264025307,0.35554837497541586,0.21755924937575388
libero_goal_task01_state004_wait30,libero_goal,1,4,donor_cache,12,12,0,0,1.0,0.5952756790775904,0.8099431532691,0.9136839983214383,0.19171031264025307,0.35554837497541586,0.21755924937575388
libero_goal_task01_state005_wait30,libero_goal,1,5,first_frame,12,12,0,0,0.25,-0.3301055733616665,0.3995688959827919,0.30357186298101235,0.7221444723781203,1.1414292680018872,0.8423352402630133
libero_goal_task01_state005_wait30,libero_goal,1,5,wrong_latent,12,12,0,0,0.0,-0.014630130463257701,0.44100680926198615,0.4567707220629475,0.5220086928986798,0.8296236399006459,0.642148972213381
libero_goal_task01_state005_wait30,libero_goal,1,5,shuffled_cache,12,12,0,0,0.25,-18.013516979566617,0.37763404413576923,0.019007872669375907,11.88377141889116,18.873123358715056,11.972406855468792
libero_goal_task01_state005_wait30,libero_goal,1,5,donor_latent,12,12,0,0,1.0,0.6454235561847917,0.8788502026087435,0.9346526027655783,0.2108945472952771,0.331987072725743,0.22538005607024067
libero_goal_task01_state005_wait30,libero_goal,1,5,donor_cache,12,12,0,0,1.0,0.6454235561847917,0.8788502026087435,0.9346526027655783,0.2108945472952771,0.331987072725743,0.22538005607024067
libero_goal_task01_state006_wait30,libero_goal,1,6,first_frame,12,12,0,0,0.16666666666666666,-0.3418563387008982,0.2944086686675825,0.2029836806591552,0.6388858263267555,1.0381409269361612,0.8329601206764274
libero_goal_task01_state006_wait30,libero_goal,1,6,wrong_latent,12,12,0,0,0.0,0.01421684754386951,0.4031594553174788,0.4553988542832135,0.4665019245190558,0.7601024002064941,0.6091113556611384
libero_goal_task01_state006_wait30,libero_goal,1,6,shuffled_cache,12,12,0,0,0.25,-18.481009449173154,0.40665350116821825,0.018908137746671393,12.01907369263976,19.410988935860676,12.061417472700896
libero_goal_task01_state006_wait30,libero_goal,1,6,donor_latent,12,12,0,0,1.0,0.635964502407934,0.8064199479649466,0.9334736354199963,0.189771781435667,0.3062246137103864,0.2257982550453176
libero_goal_task01_state006_wait30,libero_goal,1,6,donor_cache,12,12,0,0,1.0,0.635964502407934,0.8064199479649466,0.9334736354199963,0.189771781435667,0.3062246137103864,0.2257982550453176
libero_goal_task02_state004_wait30,libero_goal,2,4,first_frame,12,12,0,0,0.08333333333333333,-0.26157815513453037,0.36890852282869435,0.37071261133428796,1.3866009131788546,0.9599033154058887,2.1944200128124316
libero_goal_task02_state004_wait30,libero_goal,2,4,wrong_latent,12,12,0,0,0.0,-0.6396035026953549,0.4695458455331165,0.39911202580837757,1.4324246937977867,1.3596725748370018,2.2190427638606303
libero_goal_task02_state004_wait30,libero_goal,2,4,shuffled_cache,12,12,0,0,0.3333333333333333,-5.319710703548034,0.406984722659306,0.07989645894888034,10.096842415265387,6.223795926228952,10.280491249477292
libero_goal_task02_state004_wait30,libero_goal,2,4,donor_latent,12,12,0,0,1.0,0.8387797389311697,0.9390472460566851,0.9798338176974691,0.23590205383091,0.14640985319170674,0.2490112495638176
libero_goal_task02_state004_wait30,libero_goal,2,4,donor_cache,12,12,0,0,1.0,0.8387797389311697,0.9390472460566851,0.9798338176974691,0.23590205383091,0.14640985319170674,0.2490112495638176
libero_goal_task02_state005_wait30,libero_goal,2,5,first_frame,12,12,0,0,0.16666666666666666,-0.15475263954242088,0.2873839875504434,0.3163584297050679,0.9453407518252548,0.8127851565851708,1.706238540343045
libero_goal_task02_state005_wait30,libero_goal,2,5,wrong_latent,12,12,0,0,0.0,-1.1553891239964584,0.42927497927789476,0.3673585938140898,1.2645631635473913,1.8777380804149775,1.9285394403459701
libero_goal_task02_state005_wait30,libero_goal,2,5,shuffled_cache,12,12,0,0,0.16666666666666666,-9.97605594126377,0.15581379316173646,0.02206876721855246,10.291788131380562,10.848564022390052,10.5290810276603
libero_goal_task02_state005_wait30,libero_goal,2,5,donor_latent,12,12,0,0,1.0,0.7303157271189328,0.8560320511029764,0.941815612157638,0.2258244441674346,0.22031224665697846,0.25397086154970394
libero_goal_task02_state005_wait30,libero_goal,2,5,donor_cache,12,12,0,0,1.0,0.7303157271189328,0.8560320511029764,0.941815612157638,0.2258244441674346,0.22031224665697846,0.25397086154970394
libero_goal_task02_state006_wait30,libero_goal,2,6,first_frame,12,12,0,0,0.08333333333333333,-3.6668544546034023,0.32560310277005344,0.08076622444476539,2.683280078288399,4.616537114012124,2.7124319930390115
libero_goal_task02_state006_wait30,libero_goal,2,6,wrong_latent,12,12,0,0,0.0,-0.003335574689713433,0.38063600931015046,0.4261315412541456,0.4303596295713352,0.7546610187450439,0.5762181767374683
libero_goal_task02_state006_wait30,libero_goal,2,6,shuffled_cache,12,12,0,0,0.25,-11.802625859428185,0.38549536943186946,0.03281987559531645,7.309152037659778,12.751099691121787,7.33953596348482
libero_goal_task02_state006_wait30,libero_goal,2,6,donor_latent,12,12,0,0,1.0,0.5727059488139953,0.7618350166034205,0.9026021037378933,0.20253443654270786,0.35116529861535345,0.245401778187993
libero_goal_task02_state006_wait30,libero_goal,2,6,donor_cache,12,12,0,0,1.0,0.5727059488139953,0.7618350166034205,0.9026021037378933,0.20253443654270786,0.35116529861535345,0.245401778187993
libero_goal_task03_state004_wait30,libero_goal,3,4,first_frame,12,12,0,0,0.08333333333333333,-0.6932795100303754,0.26129868153216523,0.17401579572316014,0.7523168659446675,1.5075412434386255,0.8478691960364321
libero_goal_task03_state004_wait30,libero_goal,3,4,wrong_latent,12,12,0,0,0.0,-0.03605562781433156,0.35133422058256786,0.38600212302958065,0.38979058138662,0.7818365947860694,0.5192517040691829
libero_goal_task03_state004_wait30,libero_goal,3,4,shuffled_cache,12,12,0,0,0.25,-22.215554307825432,0.3875091931799908,0.01985999639113294,11.615767373649748,23.183368827945298,11.631533681982875
libero_goal_task03_state004_wait30,libero_goal,3,4,donor_latent,12,12,0,0,1.0,0.49719305839701544,0.7043993962680917,0.8604271416104828,0.20205851135998268,0.40561169326721197,0.25062702369212825
libero_goal_task03_state004_wait30,libero_goal,3,4,donor_cache,12,12,0,0,1.0,0.49719305839701544,0.7043993962680917,0.8604271416104828,0.20205851135998268,0.40561169326721197,0.25062702369212825
libero_goal_task03_state005_wait30,libero_goal,3,5,first_frame,12,12,0,0,0.25,-0.47739569855846,0.35596244857380094,0.25170606314320026,0.9602445606636882,1.3045824894008264,1.0896682477130815
libero_goal_task03_state005_wait30,libero_goal,3,5,wrong_latent,12,12,0,0,0.0,-0.027755083965071398,0.4212592228001686,0.4372540195978225,0.6034593899169897,0.8261985563145299,0.755733304450047
libero_goal_task03_state005_wait30,libero_goal,3,5,shuffled_cache,12,12,0,0,0.25,-13.15985477562304,0.3227013201791274,0.01874515166655107,10.34494308391124,14.110910584370316,10.380861963938365
libero_goal_task03_state005_wait30,libero_goal,3,5,donor_latent,12,12,0,0,1.0,0.6314124417441878,0.8362806306308626,0.9284458104483392,0.24267425959735345,0.3296728773488103,0.27139431903375016
libero_goal_task03_state005_wait30,libero_goal,3,5,donor_cache,12,12,0,0,1.0,0.6314124417441878,0.8362806306308626,0.9284458104483392,0.24267425959735345,0.3296728773488103,0.27139431903375016
libero_goal_task03_state006_wait30,libero_goal,3,6,first_frame,12,12,0,0,0.25,-0.4021689064800937,0.3299101840243404,0.2580377061466726,0.8528124205223429,1.193501363893532,1.009176527731046
libero_goal_task03_state006_wait30,libero_goal,3,6,wrong_latent,12,12,0,0,0.0,-0.04420368662157597,0.41033547782792495,0.41835033110987224,0.5764913409410687,0.818854129264479,0.7473579198578967
libero_goal_task03_state006_wait30,libero_goal,3,6,shuffled_cache,12,12,0,0,0.16666666666666666,-13.07982220221016,0.4435466406555682,0.03069397096429552,10.160734009944507,14.061193324756573,10.175262242742162
libero_goal_task03_state006_wait30,libero_goal,3,6,donor_latent,12,12,0,0,1.0,0.6724982323654233,0.8199883456958599,0.9447298608753479,0.19604568492695607,0.271625924510892,0.2344352969668345
libero_goal_task03_state006_wait30,libero_goal,3,6,donor_cache,12,12,0,0,1.0,0.6724982323654233,0.8199883456958599,0.9447298608753479,0.19604568492695607,0.271625924510892,0.2344352969668345
libero_goal_task04_state004_wait30,libero_goal,4,4,first_frame,12,12,0,0,0.25,-2.1951806593460037,0.36664428486144635,0.12448162603087305,2.1020249454626323,3.1214830990546076,2.1538602284453705
libero_goal_task04_state004_wait30,libero_goal,4,4,wrong_latent,12,12,0,0,0.0,-0.019016169321893834,0.4104725066424361,0.4035971471081293,0.5129818825322502,0.7667158459087223,0.6934934686771034
libero_goal_task04_state004_wait30,libero_goal,4,4,shuffled_cache,12,12,0,0,0.25,-15.785725825362249,0.40851109346114023,0.02585913397253665,11.321090210084988,16.76554773040377,11.335523130251547
libero_goal_task04_state004_wait30,libero_goal,4,4,donor_latent,12,12,0,0,1.0,0.6343891412955277,0.8149049373691998,0.9309788827844948,0.21418720193257565,0.3101852431666432,0.24924526815009465
libero_goal_task04_state004_wait30,libero_goal,4,4,donor_cache,12,12,0,0,1.0,0.6343891412955277,0.8149049373691998,0.9309788827844948,0.21418720193257565,0.3101852431666432,0.24924526815009465
libero_goal_task04_state005_wait30,libero_goal,4,5,first_frame,12,12,0,0,0.25,-2.2557416183366876,0.42156536563376634,0.2015933521301649,2.5503502654659362,3.125435767567975,2.756096731437293
libero_goal_task04_state005_wait30,libero_goal,4,5,wrong_latent,12,12,0,0,0.0,-0.8394886316472713,0.4341664878480184,0.39525312096391335,0.9758031524038947,1.577502726229312,1.4219479749898998
libero_goal_task04_state005_wait30,libero_goal,4,5,shuffled_cache,12,12,0,0,0.16666666666666666,-12.407930903966957,0.3695871676088172,0.04138622685851175,11.300944257716102,13.328804639729697,11.385593106701071
libero_goal_task04_state005_wait30,libero_goal,4,5,donor_latent,12,12,0,0,1.0,0.7131653681920627,0.8604781437664165,0.9382227051709217,0.21243324033342573,0.24437069104165196,0.23517284744570313
libero_goal_task04_state005_wait30,libero_goal,4,5,donor_cache,12,12,0,0,1.0,0.7131653681920627,0.8604781437664165,0.9382227051709217,0.21243324033342573,0.24437069104165196,0.23517284744570313
libero_goal_task04_state006_wait30,libero_goal,4,6,first_frame,12,12,0,0,0.3333333333333333,0.007332031705021003,0.6359522047057746,0.6462785448637834,1.31507306149928,0.8778845503138205,1.6023620078568
libero_goal_task04_state006_wait30,libero_goal,4,6,wrong_latent,12,12,0,0,0.08333333333333333,-0.3437677041600548,0.4879458050964933,0.40054366618692566,1.5809834446336988,1.1059143756397696,2.177786063403888
libero_goal_task04_state006_wait30,libero_goal,4,6,shuffled_cache,12,12,0,0,0.4166666666666667,-5.687356732373672,0.5795526031916381,0.11206453977155222,11.392289794289576,6.6493233876024815,11.476259586437811
libero_goal_task04_state006_wait30,libero_goal,4,6,donor_latent,12,12,0,0,0.9166666666666666,0.8038368207929066,0.9361622451704134,0.9624245000828746,0.3484248640620884,0.17793811761906544,0.397796254653569
libero_goal_task04_state006_wait30,libero_goal,4,6,donor_cache,12,12,0,0,0.9166666666666666,0.8038368207929066,0.9361622451704134,0.9624245000828746,0.3484248640620884,0.17793811761906544,0.397796254653569
libero_goal_task05_state004_wait30,libero_goal,5,4,first_frame,12,12,0,0,0.16666666666666666,-0.22905387411496625,0.3300978485955708,0.2647501962620916,0.5881664477090829,0.9766794372856769,0.7474688386161619
libero_goal_task05_state004_wait30,libero_goal,5,4,wrong_latent,12,12,0,0,0.0,-0.0683451112145415,0.40659847464436877,0.41037453628656423,0.49346766160762573,0.8428667948641267,0.636222109406679
libero_goal_task05_state004_wait30,libero_goal,5,4,shuffled_cache,12,12,0,0,0.25,-6.326726937327781,0.376986355006447,0.06166519872096457,4.29285074369765,7.266883117995973,4.330315469170208
libero_goal_task05_state004_wait30,libero_goal,5,4,donor_latent,12,12,0,0,1.0,0.643342353693978,0.8120788325076423,0.9339747146048732,0.17938024816679873,0.3014058726230224,0.21264039908590981
libero_goal_task05_state004_wait30,libero_goal,5,4,donor_cache,12,12,0,0,1.0,0.643342353693978,0.8120788325076423,0.9339747146048732,0.17938024816679873,0.3014058726230224,0.21264039908590981
libero_goal_task05_state005_wait30,libero_goal,5,5,first_frame,12,12,0,0,0.25,-0.297403250065659,0.3654406552956479,0.3044029254506915,0.7219180261014736,1.1068661641034303,0.8535424531644248
libero_goal_task05_state005_wait30,libero_goal,5,5,wrong_latent,12,12,0,0,0.0,-0.02718685393073746,0.4220037719941068,0.4494791786834569,0.5151949336038527,0.8135388345862656,0.6654166212518945
libero_goal_task05_state005_wait30,libero_goal,5,5,shuffled_cache,12,12,0,0,0.16666666666666666,-5.445965289668485,0.47507130472894205,0.0776701262225903,4.238964822210941,6.413800351431598,4.2601098580881045
libero_goal_task05_state005_wait30,libero_goal,5,5,donor_latent,12,12,0,0,1.0,0.6534857526417615,0.8399332156116062,0.9371432004331721,0.1975208109230083,0.3046104288916502,0.226166859040152
libero_goal_task05_state005_wait30,libero_goal,5,5,donor_cache,12,12,0,0,1.0,0.6534857526417615,0.8399332156116062,0.9371432004331721,0.1975208109230083,0.3046104288916502,0.226166859040152
libero_goal_task05_state006_wait30,libero_goal,5,6,first_frame,12,12,0,0,0.25,-0.12745425740970198,0.3398349880841118,0.33854374458068026,0.5071191272534419,0.8940951446007018,0.6416033568458014
libero_goal_task05_state006_wait30,libero_goal,5,6,wrong_latent,12,12,0,0,0.0,0.015252576022631767,0.40352337890812723,0.45428997359135687,0.4068362754883952,0.7348591153700887,0.5515089166073855
libero_goal_task05_state006_wait30,libero_goal,5,6,shuffled_cache,12,12,0,0,0.16666666666666666,-5.836641054371704,0.3548539718175911,0.05145009975350013,3.820803379288696,6.791831692404112,3.8478027583208543
libero_goal_task05_state006_wait30,libero_goal,5,6,donor_latent,12,12,0,0,1.0,0.6037615438925763,0.801404689575748,0.9169003139778372,0.1932475561122964,0.34270002708691377,0.2233392043659169
libero_goal_task05_state006_wait30,libero_goal,5,6,donor_cache,12,12,0,0,1.0,0.6037615438925763,0.801404689575748,0.9169003139778372,0.1932475561122964,0.34270002708691377,0.2233392043659169
libero_goal_task06_state004_wait30,libero_goal,6,4,first_frame,12,12,0,0,0.25,-0.7327011732817894,0.3698387724974463,0.20379688816527422,0.824412749402161,1.5395406883070102,0.9332074728436069
libero_goal_task06_state004_wait30,libero_goal,6,4,wrong_latent,12,12,0,0,0.0,0.04775863719179133,0.4126010343799933,0.47770894341302106,0.3970994704888731,0.7366775650304788,0.5187576602026754
libero_goal_task06_state004_wait30,libero_goal,6,4,shuffled_cache,12,12,0,0,0.25,-21.13266459589147,0.33850591984048023,0.017803098621371815,11.887361287130775,22.096455054308777,11.906649621335681
libero_goal_task06_state004_wait30,libero_goal,6,4,donor_latent,12,12,0,0,1.0,0.5352355926144498,0.8230658250427291,0.888915454219881,0.22762377451992688,0.4205784087797247,0.2522734184350487
libero_goal_task06_state004_wait30,libero_goal,6,4,donor_cache,12,12,0,0,1.0,0.5352355926144498,0.8230658250427291,0.888915454219881,0.22762377451992688,0.4205784087797247,0.2522734184350487
libero_goal_task06_state005_wait30,libero_goal,6,5,first_frame,12,12,0,0,0.25,-1.0087719435966627,0.2912971603495236,0.14521851475063643,0.9980594228342617,1.8117583691473884,1.1125654780882697
libero_goal_task06_state005_wait30,libero_goal,6,5,wrong_latent,12,12,0,0,0.0,0.023669259205429904,0.3938092033159446,0.45530407560079383,0.4025884114278629,0.7377946846379225,0.5405931869085593
libero_goal_task06_state005_wait30,libero_goal,6,5,shuffled_cache,12,12,0,0,0.25,-20.784723587065514,0.33431246290640804,0.015552442462879025,11.99945986191598,21.729551260495924,12.028745048920536
libero_goal_task06_state005_wait30,libero_goal,6,5,donor_latent,12,12,0,0,1.0,0.5768967928237692,0.7725117764338335,0.9087222815619685,0.19510675037999578,0.3520785505925643,0.23603780913106912
libero_goal_task06_state005_wait30,libero_goal,6,5,donor_cache,12,12,0,0,1.0,0.5768967928237692,0.7725117764338335,0.9087222815619685,0.19510675037999578,0.3520785505925643,0.23603780913106912
libero_goal_task06_state006_wait30,libero_goal,6,6,first_frame,12,12,0,0,0.08333333333333333,-0.8374415128477112,0.3699485848933537,0.21778108011946085,0.8337425223781924,1.709995772896619,0.8988890079746271
libero_goal_task06_state006_wait30,libero_goal,6,6,wrong_latent,12,12,0,0,0.0,0.004804094319404641,0.407763726369664,0.4340631238598423,0.3698717121798234,0.7613471074730714,0.4908879157898067
libero_goal_task06_state006_wait30,libero_goal,6,6,shuffled_cache,12,12,0,0,0.25,-24.06797503142077,0.3969999684926253,0.016353638052486155,12.1971157210655,25.034411038084613,12.211012621594838
libero_goal_task06_state006_wait30,libero_goal,6,6,donor_latent,12,12,0,0,1.0,0.5258074209650397,0.8142886327124885,0.8847471627871076,0.207546408366863,0.42683971294557943,0.23173479928043175
libero_goal_task06_state006_wait30,libero_goal,6,6,donor_cache,12,12,0,0,1.0,0.5258074209650397,0.8142886327124885,0.8847471627871076,0.207546408366863,0.42683971294557943,0.23173479928043175
libero_goal_task07_state004_wait30,libero_goal,7,4,first_frame,12,12,0,0,0.25,-0.8205966172440267,0.2798728444978966,0.1600873204063508,0.9228705025147618,1.623293914882742,1.0356360237380013
libero_goal_task07_state004_wait30,libero_goal,7,4,wrong_latent,12,12,0,0,0.0,0.08264015704907016,0.4025919647351642,0.49281979266979214,0.3844494232401961,0.679133485403764,0.52169776102102
libero_goal_task07_state004_wait30,libero_goal,7,4,shuffled_cache,12,12,0,0,0.25,-19.879732117650892,0.3244027733713413,0.016711221248896894,11.814691913752403,20.853122501242428,11.830034592808
libero_goal_task07_state004_wait30,libero_goal,7,4,donor_latent,12,12,0,0,1.0,0.6398035362259124,0.8021552646829582,0.9388683114157116,0.16810617094867897,0.29277035530611234,0.20571134338171648
libero_goal_task07_state004_wait30,libero_goal,7,4,donor_cache,12,12,0,0,1.0,0.6398035362259124,0.8021552646829582,0.9388683114157116,0.16810617094867897,0.29277035530611234,0.20571134338171648
libero_goal_task07_state005_wait30,libero_goal,7,5,first_frame,12,12,0,0,0.16666666666666666,-0.25732925847850346,0.3849443228682594,0.3324073269534254,0.7425809226872316,1.090047431109834,0.8578998089636056
libero_goal_task07_state005_wait30,libero_goal,7,5,wrong_latent,12,12,0,0,0.0,0.011111650631343886,0.43477085762859,0.47046000205129496,0.5467291950432868,0.803288140816769,0.6751631041125924
libero_goal_task07_state005_wait30,libero_goal,7,5,shuffled_cache,12,12,0,0,0.25,-16.04034683831303,0.4979289654253192,0.037955138188150835,11.615854044358136,16.955523853518343,11.673064852617662
libero_goal_task07_state005_wait30,libero_goal,7,5,donor_latent,12,12,0,0,1.0,0.6854904318683047,0.8653081582138186,0.949737261851021,0.19282595237370567,0.28263441942680717,0.21478546816308186
libero_goal_task07_state005_wait30,libero_goal,7,5,donor_cache,12,12,0,0,1.0,0.6854904318683047,0.8653081582138186,0.949737261851021,0.19282595237370567,0.28263441942680717,0.21478546816308186
libero_goal_task07_state006_wait30,libero_goal,7,6,first_frame,12,12,0,0,0.08333333333333333,-0.9043632705240471,0.28077803994452516,0.15233078428872399,1.0140185713702485,1.6925331087097992,1.1463273148720348
libero_goal_task07_state006_wait30,libero_goal,7,6,wrong_latent,12,12,0,0,0.0,0.08085912928986173,0.41188433138826525,0.5029815752815313,0.413286012266288,0.6918592477525185,0.5533540966145708
libero_goal_task07_state006_wait30,libero_goal,7,6,shuffled_cache,12,12,0,0,0.16666666666666666,-19.0921485175871,0.41138090663078275,0.021107091758332582,12.0378826945504,20.069203729736742,12.0515664335393
libero_goal_task07_state006_wait30,libero_goal,7,6,donor_latent,12,12,0,0,1.0,0.6610623707682666,0.8149814557943437,0.9448677399259214,0.17009416411512493,0.2812309658969226,0.20540975088883673
libero_goal_task07_state006_wait30,libero_goal,7,6,donor_cache,12,12,0,0,1.0,0.6610623707682666,0.8149814557943437,0.9448677399259214,0.17009416411512493,0.2812309658969226,0.20540975088883673
libero_goal_task08_state004_wait30,libero_goal,8,4,first_frame,12,12,0,0,0.25,-0.059273153761482344,0.4163024481777107,0.4387273191606223,0.5988890105653912,0.8646918362606933,0.7444236700519059
libero_goal_task08_state004_wait30,libero_goal,8,4,wrong_latent,12,12,0,0,0.0,0.002060925061262949,0.4427727382372118,0.47644088169613497,0.5409982366091394,0.7891016569864518,0.6951802654729983
libero_goal_task08_state004_wait30,libero_goal,8,4,shuffled_cache,12,12,0,0,0.25,-14.699438216366493,0.3799053745735783,0.014874487428619238,11.05021287288448,15.602011277420587,11.118146640937608
libero_goal_task08_state004_wait30,libero_goal,8,4,donor_latent,12,12,0,0,1.0,0.6579172618265205,0.8859579260701803,0.939493048192977,0.2257787201503648,0.32055834281932666,0.2421134196845186
libero_goal_task08_state004_wait30,libero_goal,8,4,donor_cache,12,12,0,0,1.0,0.6579172618265205,0.8859579260701803,0.939493048192977,0.2257787201503648,0.32055834281932666,0.2421134196845186
libero_goal_task08_state005_wait30,libero_goal,8,5,first_frame,12,12,0,0,0.08333333333333333,-0.32999907976495074,0.2630872201706322,0.2316364839484497,0.5761065733784009,1.095382380598348,0.7029537227184691
libero_goal_task08_state005_wait30,libero_goal,8,5,wrong_latent,12,12,0,0,0.0,0.029293048820245027,0.37593141145286935,0.4495815311525659,0.3789755940680711,0.7274018456033525,0.510341937205624
libero_goal_task08_state005_wait30,libero_goal,8,5,shuffled_cache,12,12,0,0,0.16666666666666666,-21.51076463388586,0.10290070826613125,0.001366816767488159,11.852600570088931,22.43370692706415,11.889849554682387
libero_goal_task08_state005_wait30,libero_goal,8,5,donor_latent,12,12,0,0,1.0,0.5643112940715919,0.7478970713639371,0.9031604160277694,0.18637156940657737,0.35371213225811876,0.2306841568446132
libero_goal_task08_state005_wait30,libero_goal,8,5,donor_cache,12,12,0,0,1.0,0.5643112940715919,0.7478970713639371,0.9031604160277694,0.18637156940657737,0.35371213225811876,0.2306841568446132
libero_goal_task08_state006_wait30,libero_goal,8,6,first_frame,12,12,0,0,0.25,-0.2962263599117385,0.33903184171605133,0.28751036645932865,0.6768297700952361,1.0844413084235642,0.8175699789981471
libero_goal_task08_state006_wait30,libero_goal,8,6,wrong_latent,12,12,0,0,0.0,-0.011942832283314442,0.40636059872001695,0.44056134249719864,0.4893353485127549,0.7877285908608949,0.6372460577578706
libero_goal_task08_state006_wait30,libero_goal,8,6,shuffled_cache,12,12,0,0,0.25,-18.204739805055322,0.37336539407704783,0.020223852812790478,12.029774368700567,19.152382513794016,12.06353223508181
libero_goal_task08_state006_wait30,libero_goal,8,6,donor_latent,12,12,0,0,1.0,0.634355435720651,0.8042389541717516,0.9307242237537064,0.1924147060036646,0.30634848399190945,0.23019548145563415
libero_goal_task08_state006_wait30,libero_goal,8,6,donor_cache,12,12,0,0,1.0,0.634355435720651,0.8042389541717516,0.9307242237537064,0.1924147060036646,0.30634848399190945,0.23019548145563415
libero_goal_task09_state004_wait30,libero_goal,9,4,first_frame,12,12,0,0,0.16666666666666666,-0.22043786895356285,0.36376552436529025,0.3869474153297587,0.9273537298369993,1.0152898777214865,1.1557816792367508
libero_goal_task09_state004_wait30,libero_goal,9,4,wrong_latent,12,12,0,0,0.0,-0.1443399925034056,0.44737314026242014,0.4206839196649601,0.6491643735316476,0.8094750031652325,1.0176344092535772
libero_goal_task09_state004_wait30,libero_goal,9,4,shuffled_cache,12,12,0,0,0.16666666666666666,-9.887674334110487,0.43901225668240595,0.05601328523191148,10.10374715877868,10.868779865832423,10.125341111653178
libero_goal_task09_state004_wait30,libero_goal,9,4,donor_latent,12,12,0,0,1.0,0.7332210457135827,0.8903280529054656,0.9584541104110702,0.22813365656504536,0.24115378337656865,0.24941401639740787
libero_goal_task09_state004_wait30,libero_goal,9,4,donor_cache,12,12,0,0,1.0,0.7332210457135827,0.8903280529054656,0.9584541104110702,0.22813365656504536,0.24115378337656865,0.24941401639740787
libero_goal_task09_state005_wait30,libero_goal,9,5,first_frame,12,12,0,0,0.16666666666666666,-0.25098760467501197,0.3685021888226488,0.3316266561107023,0.7057378945343115,1.0562509982618922,0.8497120281255671
libero_goal_task09_state005_wait30,libero_goal,9,5,wrong_latent,12,12,0,0,0.0,0.04863316792111785,0.4381819611342095,0.5005295448525316,0.4836293073349185,0.7285586609095004,0.6426365343379271
libero_goal_task09_state005_wait30,libero_goal,9,5,shuffled_cache,12,12,0,0,0.25,-15.205651820304576,0.4050210165595259,0.02988146433136597,10.942640439805063,16.189476816397967,10.953471146623807
libero_goal_task09_state005_wait30,libero_goal,9,5,donor_latent,12,12,0,0,1.0,0.6489480490162164,0.8750246229385531,0.9359443931996818,0.21900329744260297,0.3246470833162039,0.23785594866445525
libero_goal_task09_state005_wait30,libero_goal,9,5,donor_cache,12,12,0,0,1.0,0.6489480490162164,0.8750246229385531,0.9359443931996818,0.21900329744260297,0.3246470833162039,0.23785594866445525
libero_goal_task09_state006_wait30,libero_goal,9,6,first_frame,12,12,0,0,0.25,-1.0384899418863809,0.3888199714151029,0.11992614989571145,0.9828962519416221,1.6270145649967975,1.2674986138070015
libero_goal_task09_state006_wait30,libero_goal,9,6,wrong_latent,12,12,0,0,0.0,-0.1039140604660926,0.432394834438344,0.40004164900802097,0.5408433759927653,0.8796150100202039,0.6873416034160451
libero_goal_task09_state006_wait30,libero_goal,9,6,shuffled_cache,12,12,0,0,0.25,-14.79952687574301,0.3984154234701303,0.016150279281553853,10.027929106546296,15.747311832661282,10.058650298875277
libero_goal_task09_state006_wait30,libero_goal,9,6,donor_latent,12,12,0,0,1.0,0.6129413176101296,0.8669009002424041,0.9197841650688524,0.22151997830999484,0.35789767903197617,0.23947716364359137
libero_goal_task09_state006_wait30,libero_goal,9,6,donor_cache,12,12,0,0,1.0,0.6129413176101296,0.8669009002424041,0.9197841650688524,0.22151997830999484,0.35789767903197617,0.23947716364359137
libero_10_task00_state004_wait30,libero_10,0,4,first_frame,12,12,0,0,0.25,-0.9802397811670479,0.39909015790741614,0.19881322650499203,0.8536671558595917,1.815232288069453,0.9325645746159119
libero_10_task00_state004_wait30,libero_10,0,4,wrong_latent,12,12,0,0,0.0,-0.032201375985881936,0.4430808153813697,0.44843266035119406,0.33379900551771025,0.7411747665399594,0.48003246968362195
libero_10_task00_state004_wait30,libero_10,0,4,shuffled_cache,12,12,0,0,0.25,-20.70211594062189,0.4753617198851973,0.01843904257947879,9.920395669728196,21.666544797293067,9.941813157755073
libero_10_task00_state004_wait30,libero_10,0,4,donor_latent,12,12,0,0,1.0,0.6898979673770155,0.8859011473125302,0.9465283162662819,0.1338182095958288,0.2877088787283996,0.14419565440879953
libero_10_task00_state004_wait30,libero_10,0,4,donor_cache,12,12,0,0,1.0,0.6898979673770155,0.8859011473125302,0.9465283162662819,0.1338182095958288,0.2877088787283996,0.14419565440879953
libero_10_task00_state005_wait30,libero_10,0,5,first_frame,12,12,0,0,0.25,-0.3076055947526561,0.45837238652056583,0.36008631998853596,0.6045439708814786,1.1455782462854007,0.7033675368173814
libero_10_task00_state005_wait30,libero_10,0,5,wrong_latent,12,12,0,0,0.0,-0.08733722402898292,0.457186116071213,0.45286261774215436,0.4415181324125201,0.8800350462199126,0.5705455827929603
libero_10_task00_state005_wait30,libero_10,0,5,shuffled_cache,12,12,0,0,0.25,-13.735362853391079,0.4464950761631004,0.05782002091716921,8.09826892183599,14.702642878509627,8.115442144797651
libero_10_task00_state005_wait30,libero_10,0,5,donor_latent,12,12,0,0,1.0,0.7361568988962767,0.9131502899071138,0.9622812992829632,0.13485168096061925,0.24880995459372754,0.14306917694160023
libero_10_task00_state005_wait30,libero_10,0,5,donor_cache,12,12,0,0,1.0,0.7361568988962767,0.9131502899071138,0.9622812992829632,0.13485168096061925,0.24880995459372754,0.14306917694160023
libero_10_task00_state006_wait30,libero_10,0,6,first_frame,12,12,0,0,0.25,-1.0082202782472753,0.35089128129424346,0.1812300819818803,0.8364019676872433,1.8406099405182932,0.9156818998366774
libero_10_task00_state006_wait30,libero_10,0,6,wrong_latent,12,12,0,0,0.0,-0.010233944299777828,0.4266486241518512,0.4798134659926731,0.34807875820827383,0.7923077332499117,0.4538586836103163
libero_10_task00_state006_wait30,libero_10,0,6,shuffled_cache,12,12,0,0,0.16666666666666666,-20.3492715145518,0.45906556906615137,0.023865239244961322,10.092252904732176,21.325721644370486,10.10359250925138
libero_10_task00_state006_wait30,libero_10,0,6,donor_latent,12,12,0,0,1.0,0.6730355149775581,0.8594635084607462,0.9411512175846964,0.13305444389273516,0.29208958932542245,0.1477186352536731
libero_10_task00_state006_wait30,libero_10,0,6,donor_cache,12,12,0,0,1.0,0.6730355149775581,0.8594635084607462,0.9411512175846964,0.13305444389273516,0.29208958932542245,0.1477186352536731
libero_10_task01_state004_wait30,libero_10,1,4,first_frame,12,12,0,0,0.25,-0.5261469661250816,0.35955891925893596,0.24074804239122669,0.8094203459686967,1.3414470891356374,0.9241925686399838
libero_10_task01_state004_wait30,libero_10,1,4,wrong_latent,12,12,0,0,0.0,0.03176473525214204,0.42752606327359993,0.49073617994405233,0.4567729295926799,0.7680316316714432,0.5835299765498043
libero_10_task01_state004_wait30,libero_10,1,4,shuffled_cache,12,12,0,0,0.25,-18.846633573787386,0.45999194303236157,0.023267799713209764,11.990728554701457,19.833296026520852,11.99856212457455
libero_10_task01_state004_wait30,libero_10,1,4,donor_latent,12,12,0,0,1.0,0.6556756937065719,0.8477981316980258,0.9380096216448613,0.18491732894059656,0.30731677440847077,0.20778314405890672
libero_10_task01_state004_wait30,libero_10,1,4,donor_cache,12,12,0,0,1.0,0.6556756937065719,0.8477981316980258,0.9380096216448613,0.18491732894059656,0.30731677440847077,0.20778314405890672
libero_10_task01_state005_wait30,libero_10,1,5,first_frame,12,12,0,0,0.16666666666666666,-0.14991012133424195,0.3714202368519219,0.3728540046741044,0.657957656506963,0.939361917515996,0.8179117494499457
libero_10_task01_state005_wait30,libero_10,1,5,wrong_latent,12,12,0,0,0.0,0.027164609427714453,0.4294611793037458,0.4853982752734208,0.5356898760006246,0.765942455097652,0.6952568922112543
libero_10_task01_state005_wait30,libero_10,1,5,shuffled_cache,12,12,0,0,0.25,-15.613035923528882,0.4251527731652067,0.027977566098314758,11.652960613310418,16.598089994607236,11.663740805932413
libero_10_task01_state005_wait30,libero_10,1,5,donor_latent,12,12,0,0,1.0,0.6916038691270421,0.8539786565017051,0.9499506127516582,0.19015092463471925,0.2703735502917942,0.21755494200788186
libero_10_task01_state005_wait30,libero_10,1,5,donor_cache,12,12,0,0,1.0,0.6916038691270421,0.8539786565017051,0.9499506127516582,0.19015092463471925,0.2703735502917942,0.21755494200788186
libero_10_task01_state006_wait30,libero_10,1,6,first_frame,12,12,0,0,0.25,-0.36674013390449955,0.35861894760870755,0.2842284176959324,0.7654296738252228,1.1653560019506908,0.9052642193558046
libero_10_task01_state006_wait30,libero_10,1,6,wrong_latent,12,12,0,0,0.0,0.024688181705016538,0.4253064046360157,0.4997565420116867,0.4660034829999211,0.7433822489921939,0.6358371480229571
libero_10_task01_state006_wait30,libero_10,1,6,shuffled_cache,12,12,0,0,0.16666666666666666,-16.974519417871555,0.3905654802272767,0.021408866070588086,11.837369815430725,17.951972439933623,11.853776605652667
libero_10_task01_state006_wait30,libero_10,1,6,donor_latent,12,12,0,0,1.0,0.6692742142029816,0.8478377644311172,0.9403524330498586,0.19272011394836266,0.29232863400353093,0.2179495552783701
libero_10_task01_state006_wait30,libero_10,1,6,donor_cache,12,12,0,0,1.0,0.6692742142029816,0.8478377644311172,0.9403524330498586,0.19272011394836266,0.29232863400353093,0.2179495552783701
libero_10_task02_state004_wait30,libero_10,2,4,first_frame,12,12,0,0,0.0,-0.008003079406031871,0.3927046563494125,0.4673835043232435,0.459541098474527,0.7914314737486318,0.6000135756216051
libero_10_task02_state004_wait30,libero_10,2,4,wrong_latent,12,12,0,0,0.0,-0.05651260317335662,0.44643860065479696,0.46148684247136385,0.4677491499945379,0.8455779049295976,0.6087492448910831
libero_10_task02_state004_wait30,libero_10,2,4,shuffled_cache,12,12,0,0,0.25,-18.991800303150658,0.4719241952830279,0.025446053755627696,11.77825273524511,19.97643647186851,11.788124172097666
libero_10_task02_state004_wait30,libero_10,2,4,donor_latent,12,12,0,0,1.0,0.7489721721895094,0.8855297021084559,0.967601359605359,0.13302038359229065,0.2226031709859616,0.14918289603775658
libero_10_task02_state004_wait30,libero_10,2,4,donor_cache,12,12,0,0,1.0,0.7489721721895094,0.8855297021084559,0.967601359605359,0.13302038359229065,0.2226031709859616,0.14918289603775658
libero_10_task02_state005_wait30,libero_10,2,5,first_frame,12,12,0,0,0.25,-1.1085714901627377,0.3649968818540105,0.18149357776707284,0.7732258364387788,1.9869344076208832,0.8241903895843768
libero_10_task02_state005_wait30,libero_10,2,5,wrong_latent,12,12,0,0,0.0,-0.02860551492272828,0.418352823288988,0.44349325334415074,0.30532804571266253,0.7950608476127311,0.40121861342758325
libero_10_task02_state005_wait30,libero_10,2,5,shuffled_cache,12,12,0,0,0.25,-28.978740256488212,0.4796214278893836,0.016857770543997137,11.710289771114079,29.921361273101372,11.734226908760254
libero_10_task02_state005_wait30,libero_10,2,5,donor_latent,12,12,0,0,1.0,0.5619887221394552,0.8343356451588723,0.8955499232258445,0.15871294736365021,0.4041880635518442,0.1714946809659145
libero_10_task02_state005_wait30,libero_10,2,5,donor_cache,12,12,0,0,1.0,0.5619887221394552,0.8343356451588723,0.8955499232258445,0.15871294736365021,0.4041880635518442,0.1714946809659145
libero_10_task02_state006_wait30,libero_10,2,6,first_frame,12,12,0,0,0.16666666666666666,-0.7057075994595507,0.3443853268611383,0.2027072121854017,0.8275556294552735,1.5332609474882748,0.9212750218614015
libero_10_task02_state006_wait30,libero_10,2,6,wrong_latent,12,12,0,0,0.0,0.046322676181290386,0.42863110669116383,0.48879015304163165,0.40387376960818844,0.753074729828648,0.5142195145274739
libero_10_task02_state006_wait30,libero_10,2,6,shuffled_cache,12,12,0,0,0.25,-20.790089154068344,0.38903549413325117,0.01784005607204778,11.684191362686631,21.75251568729546,11.7042047193731
libero_10_task02_state006_wait30,libero_10,2,6,donor_latent,12,12,0,0,1.0,0.6530257140631203,0.857767490877179,0.9380862942173235,0.16923095878313854,0.3138118319369822,0.18751916797154852
libero_10_task02_state006_wait30,libero_10,2,6,donor_cache,12,12,0,0,1.0,0.6530257140631203,0.857767490877179,0.9380862942173235,0.16923095878313854,0.3138118319369822,0.18751916797154852
libero_10_task03_state004_wait30,libero_10,3,4,first_frame,12,12,0,0,0.08333333333333333,-0.48117365634000425,0.3155908299134296,0.21458457428835553,0.7968302932612351,1.2665997673502962,0.9350134901887778
libero_10_task03_state004_wait30,libero_10,3,4,wrong_latent,12,12,0,0,0.0,0.020277962675584366,0.4289649192819665,0.47295586074814605,0.49015555018973567,0.7815280948923827,0.6177994223381909
libero_10_task03_state004_wait30,libero_10,3,4,shuffled_cache,12,12,0,0,0.25,-17.558793069237204,0.38396800199560244,0.022448427713019817,11.72097103167786,18.540824253567905,11.732332355909222
libero_10_task03_state004_wait30,libero_10,3,4,donor_latent,12,12,0,0,1.0,0.7034139331700989,0.8557314357025375,0.9563601943200704,0.1632582990564199,0.2588217695001868,0.18725812677369205
libero_10_task03_state004_wait30,libero_10,3,4,donor_cache,12,12,0,0,1.0,0.7034139331700989,0.8557314357025375,0.9563601943200704,0.1632582990564199,0.2588217695001868,0.18725812677369205
libero_10_task03_state005_wait30,libero_10,3,5,first_frame,12,12,0,0,0.25,-0.16336628795709615,0.3852585006201294,0.3481904202824712,0.6070071755454226,0.9585327175735775,0.7377478769217848
libero_10_task03_state005_wait30,libero_10,3,5,wrong_latent,12,12,0,0,0.0,0.0786868904604275,0.43423099442976837,0.5141656975434611,0.4538423787651955,0.7194820406305981,0.5850035620509525
libero_10_task03_state005_wait30,libero_10,3,5,shuffled_cache,12,12,0,0,0.25,-17.751080559426825,0.4860410593960774,0.026546194268576424,11.811778426354921,18.7153996351785,11.835626981890826
libero_10_task03_state005_wait30,libero_10,3,5,donor_latent,12,12,0,0,1.0,0.7182337917159435,0.8698227856712406,0.9601577253652036,0.1576406828559508,0.24947216117520377,0.17789387289960357
libero_10_task03_state005_wait30,libero_10,3,5,donor_cache,12,12,0,0,1.0,0.7182337917159435,0.8698227856712406,0.9601577253652036,0.1576406828559508,0.24947216117520377,0.17789387289960357
libero_10_task03_state006_wait30,libero_10,3,6,first_frame,12,12,0,0,0.25,-0.20552434636114914,0.4000199728904658,0.35213989712323296,0.6035251690533839,1.0104020017502544,0.7264697370461479
libero_10_task03_state006_wait30,libero_10,3,6,wrong_latent,12,12,0,0,0.0,0.05375851855880717,0.44543921309016543,0.5039938462551937,0.4487368780589136,0.7467861447788997,0.5756110109210869
libero_10_task03_state006_wait30,libero_10,3,6,shuffled_cache,12,12,0,0,0.25,-17.80570269095303,0.46654661512299417,0.0222391677870325,11.334873540362308,18.77905711363638,11.350624279688347
libero_10_task03_state006_wait30,libero_10,3,6,donor_latent,12,12,0,0,1.0,0.7123710322416642,0.8931545255039799,0.9554220911529728,0.159131424556293,0.26669436513262434,0.17192521227020288
libero_10_task03_state006_wait30,libero_10,3,6,donor_cache,12,12,0,0,1.0,0.7123710322416642,0.8931545255039799,0.9554220911529728,0.159131424556293,0.26669436513262434,0.17192521227020288
libero_10_task04_state004_wait30,libero_10,4,4,first_frame,12,12,0,0,0.25,-0.059474485174488556,0.42181883902047596,0.40466873616191573,0.5925899682710918,0.8403613030210253,0.7505978826991816
libero_10_task04_state004_wait30,libero_10,4,4,wrong_latent,12,12,0,0,0.0,-0.0589978300248254,0.4582526941311504,0.4382869936097878,0.6128673645056025,0.8751642012871552,0.7467319604466635
libero_10_task04_state004_wait30,libero_10,4,4,shuffled_cache,12,12,0,0,0.25,-14.150147619693785,0.446907146699564,0.028888899986510435,10.56072853119933,15.130893610794983,10.574265557286758
libero_10_task04_state004_wait30,libero_10,4,4,donor_latent,12,12,0,0,1.0,0.7480841864699,0.9189583765142019,0.9676284352793497,0.16682750275473376,0.23645266376580876,0.17764781838294944
libero_10_task04_state004_wait30,libero_10,4,4,donor_cache,12,12,0,0,1.0,0.7480841864699,0.9189583765142019,0.9676284352793497,0.16682750275473376,0.23645266376580876,0.17764781838294944
libero_10_task04_state005_wait30,libero_10,4,5,first_frame,12,12,0,0,0.25,-0.7157009121076352,0.37580300891636614,0.2169564184978222,0.886755554138941,1.5422785351275206,0.991528901052266
libero_10_task04_state005_wait30,libero_10,4,5,wrong_latent,12,12,0,0,0.0,-0.0136183203130499,0.4391723669537102,0.4661990088768205,0.4575587852749566,0.8116776975386518,0.58050049029152
libero_10_task04_state005_wait30,libero_10,4,5,shuffled_cache,12,12,0,0,0.25,-17.577274833558135,0.43396271800008573,0.020706290291232554,10.82057472418091,18.541584498182797,10.842099628112692
libero_10_task04_state005_wait30,libero_10,4,5,donor_latent,12,12,0,0,1.0,0.6976911157800095,0.8819816280963382,0.9519658781362974,0.16154931298870043,0.27794965895543716,0.17535484903551432
libero_10_task04_state005_wait30,libero_10,4,5,donor_cache,12,12,0,0,1.0,0.6976911157800095,0.8819816280963382,0.9519658781362974,0.16154931298870043,0.27794965895543716,0.17535484903551432
libero_10_task04_state006_wait30,libero_10,4,6,first_frame,12,12,0,0,0.16666666666666666,-0.20950029855077593,0.35632381630569515,0.3269470777728351,0.4649893399591197,1.0097752544693428,0.5587563054508706
libero_10_task04_state006_wait30,libero_10,4,6,wrong_latent,12,12,0,0,0.0,0.006293125904080553,0.4115994875351359,0.46015692401667513,0.3600706619471025,0.7871988472763437,0.45779453907833173
libero_10_task04_state006_wait30,libero_10,4,6,shuffled_cache,12,12,0,0,0.25,-23.56958680960791,0.40692462016374886,0.01928111702326805,11.370185673556874,24.53518820584047,11.385487023457799
libero_10_task04_state006_wait30,libero_10,4,6,donor_latent,12,12,0,0,1.0,0.6091605335385685,0.8253748369487403,0.9203555533677253,0.16137119624409993,0.3470920552892078,0.18130411013725692
libero_10_task04_state006_wait30,libero_10,4,6,donor_cache,12,12,0,0,1.0,0.6091605335385685,0.8253748369487403,0.9203555533677253,0.16137119624409993,0.3470920552892078,0.18130411013725692
libero_10_task05_state004_wait30,libero_10,5,4,first_frame,12,12,0,0,0.25,-0.815451800571981,0.3889283701208603,0.18600019966233172,0.5892869060754392,1.5619507867031703,0.6866506324583838
libero_10_task05_state004_wait30,libero_10,5,4,wrong_latent,12,12,0,0,0.0,-0.10225758544072011,0.44977461565082644,0.42507610991075556,0.3338205802800984,0.9158210670008606,0.4098600284314442
libero_10_task05_state004_wait30,libero_10,5,4,shuffled_cache,12,12,0,0,0.16666666666666666,-29.798302597850817,0.4140200374594078,0.014120105714634389,11.556211909927455,30.787873228332483,11.559959020103499
libero_10_task05_state004_wait30,libero_10,5,4,donor_latent,12,12,0,0,1.0,0.6802072371364473,0.8991613708631151,0.946380146242809,0.11320584079371822,0.3012403565924899,0.12067704341061729
libero_10_task05_state004_wait30,libero_10,5,4,donor_cache,12,12,0,0,1.0,0.6802072371364473,0.8991613708631151,0.946380146242809,0.11320584079371822,0.3012403565924899,0.12067704341061729
libero_10_task05_state005_wait30,libero_10,5,5,first_frame,12,12,0,0,0.25,-1.3514671002867022,0.41389280161803166,0.14890356820610293,0.7200301453345882,2.047173199064907,0.8337199093241185
libero_10_task05_state005_wait30,libero_10,5,5,wrong_latent,12,12,0,0,0.0,-0.1070661996302762,0.4470935701815262,0.4145076940139718,0.31325084068474524,0.9117179593813614,0.3874215952860307
libero_10_task05_state005_wait30,libero_10,5,5,shuffled_cache,12,12,0,0,0.25,-32.00012635285107,0.39305255169628533,0.01268105637673658,11.664459485639242,32.98078708549556,11.671398670478988
libero_10_task05_state005_wait30,libero_10,5,5,donor_latent,12,12,0,0,1.0,0.6334975751893102,0.8915488338474457,0.9269923002181425,0.12243951502045099,0.34836518355763463,0.12874779725384358
libero_10_task05_state005_wait30,libero_10,5,5,donor_cache,12,12,0,0,1.0,0.6334975751893102,0.8915488338474457,0.9269923002181425,0.12243951502045099,0.34836518355763463,0.12874779725384358
libero_10_task05_state006_wait30,libero_10,5,6,first_frame,12,12,0,0,0.08333333333333333,-0.35919604793979465,0.3018043442500065,0.27100122730106085,0.3876472359047401,1.1548413624705358,0.46230252026117186
libero_10_task05_state006_wait30,libero_10,5,6,wrong_latent,12,12,0,0,0.0,-0.11726998271037743,0.42589697575084723,0.42507370740497397,0.3008757800448984,0.9224498869084693,0.3736608038427012
libero_10_task05_state006_wait30,libero_10,5,6,shuffled_cache,12,12,0,0,0.25,-33.09327547302322,0.43623469257079334,0.013386652185913964,11.556832844086522,34.08205298973966,11.560611552212983
libero_10_task05_state006_wait30,libero_10,5,6,donor_latent,12,12,0,0,1.0,0.6312862162211981,0.8498789554987748,0.9259634823900952,0.11438723862941452,0.33550018128752906,0.12569225418834692
libero_10_task05_state006_wait30,libero_10,5,6,donor_cache,12,12,0,0,1.0,0.6312862162211981,0.8498789554987748,0.9259634823900952,0.11438723862941452,0.33550018128752906,0.12569225418834692
libero_10_task06_state004_wait30,libero_10,6,4,first_frame,12,12,0,0,0.25,-0.1398142240774061,0.38825406588949113,0.3743554185906209,0.40578333322233,0.9547678613484303,0.4857353881564404
libero_10_task06_state004_wait30,libero_10,6,4,wrong_latent,12,12,0,0,0.0,-0.02168823340584844,0.43170420412938487,0.44902398775243313,0.35804074191495233,0.8404266926056204,0.435973079811573
libero_10_task06_state004_wait30,libero_10,6,4,shuffled_cache,12,12,0,0,0.25,-21.002489339856712,0.436091838478702,0.03311411207788418,9.413345921332416,21.972457664134975,9.425900110312122
libero_10_task06_state004_wait30,libero_10,6,4,donor_latent,12,12,0,0,1.0,0.6989387027600585,0.8618928883985869,0.9555876154748514,0.11252539052447469,0.26419100522344025,0.12838434031726054
libero_10_task06_state004_wait30,libero_10,6,4,donor_cache,12,12,0,0,1.0,0.6989387027600585,0.8618928883985869,0.9555876154748514,0.11252539052447469,0.26419100522344025,0.12838434031726054
libero_10_task06_state005_wait30,libero_10,6,5,first_frame,12,12,0,0,0.16666666666666666,-0.08798412634134863,0.4127231464815266,0.4099928932592661,0.3813656011463062,0.8881084315043463,0.4767547957388776
libero_10_task06_state005_wait30,libero_10,6,5,wrong_latent,12,12,0,0,0.0,-0.09836513837413934,0.4390966307831114,0.43860141037033085,0.3488449079928711,0.8755708845893818,0.4579160135887836
libero_10_task06_state005_wait30,libero_10,6,5,shuffled_cache,12,12,0,0,0.25,-25.656222511037623,0.38042491788358884,0.017167276378199276,11.372554397198575,26.62058398358026,11.389615291256634
libero_10_task06_state005_wait30,libero_10,6,5,donor_latent,12,12,0,0,1.0,0.6834901276062357,0.8831502361830442,0.942769523081396,0.12384450641067785,0.2903398091893825,0.13448802089162687
libero_10_task06_state005_wait30,libero_10,6,5,donor_cache,12,12,0,0,1.0,0.6834901276062357,0.8831502361830442,0.942769523081396,0.12384450641067785,0.2903398091893825,0.13448802089162687
libero_10_task06_state006_wait30,libero_10,6,6,first_frame,12,12,0,0,0.16666666666666666,-0.15094167443414006,0.4273020019862091,0.3682253561894919,0.484502188596404,0.9324709097377704,0.6042088030227294
libero_10_task06_state006_wait30,libero_10,6,6,wrong_latent,12,12,0,0,0.0,-0.03796784984185259,0.46072413853331357,0.45427796420526595,0.4211774954395651,0.8246899909748323,0.5387589659293758
libero_10_task06_state006_wait30,libero_10,6,6,shuffled_cache,12,12,0,0,0.25,-18.770723149055318,0.4593307873844505,0.010299723191074254,10.272731650735976,19.7175492943848,10.301615566069943
libero_10_task06_state006_wait30,libero_10,6,6,donor_latent,12,12,0,0,1.0,0.7612577493572594,0.9190715447035217,0.971677715168461,0.11568518469786572,0.22043439082726599,0.12514564486319976
libero_10_task06_state006_wait30,libero_10,6,6,donor_cache,12,12,0,0,1.0,0.7612577493572594,0.9190715447035217,0.971677715168461,0.11568518469786572,0.22043439082726599,0.12514564486319976
libero_10_task07_state004_wait30,libero_10,7,4,first_frame,12,12,0,0,0.16666666666666666,-0.34170912208199206,0.3832652401559627,0.312123652385287,0.7140258867307492,1.1807029710005967,0.8135187860390056
libero_10_task07_state004_wait30,libero_10,7,4,wrong_latent,12,12,0,0,0.0,0.008151628867426283,0.4269319778354495,0.47747327617192076,0.472120709931147,0.7922242321172401,0.5978581311927337
libero_10_task07_state004_wait30,libero_10,7,4,shuffled_cache,12,12,0,0,0.25,-18.30458924637171,0.42887848331526235,0.023653314921992182,11.695553769616133,19.25876999402692,11.719429239950097
libero_10_task07_state004_wait30,libero_10,7,4,donor_latent,12,12,0,0,1.0,0.6442439466480215,0.8485393964064593,0.9315062150211525,0.19444804785145783,0.320501404243449,0.21448697455258636
libero_10_task07_state004_wait30,libero_10,7,4,donor_cache,12,12,0,0,1.0,0.6442439466480215,0.8485393964064593,0.9315062150211525,0.19444804785145783,0.320501404243449,0.21448697455258636
libero_10_task07_state005_wait30,libero_10,7,5,first_frame,12,12,0,0,0.25,-0.469509007222873,0.3762291590479336,0.24140105720019756,0.9239807865520614,1.2562203624392716,1.0853135618071168
libero_10_task07_state005_wait30,libero_10,7,5,wrong_latent,12,12,0,0,0.0,-0.01950673861385756,0.43357849180210845,0.4564855000216395,0.6196546147430112,0.8424155795017398,0.7526080165499679
libero_10_task07_state005_wait30,libero_10,7,5,shuffled_cache,12,12,0,0,0.25,-14.75806359671121,0.46827488874616224,0.029657124241397548,11.616937524237962,15.74285833743996,11.62861141179774
libero_10_task07_state005_wait30,libero_10,7,5,donor_latent,12,12,0,0,1.0,0.6787528810690273,0.8653202734138117,0.9474600421098393,0.21402808532301934,0.2900476433406927,0.2377716759818618
libero_10_task07_state005_wait30,libero_10,7,5,donor_cache,12,12,0,0,1.0,0.6787528810690273,0.8653202734138117,0.9474600421098393,0.21402808532301934,0.2900476433406927,0.2377716759818618
libero_10_task07_state006_wait30,libero_10,7,6,first_frame,12,12,0,0,0.25,-0.7831501968012916,0.39725176282742464,0.21613609260836364,1.1006580275811408,1.6106022083785956,1.2191361139775054
libero_10_task07_state006_wait30,libero_10,7,6,wrong_latent,12,12,0,0,0.0,0.005263215377632635,0.4309060543853931,0.46651999791002546,0.5555323010657435,0.8137438525843647,0.6798743912683567
libero_10_task07_state006_wait30,libero_10,7,6,shuffled_cache,12,12,0,0,0.25,-15.258510355298213,0.44916447806307985,0.02482037343452133,11.097001627276464,16.234091671935026,11.113733890930625
libero_10_task07_state006_wait30,libero_10,7,6,donor_latent,12,12,0,0,1.0,0.6573548343595531,0.8629516883353094,0.9396339927360925,0.21295681899201416,0.3120056161900457,0.23432693309126362
libero_10_task07_state006_wait30,libero_10,7,6,donor_cache,12,12,0,0,1.0,0.6573548343595531,0.8629516883353094,0.9396339927360925,0.21295681899201416,0.3120056161900457,0.23432693309126362
libero_10_task08_state004_wait30,libero_10,8,4,first_frame,12,12,0,0,0.16666666666666666,-0.9409136920206667,0.2408493030200406,0.11523441047447436,0.7682340057046586,1.680394439022846,0.894158760787461
libero_10_task08_state004_wait30,libero_10,8,4,wrong_latent,12,12,0,0,0.0,0.011076838454368873,0.40753314446892147,0.4531355499585284,0.3390696680943135,0.7377914793869772,0.45679223042503464
libero_10_task08_state004_wait30,libero_10,8,4,shuffled_cache,12,12,0,0,0.25,-23.57245140044722,0.4178450208673384,0.02474253504055791,11.277846428142531,24.487667804529593,11.31710735350046
libero_10_task08_state004_wait30,libero_10,8,4,donor_latent,12,12,0,0,1.0,0.649102582729279,0.8154778096643241,0.9355575703545962,0.1357947146236814,0.29682894551585876,0.16037480957582945
libero_10_task08_state004_wait30,libero_10,8,4,donor_cache,12,12,0,0,1.0,0.649102582729279,0.8154778096643241,0.9355575703545962,0.1357947146236814,0.29682894551585876,0.16037480957582945
libero_10_task08_state005_wait30,libero_10,8,5,first_frame,12,12,0,0,0.08333333333333333,-0.41856936103848746,0.15947908575939096,0.12976533704952248,0.43100728571886576,1.126743810005078,0.543294870637019
libero_10_task08_state005_wait30,libero_10,8,5,wrong_latent,12,12,0,0,0.0,0.0342061041360411,0.3802453198941662,0.45104374496980837,0.2790565065770957,0.7313667214686572,0.36938398053672716
libero_10_task08_state005_wait30,libero_10,8,5,shuffled_cache,12,12,0,0,0.25,-29.10186073316338,0.39022248505588636,0.011749759945793895,11.473483122663934,29.998500042484128,11.511943764604046
libero_10_task08_state005_wait30,libero_10,8,5,donor_latent,12,12,0,0,1.0,0.6311684113351382,0.7638240876257832,0.9373562165684587,0.10833954372397349,0.28228635260323637,0.14140201632402194
libero_10_task08_state005_wait30,libero_10,8,5,donor_cache,12,12,0,0,1.0,0.6311684113351382,0.7638240876257832,0.9373562165684587,0.10833954372397349,0.28228635260323637,0.14140201632402194
libero_10_task08_state006_wait30,libero_10,8,6,first_frame,12,12,0,0,0.16666666666666666,-0.4875909555208291,0.2450420413077693,0.1781580328730947,0.48015342223899343,1.2442591745179834,0.5758899859789645
libero_10_task08_state006_wait30,libero_10,8,6,wrong_latent,12,12,0,0,0.0,-0.028686277065721688,0.39935815361151633,0.41000747213277866,0.30039706715295944,0.7846791665506755,0.39659798189292306
libero_10_task08_state006_wait30,libero_10,8,6,shuffled_cache,12,12,0,0,0.3333333333333333,-29.58125681169561,0.36243079623988955,0.012090670443554025,11.81391165757185,30.54547373986308,11.827283922147176
libero_10_task08_state006_wait30,libero_10,8,6,donor_latent,12,12,0,0,1.0,0.6079072057774332,0.799312868481175,0.9204020293042761,0.1293423169421879,0.33537318803252797,0.15134804593131757
libero_10_task08_state006_wait30,libero_10,8,6,donor_cache,12,12,0,0,1.0,0.6079072057774332,0.799312868481175,0.9204020293042761,0.1293423169421879,0.33537318803252797,0.15134804593131757
libero_10_task09_state004_wait30,libero_10,9,4,first_frame,12,12,0,0,0.25,-0.13729264780703115,0.4577286315665267,0.42163396711768025,0.8068760547276971,0.9906852180299962,0.9304022719002093
libero_10_task09_state004_wait30,libero_10,9,4,wrong_latent,12,12,0,0,0.0,-0.15525215951960875,0.4760210875705772,0.40189451822248184,0.7908626263018396,0.9754408941628269,0.9434523454490087
libero_10_task09_state004_wait30,libero_10,9,4,shuffled_cache,12,12,0,0,0.16666666666666666,-13.75013362577834,0.4310051350983504,0.030388236008769987,12.010800190561364,14.726997377062949,12.02852336680329
libero_10_task09_state004_wait30,libero_10,9,4,donor_latent,12,12,0,0,1.0,0.7554657279104068,0.9497409687714572,0.9692881031056872,0.19520342166399215,0.23742752641107226,0.20083721433802668
libero_10_task09_state004_wait30,libero_10,9,4,donor_cache,12,12,0,0,1.0,0.7554657279104068,0.9497409687714572,0.9692881031056872,0.19520342166399215,0.23742752641107226,0.20083721433802668
libero_10_task09_state005_wait30,libero_10,9,5,first_frame,12,12,0,0,0.16666666666666666,-0.279785882207714,0.44534716210243747,0.33253030498774766,0.7355550073770373,1.1037024263764201,0.8588980034247152
libero_10_task09_state005_wait30,libero_10,9,5,wrong_latent,12,12,0,0,0.0,0.011184425947102264,0.47104428350553046,0.4877709079039891,0.5407415860344912,0.8184674249569719,0.6572053554008633
libero_10_task09_state005_wait30,libero_10,9,5,shuffled_cache,12,12,0,0,0.25,-17.019914628906967,0.43396609825224414,0.02512629951767306,11.905679419593632,17.99300611791477,11.924309350628768
libero_10_task09_state005_wait30,libero_10,9,5,donor_latent,12,12,0,0,1.0,0.7023518357425611,0.9373286338138634,0.9540881140057776,0.19133989662241388,0.2896123222860453,0.19672954754479732
libero_10_task09_state005_wait30,libero_10,9,5,donor_cache,12,12,0,0,1.0,0.7023518357425611,0.9373286338138634,0.9540881140057776,0.19133989662241388,0.2896123222860453,0.19672954754479732
libero_10_task09_state006_wait30,libero_10,9,6,first_frame,12,12,0,0,0.25,-0.7859049412396476,0.4730599476267677,0.2518741527078457,1.2560020078273242,1.5923720446433085,1.4214567237768092
libero_10_task09_state006_wait30,libero_10,9,6,wrong_latent,12,12,0,0,0.0,-0.03473452613909304,0.48043718125944784,0.49614431351889143,0.6298623286889765,0.8315042783565346,0.8121134225104751
libero_10_task09_state006_wait30,libero_10,9,6,shuffled_cache,12,12,0,0,0.25,-12.27399381694216,0.4539452643832891,0.042340570691695056,10.480297693964461,13.24781837594972,10.501933408047329
libero_10_task09_state006_wait30,libero_10,9,6,donor_latent,12,12,0,0,1.0,0.750173831031745,0.9594374331060873,0.9672297358902376,0.19097404496169776,0.2437924835105586,0.1960037848091667
libero_10_task09_state006_wait30,libero_10,9,6,donor_cache,12,12,0,0,1.0,0.750173831031745,0.9594374331060873,0.9672297358902376,0.19097404496169776,0.2437924835105586,0.1960037848091667
