action_donor_steering,action_l2_from_baseline,contrast,direction,gate,initial_state_index,max_abs_from_baseline,physical_endpoint_donor_steering,prefix_chunks,primary_pixel_donor_preference,proprio_endpoint_donor_steering,task_id,unit_id
0.10501046633152619,0.014978337101638317,block27_future_gate0.25,forward,0.25,10,0.006236135959625244,0.05735892711843183,0,0.14525349934895826,0.05735892711843183,0,task00_state10_prefix00
0.17684212088988308,0.025370415300130844,block27_future_gate0.5,forward,0.5,10,0.011084407567977905,0.08771706588520081,0,0.23981730143229174,0.08771706588520081,0,task00_state10_prefix00
0.2552302840375353,0.03700758144259453,block27_future_gate0.75,forward,0.75,10,0.017895430326461792,0.10393975436149652,0,0.31682332356770826,0.10393975436149652,0,task00_state10_prefix00
0.3180944487626665,0.047352228313684464,block27_future_gate1,forward,1.0,10,0.024782955646514893,0.10054891764881196,0,0.3734639485677085,0.10054891764881196,0,task00_state10_prefix00
0.0670760657352258,0.06835143268108368,block27_current_gate1,forward,1.0,10,0.013118196278810501,0.6170516295789824,0,0.863067626953125,0.6170516295789824,0,task00_state10_prefix00
0.06155785868585384,0.0500500351190567,block27_random_gate1,forward,1.0,10,0.01071929931640625,0.2685735396128467,0,0.3517049153645835,0.2685735396128467,0,task00_state10_prefix00
0.027894295999210252,0.010496148839592934,block0_future_gate1,forward,1.0,10,0.0036579370498657227,0.05573866056423075,0,0.02298990885416674,0.05573866056423075,0,task00_state10_prefix00
0.0,0.0,block27_all_key_control,forward,1.0,10,0.0,0.0,0,0.0,0.0,0,task00_state10_prefix00
0.0,0.0,block0_all_key_control,forward,1.0,10,0.0,0.0,0,0.0,0.0,0,task00_state10_prefix00
0.0561230812796445,0.010456789284944534,block27_future_gate0.25,reverse,0.25,10,0.0036533772945404053,0.11297677204684856,0,0.18420410156249978,0.11297677204684856,0,task00_state10_prefix00
0.09995071448129647,0.019461337476968765,block27_future_gate0.5,reverse,0.5,10,0.007506519556045532,0.2225205768743811,0,0.3017374674479165,0.2225205768743811,0,task00_state10_prefix00
0.13121152322345125,0.027041396126151085,block27_future_gate0.75,reverse,0.75,10,0.009436696767807007,0.31257749295964415,0,0.42963663736979174,0.31257749295964415,0,task00_state10_prefix00
0.14757937247895395,0.03481215983629227,block27_future_gate1,reverse,1.0,10,0.010457336902618408,0.39122340300405284,0,0.4719238281249998,0.39122340300405284,0,task00_state10_prefix00
0.14295774293882946,0.07037337869405746,block27_current_gate1,reverse,1.0,10,0.01445421576499939,0.7150502884642146,0,0.05058797200520848,0.7150502884642146,0,task00_state10_prefix00
0.010062430350307072,0.0492766909301281,block27_random_gate1,reverse,1.0,10,0.009944714605808258,0.267422016622369,0,0.08076985677083304,0.267422016622369,0,task00_state10_prefix00
0.018411160160064652,0.008058583363890648,block0_future_gate1,reverse,1.0,10,0.002231299877166748,0.04843648035194408,0,0.01460774739583326,0.04843648035194408,0,task00_state10_prefix00
0.0,0.0,block27_all_key_control,reverse,1.0,10,0.0,0.0,0,0.0,0.0,0,task00_state10_prefix00
0.0,0.0,block0_all_key_control,reverse,1.0,10,0.0,0.0,0,0.0,0.0,0,task00_state10_prefix00
0.25101838302744073,-0.020999204367399216,block27_future_gate1_minus_block27_current_gate1,forward,1.0,10,0.011664759367704391,-0.5165027119301704,0,-0.4896036783854165,-0.5165027119301704,0,task00_state10_prefix00
0.2565365900768127,-0.002697806805372238,block27_future_gate1_minus_block27_random_gate1,forward,1.0,10,0.014063656330108643,-0.16802462196403473,0,0.021759033203125,-0.16802462196403473,0,task00_state10_prefix00
0.3180944487626665,0.047352228313684464,block27_future_gate1_minus_block27_all_key_control,forward,1.0,10,0.024782955646514893,0.10054891764881196,0,0.3734639485677085,0.10054891764881196,0,task00_state10_prefix00
0.2902001527634563,0.03685607947409153,block27_future_gate1_minus_block0_future_gate1,forward,1.0,10,0.02112501859664917,0.044810257084581216,0,0.35047403971354174,0.044810257084581216,0,task00_state10_prefix00
0.004621629540124489,-0.0355612188577652,block27_future_gate1_minus_block27_current_gate1,reverse,1.0,10,-0.0039968788623809814,-0.32382688546016175,0,0.4213358561197913,-0.32382688546016175,0,task00_state10_prefix00
0.13751694212864687,-0.01446453109383583,block27_future_gate1_minus_block27_random_gate1,reverse,1.0,10,0.0005126222968101501,0.12380138638168386,0,0.39115397135416674,0.12380138638168386,0,task00_state10_prefix00
0.14757937247895395,0.03481215983629227,block27_future_gate1_minus_block27_all_key_control,reverse,1.0,10,0.010457336902618408,0.39122340300405284,0,0.4719238281249998,0.39122340300405284,0,task00_state10_prefix00
0.1291682123188893,0.02675357647240162,block27_future_gate1_minus_block0_future_gate1,reverse,1.0,10,0.00822603702545166,0.34278692265210875,0,0.4573160807291665,0.34278692265210875,0,task00_state10_prefix00
0.031089423379068205,0.011188752017915249,block27_future_gate0.25,forward,0.25,27,0.0039061009883880615,0.05081703233017688,3,0.08131917317708326,0.05081703233017688,0,task00_state27_prefix03
0.050679629581754836,0.017664600163698196,block27_future_gate0.5,forward,0.5,27,0.00679171085357666,0.021981021784987845,3,0.09034220377604174,0.021981021784987845,0,task00_state27_prefix03
0.08448287171058116,0.02610492706298828,block27_future_gate0.75,forward,0.75,27,0.01009601354598999,0.016589837857780485,3,0.11906941731770826,0.016589837857780485,0,task00_state27_prefix03
0.0733596945853185,0.0348125658929348,block27_future_gate1,forward,1.0,27,0.012858808040618896,0.05418933015677786,3,0.12572224934895826,0.05418933015677786,0,task00_state27_prefix03
0.4412995279938968,0.06998908519744873,block27_current_gate1,forward,1.0,27,0.014041848480701447,2.1542892677819316,3,0.6274617513020833,2.1542892677819316,0,task00_state27_prefix03
0.018500773575990122,0.04614653065800667,block27_random_gate1,forward,1.0,27,0.01331186294555664,0.5414687029348868,3,0.24809773763020826,0.5414687029348868,0,task00_state27_prefix03
0.01952977293863726,0.014453938230872154,block0_future_gate1,forward,1.0,27,0.004385143518447876,0.093393948795989,3,0.04765828450520848,0.093393948795989,0,task00_state27_prefix03
0.0,0.0,block27_all_key_control,forward,1.0,27,0.0,0.0,3,0.0,0.0,0,task00_state27_prefix03
0.0,0.0,block0_all_key_control,forward,1.0,27,0.0,0.0,3,0.0,0.0,0,task00_state27_prefix03
0.01091825751696722,0.009697902016341686,block27_future_gate0.25,reverse,0.25,27,0.0024442076683044434,0.05016066397415632,3,0.05574544270833348,0.05016066397415632,0,task00_state27_prefix03
0.02610226854575188,0.018500681966543198,block27_future_gate0.5,reverse,0.5,27,0.0046422481536865234,0.04741753038058547,3,0.11911010742187522,0.04741753038058547,0,task00_state27_prefix03
0.030173599091454652,0.02528522163629532,block27_future_gate0.75,reverse,0.75,27,0.005793463904410601,0.11801285102675652,3,0.13145955403645848,0.11801285102675652,0,task00_state27_prefix03
0.00010505517076119928,0.034627143293619156,block27_future_gate1,reverse,1.0,27,0.008642137050628662,0.10265811335196046,3,0.14264933268229174,0.10265811335196046,0,task00_state27_prefix03
0.23366924926894708,0.07188788801431656,block27_current_gate1,reverse,1.0,27,0.012366116046905518,2.027762984030822,3,0.18064371744791696,2.027762984030822,0,task00_state27_prefix03
0.13123118501632292,0.045564036816358566,block27_random_gate1,reverse,1.0,27,0.010735869407653809,0.49520448705044434,3,0.20252482096354174,0.49520448705044434,0,task00_state27_prefix03
0.09465980943662124,0.010839227586984634,block0_future_gate1,reverse,1.0,27,0.0029625743627548218,0.11343133945643853,3,0.24901326497395848,0.11343133945643853,0,task00_state27_prefix03
0.0,0.0,block27_all_key_control,reverse,1.0,27,0.0,0.0,3,0.0,0.0,0,task00_state27_prefix03
0.0,0.0,block0_all_key_control,reverse,1.0,27,0.0,0.0,3,0.0,0.0,0,task00_state27_prefix03
-0.36793983340857833,-0.03517651930451393,block27_future_gate1_minus_block27_current_gate1,forward,1.0,27,-0.00118304044008255,-2.1000999376251537,3,-0.501739501953125,-2.1000999376251537,0,task00_state27_prefix03
0.05485892100932838,-0.011333964765071869,block27_future_gate1_minus_block27_random_gate1,forward,1.0,27,-0.00045305490493774414,-0.48727937277810895,3,-0.12237548828125,-0.48727937277810895,0,task00_state27_prefix03
0.0733596945853185,0.0348125658929348,block27_future_gate1_minus_block27_all_key_control,forward,1.0,27,0.012858808040618896,0.05418933015677786,3,0.12572224934895826,0.05418933015677786,0,task00_state27_prefix03
0.053829921646681246,0.020358627662062645,block27_future_gate1_minus_block0_future_gate1,forward,1.0,27,0.00847366452217102,-0.03920461863921114,3,0.07806396484374978,-0.03920461863921114,0,task00_state27_prefix03
-0.23356419409818588,-0.0372607447206974,block27_future_gate1_minus_block27_current_gate1,reverse,1.0,27,-0.0037239789962768555,-1.9251048706788614,3,-0.03799438476562522,-1.9251048706788614,0,task00_state27_prefix03
-0.1311261298455617,-0.01093689352273941,block27_future_gate1_minus_block27_random_gate1,reverse,1.0,27,-0.0020937323570251465,-0.3925463736984839,3,-0.05987548828125,-0.3925463736984839,0,task00_state27_prefix03
0.00010505517076119928,0.034627143293619156,block27_future_gate1_minus_block27_all_key_control,reverse,1.0,27,0.008642137050628662,0.10265811335196046,3,0.14264933268229174,0.10265811335196046,0,task00_state27_prefix03
-0.09455475426586003,0.02378791570663452,block27_future_gate1_minus_block0_future_gate1,reverse,1.0,27,0.00567956268787384,-0.010773226104478076,3,-0.10636393229166674,-0.010773226104478076,0,task00_state27_prefix03
0.03380231408405298,0.0131038473919034,block27_future_gate0.25,forward,0.25,43,0.00331956148147583,0.17097411120209988,6,0.009816487630208037,0.15483742943666237,0,task00_state43_prefix06
0.1430125964427842,0.021241717040538788,block27_future_gate0.5,forward,0.5,43,0.005413055419921875,0.31029867805010575,6,0.02923583984375,0.28160416358184326,0,task00_state43_prefix06
0.17645131990147647,0.030765479430556297,block27_future_gate0.75,forward,0.75,43,0.008258461952209473,0.3690374551031372,6,0.04749552408854152,0.31242053311140494,0,task00_state43_prefix06
0.22533719292135992,0.03878946974873543,block27_future_gate1,forward,1.0,43,0.011830568313598633,0.5471185527267877,6,0.04677327473958326,0.4979392149049164,0,task00_state43_prefix06
0.2669633837912533,0.052678290754556656,block27_current_gate1,forward,1.0,43,0.012805379927158356,0.6903986168129772,6,0.2870585123697915,0.7767137130820897,0,task00_state43_prefix06
0.5050126099199884,0.07808734476566315,block27_random_gate1,forward,1.0,43,0.018854394555091858,1.128423808944559,6,0.05126953125,0.85803753252116,0,task00_state43_prefix06
0.02621726542635185,0.014385588467121124,block0_future_gate1,forward,1.0,43,0.005231067538261414,0.13624319014535602,6,0.06684366861979152,0.1552189921749429,0,task00_state43_prefix06
0.0,0.0,block27_all_key_control,forward,1.0,43,0.0,0.0,6,0.0,0.0,0,task00_state43_prefix06
0.0,0.0,block0_all_key_control,forward,1.0,43,0.0,0.0,6,0.0,0.0,0,task00_state43_prefix06
0.06897358024271368,0.01131126657128334,block27_future_gate0.25,reverse,0.25,43,0.002934187650680542,0.13026868698741445,6,0.09074910481770848,0.13374138384443607,0,task00_state43_prefix06
0.1429270250805458,0.019753707572817802,block27_future_gate0.5,reverse,0.5,43,0.0052925050258636475,0.2841441321669898,6,0.26557413736979174,0.2639017395060282,0,task00_state43_prefix06
0.18741920286312272,0.028814582154154778,block27_future_gate0.75,reverse,0.75,43,0.0072258636355400085,0.4187028601298055,6,0.297698974609375,0.4149076927809516,0,task00_state43_prefix06
0.22112252391369613,0.03715929016470909,block27_future_gate1,reverse,1.0,43,0.010127291083335876,0.451998753882988,6,0.28202311197916696,0.44116181391122034,0,task00_state43_prefix06
0.16274553250049903,0.05832674354314804,block27_current_gate1,reverse,1.0,43,0.01478603482246399,0.7961205785799204,6,0.07643636067708348,0.9437774710432565,0,task00_state43_prefix06
0.42311209404327393,0.0743083655834198,block27_random_gate1,reverse,1.0,43,0.016084253787994385,0.8831264051392156,6,0.3113098144531252,0.5913429517763192,0,task00_state43_prefix06
0.09063217398592997,0.013248632661998272,block0_future_gate1,reverse,1.0,43,0.005146995186805725,0.10503899865811228,6,0.04806518554687522,0.08901548499458938,0,task00_state43_prefix06
0.0,0.0,block27_all_key_control,reverse,1.0,43,0.0,0.0,6,0.0,0.0,0,task00_state43_prefix06
0.0,0.0,block0_all_key_control,reverse,1.0,43,0.0,0.0,6,0.0,0.0,0,task00_state43_prefix06
-0.04162619086989336,-0.013888821005821228,block27_future_gate1_minus_block27_current_gate1,forward,1.0,43,-0.0009748116135597229,-0.14328006408618954,6,-0.24028523763020826,-0.2787744981771733,0,task00_state43_prefix06
-0.2796754169986285,-0.03929787501692772,block27_future_gate1_minus_block27_random_gate1,forward,1.0,43,-0.007023826241493225,-0.5813052562177714,6,-0.004496256510416741,-0.3600983176162436,0,task00_state43_prefix06
0.22533719292135992,0.03878946974873543,block27_future_gate1_minus_block27_all_key_control,forward,1.0,43,0.011830568313598633,0.5471185527267877,6,0.04677327473958326,0.4979392149049164,0,task00_state43_prefix06
0.19911992749500806,0.024403881281614304,block27_future_gate1_minus_block0_future_gate1,forward,1.0,43,0.006599500775337219,0.41087536258143165,6,-0.02007039388020826,0.3427202227299735,0,task00_state43_prefix06
0.058376991413197105,-0.02116745337843895,block27_future_gate1_minus_block27_current_gate1,reverse,1.0,43,-0.004658743739128113,-0.34412182469693237,6,0.20558675130208348,-0.5026156571320362,0,task00_state43_prefix06
-0.2019895701295778,-0.03714907541871071,block27_future_gate1_minus_block27_random_gate1,reverse,1.0,43,-0.005956962704658508,-0.4311276512562276,6,-0.02928670247395826,-0.1501811378650989,0,task00_state43_prefix06
0.22112252391369613,0.03715929016470909,block27_future_gate1_minus_block27_all_key_control,reverse,1.0,43,0.010127291083335876,0.451998753882988,6,0.28202311197916696,0.44116181391122034,0,task00_state43_prefix06
0.13049034992776615,0.02391065750271082,block27_future_gate1_minus_block0_future_gate1,reverse,1.0,43,0.004980295896530151,0.3469597552248757,6,0.23395792643229174,0.35214632891663095,0,task00_state43_prefix06
0.013695261033457858,0.02740153670310974,block27_future_gate0.25,forward,0.25,10,0.008149653673171997,0.048399984033332406,0,0.35125732421875,0.048399984033332406,1,task01_state10_prefix00
0.013163903115511546,0.047781847417354584,block27_future_gate0.5,forward,0.5,10,0.015124350786209106,0.07389345365538577,0,0.51361083984375,0.07389345365538577,1,task01_state10_prefix00
0.001381935721905464,0.06756755709648132,block27_future_gate0.75,forward,0.75,10,0.021181583404541016,0.08245322364443552,0,0.706166585286458,0.08245322364443552,1,task01_state10_prefix00
0.034507435591119566,0.0888013169169426,block27_future_gate1,forward,1.0,10,0.030260860919952393,0.1457804571706063,0,0.9387919108072915,0.1457804571706063,1,task01_state10_prefix00
0.08127943937171758,0.09743845462799072,block27_current_gate1,forward,1.0,10,0.020671606063842773,0.05553374259782335,0,0.17561848958333348,0.05553374259782335,1,task01_state10_prefix00
0.014340541943712632,0.055733516812324524,block27_random_gate1,forward,1.0,10,0.014194607734680176,0.12846776065011878,0,0.18077596028645848,0.12846776065011878,1,task01_state10_prefix00
0.005590786151367512,0.01394946314394474,block0_future_gate1,forward,1.0,10,0.003163062036037445,0.026622215543843086,0,0.04332478841145848,0.026622215543843086,1,task01_state10_prefix00
0.0,0.0,block27_all_key_control,forward,1.0,10,0.0,0.0,0,0.0,0.0,1,task01_state10_prefix00
0.0,0.0,block0_all_key_control,forward,1.0,10,0.0,0.0,0,0.0,0.0,1,task01_state10_prefix00
0.08859374059441993,0.02593565732240677,block27_future_gate0.25,reverse,0.25,10,0.009699821472167969,0.12273235502206968,0,0.517974853515625,0.12273235502206968,1,task01_state10_prefix00
0.18905159014592807,0.05209527909755707,block27_future_gate0.5,reverse,0.5,10,0.01883605122566223,0.24946174911846417,0,1.0679219563802085,0.24946174911846417,1,task01_state10_prefix00
0.2864650332727861,0.0766342505812645,block27_future_gate0.75,reverse,0.75,10,0.02839869260787964,0.37997523777323844,0,1.54156494140625,0.37997523777323844,1,task01_state10_prefix00
0.36175990662156415,0.09859345108270645,block27_future_gate1,reverse,1.0,10,0.039202481508255005,0.4739931472965666,0,1.878580729166667,0.4739931472965666,1,task01_state10_prefix00
0.11153112592352683,0.09662002325057983,block27_current_gate1,reverse,1.0,10,0.02140846848487854,0.020158339747646477,0,0.468841552734375,0.020158339747646477,1,task01_state10_prefix00
0.01200322436858089,0.053594835102558136,block27_random_gate1,reverse,1.0,10,0.011204242706298828,0.12180694683880876,0,0.7714843750000002,0.12180694683880876,1,task01_state10_prefix00
0.04676350584685621,0.01563587225973606,block0_future_gate1,reverse,1.0,10,0.00522574782371521,0.05446449416102281,0,0.23783365885416674,0.05446449416102281,1,task01_state10_prefix00
0.0,0.0,block27_all_key_control,reverse,1.0,10,0.0,0.0,0,0.0,0.0,1,task01_state10_prefix00
0.0,0.0,block0_all_key_control,reverse,1.0,10,0.0,0.0,0,0.0,0.0,1,task01_state10_prefix00
-0.046772003780598016,-0.008637137711048126,block27_future_gate1_minus_block27_current_gate1,forward,1.0,10,0.00958925485610962,0.09024671457278297,0,0.763173421223958,0.09024671457278297,1,task01_state10_prefix00
0.020166893647406932,0.03306780010461807,block27_future_gate1_minus_block27_random_gate1,forward,1.0,10,0.016066253185272217,0.01731269652048753,0,0.758015950520833,0.01731269652048753,1,task01_state10_prefix00
0.034507435591119566,0.0888013169169426,block27_future_gate1_minus_block27_all_key_control,forward,1.0,10,0.030260860919952393,0.1457804571706063,0,0.9387919108072915,0.1457804571706063,1,task01_state10_prefix00
0.028916649439752053,0.07485185377299786,block27_future_gate1_minus_block0_future_gate1,forward,1.0,10,0.027097798883914948,0.11915824162676322,0,0.895467122395833,0.11915824162676322,1,task01_state10_prefix00
0.25022878069803733,0.0019734278321266174,block27_future_gate1_minus_block27_current_gate1,reverse,1.0,10,0.017794013023376465,0.45383480754892014,0,1.409739176432292,0.45383480754892014,1,task01_state10_prefix00
0.3497566822529833,0.044998615980148315,block27_future_gate1_minus_block27_random_gate1,reverse,1.0,10,0.027998238801956177,0.35218620045775784,0,1.1070963541666667,0.35218620045775784,1,task01_state10_prefix00
0.36175990662156415,0.09859345108270645,block27_future_gate1_minus_block27_all_key_control,reverse,1.0,10,0.039202481508255005,0.4739931472965666,0,1.878580729166667,0.4739931472965666,1,task01_state10_prefix00
0.3149964007747079,0.08295757882297039,block27_future_gate1_minus_block0_future_gate1,reverse,1.0,10,0.033976733684539795,0.41952865313554377,0,1.6407470703125002,0.41952865313554377,1,task01_state10_prefix00
0.038231851736808486,0.012933569960296154,block27_future_gate0.25,forward,0.25,27,0.003809824585914612,1.037384476550008,3,7.885599772135417,1.037384476550008,1,task01_state27_prefix03
0.06841170496742634,0.023526454344391823,block27_future_gate0.5,forward,0.5,27,0.008892044425010681,0.03442112802516359,3,0.14899698893229107,0.03442112802516359,1,task01_state27_prefix03
0.1240018393889702,0.033225033432245255,block27_future_gate0.75,forward,0.75,27,0.011227235198020935,1.0371947898899532,3,6.572123209635417,1.0371947898899532,1,task01_state27_prefix03
0.19367005456053202,0.0441230870783329,block27_future_gate1,forward,1.0,27,0.01596681773662567,0.04812224518202863,3,0.28813680013020804,0.04812224518202863,1,task01_state27_prefix03
0.2552343120227344,0.07944869995117188,block27_current_gate1,forward,1.0,27,0.021208882331848145,0.8863062430547229,3,7.326558430989584,0.8863062430547229,1,task01_state27_prefix03
0.3069702833298004,0.05581964924931526,block27_random_gate1,forward,1.0,27,0.01531713455915451,1.0145917838492733,3,7.776387532552083,1.0145917838492733,1,task01_state27_prefix03
0.07234409219784123,0.013217677362263203,block0_future_gate1,forward,1.0,27,0.0026753246784210205,1.0295730733030282,3,7.884572347005208,1.0295730733030282,1,task01_state27_prefix03
0.0,0.0,block27_all_key_control,forward,1.0,27,0.0,0.0,3,0.0,0.0,1,task01_state27_prefix03
0.0,0.0,block0_all_key_control,forward,1.0,27,0.0,0.0,3,0.0,0.0,1,task01_state27_prefix03
0.010491393489396653,0.012837824411690235,block27_future_gate0.25,reverse,0.25,27,0.005228541791439056,0.014250398649668854,3,0.13263956705729196,0.014250398649668854,1,task01_state27_prefix03
0.08060002555270519,0.02312249131500721,block27_future_gate0.5,reverse,0.5,27,0.007595092058181763,0.09286389142390737,3,1.873463948567709,0.09286389142390737,1,task01_state27_prefix03
0.11584277968438908,0.032020457088947296,block27_future_gate0.75,reverse,0.75,27,0.012295879423618317,0.0032571157482487304,3,1.638641357421875,0.0032571157482487304,1,task01_state27_prefix03
0.1641376029433365,0.042903948575258255,block27_future_gate1,reverse,1.0,27,0.016232050955295563,0.010115508924215836,3,0.537790934244792,0.010115508924215836,1,task01_state27_prefix03
0.3006611507314249,0.07769858837127686,block27_current_gate1,reverse,1.0,27,0.016976594924926758,1.2062918327781502,3,7.706756591796875,1.2062918327781502,1,task01_state27_prefix03
0.37632261733358996,0.05929967015981674,block27_random_gate1,reverse,1.0,27,0.013877734541893005,1.0991185714036171,3,7.086232503255209,1.0991185714036171,1,task01_state27_prefix03
0.01750241098365173,0.011761265806853771,block0_future_gate1,reverse,1.0,27,0.004250586032867432,0.0026810752924118606,3,0.08079020182291696,0.0026810752924118606,1,task01_state27_prefix03
0.0,0.0,block27_all_key_control,reverse,1.0,27,0.0,0.0,3,0.0,0.0,1,task01_state27_prefix03
0.0,0.0,block0_all_key_control,reverse,1.0,27,0.0,0.0,3,0.0,0.0,1,task01_state27_prefix03
-0.06156425746220237,-0.035325612872838974,block27_future_gate1_minus_block27_current_gate1,forward,1.0,27,-0.005242064595222473,-0.8381839978726943,3,-7.038421630859376,-0.8381839978726943,1,task01_state27_prefix03
-0.1133002287692684,-0.01169656217098236,block27_future_gate1_minus_block27_random_gate1,forward,1.0,27,0.0006496831774711609,-0.9664695386672446,3,-7.488250732421875,-0.9664695386672446,1,task01_state27_prefix03
0.19367005456053202,0.0441230870783329,block27_future_gate1_minus_block27_all_key_control,forward,1.0,27,0.01596681773662567,0.04812224518202863,3,0.28813680013020804,0.04812224518202863,1,task01_state27_prefix03
0.12132596236269079,0.0309054097160697,block27_future_gate1_minus_block0_future_gate1,forward,1.0,27,0.013291493058204651,-0.9814508281209995,3,-7.596435546875,-0.9814508281209995,1,task01_state27_prefix03
-0.1365235477880884,-0.0347946397960186,block27_future_gate1_minus_block27_current_gate1,reverse,1.0,27,-0.0007445439696311951,-1.1961763238539345,3,-7.168965657552083,-1.1961763238539345,1,task01_state27_prefix03
-0.21218501439025345,-0.016395721584558487,block27_future_gate1_minus_block27_random_gate1,reverse,1.0,27,0.0023543164134025574,-1.0890030624794014,3,-6.548441569010417,-1.0890030624794014,1,task01_state27_prefix03
0.1641376029433365,0.042903948575258255,block27_future_gate1_minus_block27_all_key_control,reverse,1.0,27,0.016232050955295563,0.010115508924215836,3,0.537790934244792,0.010115508924215836,1,task01_state27_prefix03
0.14663519195968477,0.031142682768404484,block27_future_gate1_minus_block0_future_gate1,reverse,1.0,27,0.011981464922428131,0.007434433631803976,3,0.457000732421875,0.007434433631803976,1,task01_state27_prefix03
0.04893605920775166,0.016539111733436584,block27_future_gate0.25,forward,0.25,43,0.004597559571266174,0.2900622530057488,6,0.08658854166666674,0.22838297315222217,1,task01_state43_prefix06
0.10764858228439189,0.027859823778271675,block27_future_gate0.5,forward,0.5,43,0.007706627249717712,0.52941611595909,6,0.10579427083333348,0.38497595529106804,1,task01_state43_prefix06
0.15860691722086548,0.037190549075603485,block27_future_gate0.75,forward,0.75,43,0.009094655513763428,0.7345988386718223,6,0.10264078776041674,0.5328264644483731,1,task01_state43_prefix06
0.1544593482198495,0.05043157562613487,block27_future_gate1,forward,1.0,43,0.012963935732841492,1.0023624930186297,6,0.110260009765625,0.743487281585743,1,task01_state43_prefix06
0.38426187158439723,0.059036899358034134,block27_current_gate1,forward,1.0,43,0.016324281692504883,1.3166204022501886,6,0.505645751953125,1.0250887485579834,1,task01_state43_prefix06
0.3620484526137182,0.06738614290952682,block27_random_gate1,forward,1.0,43,0.01482132077217102,0.35222138369158695,6,0.204559326171875,0.040366792536018006,1,task01_state43_prefix06
0.03816904769182272,0.013451801612973213,block0_future_gate1,forward,1.0,43,0.0036389529705047607,0.0723680769885026,6,0.070892333984375,0.018182432601112058,1,task01_state43_prefix06
0.0,0.0,block27_all_key_control,forward,1.0,43,0.0,0.0,6,0.0,0.0,1,task01_state43_prefix06
0.0,0.0,block0_all_key_control,forward,1.0,43,0.0,0.0,6,0.0,0.0,1,task01_state43_prefix06
0.1317477809010366,0.015197020024061203,block27_future_gate0.25,reverse,0.25,43,0.004931271076202393,0.26096375446018466,6,0.13718668619791674,0.18672412952387257,1,task01_state43_prefix06
0.15811298663081996,0.02530299685895443,block27_future_gate0.5,reverse,0.5,43,0.006462812423706055,0.503153675023194,6,0.20472208658854174,0.3859232743306885,1,task01_state43_prefix06
0.21342147257561114,0.03705073520541191,block27_future_gate0.75,reverse,0.75,43,0.009734779596328735,0.7619089649829803,6,0.2702840169270835,0.5792376837438834,1,task01_state43_prefix06
0.29741453891476133,0.04810003563761711,block27_future_gate1,reverse,1.0,43,0.012139379978179932,1.0404414176349066,6,0.36185709635416674,0.7991289480210707,1,task01_state43_prefix06
0.17868683793443427,0.058161377906799316,block27_current_gate1,reverse,1.0,43,0.014611601829528809,1.2563198062758805,6,0.079071044921875,0.9177428726644873,1,task01_state43_prefix06
0.4617537769188991,0.06932000815868378,block27_random_gate1,reverse,1.0,43,0.017154693603515625,0.47358673850707966,6,0.20527140299479174,0.08861505780110733,1,task01_state43_prefix06
0.10489280729724444,0.014281822368502617,block0_future_gate1,reverse,1.0,43,0.00522613525390625,0.29622386387762906,6,0.11046346028645848,0.22910718332103147,1,task01_state43_prefix06
0.0,0.0,block27_all_key_control,reverse,1.0,43,0.0,0.0,6,0.0,0.0,1,task01_state43_prefix06
0.0,0.0,block0_all_key_control,reverse,1.0,43,0.0,0.0,6,0.0,0.0,1,task01_state43_prefix06
-0.22980252336454773,-0.008605323731899261,block27_future_gate1_minus_block27_current_gate1,forward,1.0,43,-0.003360345959663391,-0.31425790923155894,6,-0.3953857421875,-0.2816014669722404,1,task01_state43_prefix06
-0.2075891043938687,-0.016954567283391953,block27_future_gate1_minus_block27_random_gate1,forward,1.0,43,-0.0018573850393295288,0.6501411093270427,6,-0.09429931640625,0.7031204890497249,1,task01_state43_prefix06
0.1544593482198495,0.05043157562613487,block27_future_gate1_minus_block27_all_key_control,forward,1.0,43,0.012963935732841492,1.0023624930186297,6,0.110260009765625,0.743487281585743,1,task01_state43_prefix06
0.11629030052802677,0.03697977401316166,block27_future_gate1_minus_block0_future_gate1,forward,1.0,43,0.009324982762336731,0.9299944160301271,6,0.03936767578125,0.7253048489846309,1,task01_state43_prefix06
0.11872770098032706,-0.010061342269182205,block27_future_gate1_minus_block27_current_gate1,reverse,1.0,43,-0.002472221851348877,-0.21587838864097386,6,0.28278605143229174,-0.11861392464341658,1,task01_state43_prefix06
-0.16433923800413774,-0.021219972521066666,block27_future_gate1_minus_block27_random_gate1,reverse,1.0,43,-0.005015313625335693,0.5668546791278269,6,0.156585693359375,0.7105138902199634,1,task01_state43_prefix06
0.29741453891476133,0.04810003563761711,block27_future_gate1_minus_block27_all_key_control,reverse,1.0,43,0.012139379978179932,1.0404414176349066,6,0.36185709635416674,0.7991289480210707,1,task01_state43_prefix06
0.1925217316175169,0.033818213269114494,block27_future_gate1_minus_block0_future_gate1,reverse,1.0,43,0.006913244724273682,0.7442175537572775,6,0.25139363606770826,0.5700217647000392,1,task01_state43_prefix06
0.004726219654314239,0.013453192077577114,block27_future_gate0.25,forward,0.25,10,0.004532754421234131,0.00901864268764532,0,0.11362711588541696,0.009018642687645318,2,task02_state10_prefix00
0.010436114038485862,0.024829480797052383,block27_future_gate0.5,forward,0.5,10,0.0074233487248420715,0.017932266454052267,0,0.163818359375,0.017932266454052267,2,task02_state10_prefix00
0.006484966238261121,0.030583040788769722,block27_future_gate0.75,forward,0.75,10,0.010523967444896698,0.012654347516778802,0,0.187744140625,0.012654347516778798,2,task02_state10_prefix00
0.012817788576180664,0.04301074147224426,block27_future_gate1,forward,1.0,10,0.013268992304801941,0.024972362906498454,0,0.24980672200520804,0.02497236290649844,2,task02_state10_prefix00
0.0643483610749625,0.10985836386680603,block27_current_gate1,forward,1.0,10,0.028118371963500977,0.019042966578713984,0,0.89862060546875,0.019042966578713984,2,task02_state10_prefix00
0.020752157520484128,0.04444711282849312,block27_random_gate1,forward,1.0,10,0.013391397893428802,0.01903504512836798,0,0.218780517578125,0.01903504512836798,2,task02_state10_prefix00
0.0021625730354143313,0.0118521424010396,block0_future_gate1,forward,1.0,10,0.002813473343849182,0.002590825065363117,0,0.027577718098958037,0.002590825065363117,2,task02_state10_prefix00
0.0,0.0,block27_all_key_control,forward,1.0,10,0.0,0.0,0,0.0,0.0,2,task02_state10_prefix00
0.0,0.0,block0_all_key_control,forward,1.0,10,0.0,0.0,0,0.0,0.0,2,task02_state10_prefix00
0.09452849831324571,0.0795174166560173,block27_future_gate0.25,reverse,0.25,10,0.03175711631774902,0.07582652104411337,0,0.794840494791667,0.07582652104411336,2,task02_state10_prefix00
0.07295732306422303,0.08034057915210724,block27_future_gate0.5,reverse,0.5,10,0.031459808349609375,0.03502602124839572,0,0.770355224609375,0.03502602124839572,2,task02_state10_prefix00
0.1960818576625091,0.16299515962600708,block27_future_gate0.75,reverse,0.75,10,0.06309902667999268,0.15322489505248774,0,1.5165710449218754,0.1532248950524877,2,task02_state10_prefix00
0.2057735528323052,0.17508690059185028,block27_future_gate1,reverse,1.0,10,0.06443503499031067,0.15433199843674736,0,1.617177327473959,0.15433199843674733,2,task02_state10_prefix00
0.12750884420966868,0.12883180379867554,block27_current_gate1,reverse,1.0,10,0.03877836465835571,0.09392146529664125,0,0.571146647135417,0.09392146529664122,2,task02_state10_prefix00
0.07131099477340735,0.07354562729597092,block27_random_gate1,reverse,1.0,10,0.020982861518859863,0.07779197788363586,0,0.23346964518229196,0.07779197788363583,2,task02_state10_prefix00
0.16931808421158046,0.13419103622436523,block0_future_gate1,reverse,1.0,10,0.05110707879066467,0.14485951056993226,0,1.314127604166667,0.14485951056993224,2,task02_state10_prefix00
0.0,0.0,block27_all_key_control,reverse,1.0,10,0.0,0.0,0,0.0,0.0,2,task02_state10_prefix00
0.0,0.0,block0_all_key_control,reverse,1.0,10,0.0,0.0,0,0.0,0.0,2,task02_state10_prefix00
-0.05153057249878184,-0.06684762239456177,block27_future_gate1_minus_block27_current_gate1,forward,1.0,10,-0.014849379658699036,0.00592939632778447,0,-0.648813883463542,0.005929396327784456,2,task02_state10_prefix00
-0.007934368944303464,-0.0014363713562488556,block27_future_gate1_minus_block27_random_gate1,forward,1.0,10,-0.00012240558862686157,0.005937317778130474,0,0.031026204427083037,0.00593731777813046,2,task02_state10_prefix00
0.012817788576180664,0.04301074147224426,block27_future_gate1_minus_block27_all_key_control,forward,1.0,10,0.013268992304801941,0.024972362906498454,0,0.24980672200520804,0.02497236290649844,2,task02_state10_prefix00
0.010655215540766334,0.031158599071204662,block27_future_gate1_minus_block0_future_gate1,forward,1.0,10,0.010455518960952759,0.02238153784113534,0,0.22222900390625,0.022381537841135325,2,task02_state10_prefix00
0.07826470862263651,0.046255096793174744,block27_future_gate1_minus_block27_current_gate1,reverse,1.0,10,0.025656670331954956,0.06041053314010611,0,1.046030680338542,0.06041053314010611,2,task02_state10_prefix00
0.13446255805889784,0.10154127329587936,block27_future_gate1_minus_block27_random_gate1,reverse,1.0,10,0.043452173471450806,0.0765400205531115,0,1.383707682291667,0.0765400205531115,2,task02_state10_prefix00
0.2057735528323052,0.17508690059185028,block27_future_gate1_minus_block27_all_key_control,reverse,1.0,10,0.06443503499031067,0.15433199843674736,0,1.617177327473959,0.15433199843674733,2,task02_state10_prefix00
0.03645546862072474,0.040895864367485046,block27_future_gate1_minus_block0_future_gate1,reverse,1.0,10,0.013327956199645996,0.009472487866815094,0,0.30304972330729196,0.009472487866815094,2,task02_state10_prefix00
2.2441415200863255,0.7392222285270691,block27_future_gate0.25,forward,0.25,27,0.7379017472267151,0.3314954536272654,3,0.37165323893229174,0.451018485865474,2,task02_state27_prefix03
5.07730287401641,1.6721404790878296,block27_future_gate0.5,forward,0.5,27,1.6696715354919434,0.536426760602031,3,0.34505208333333326,0.593056531918711,2,task02_state27_prefix03
5.259453137714838,1.7335177659988403,block27_future_gate0.75,forward,0.75,27,1.7301065921783447,0.46386767446666843,3,0.232452392578125,0.5796181033447136,2,task02_state27_prefix03
5.280276553930763,1.741614580154419,block27_future_gate1,forward,1.0,27,1.7368979454040527,0.7900649785682184,3,0.21378580729166674,0.6611827721793133,2,task02_state27_prefix03
0.3172811146078655,0.11217725276947021,block27_current_gate1,forward,1.0,27,0.10272377729415894,0.05800594392099558,3,0.11769612630208326,0.14721219665328578,2,task02_state27_prefix03
0.09530441301638529,0.05736902356147766,block27_random_gate1,forward,1.0,27,0.03374093770980835,0.4242258301535621,3,0.20570882161458348,0.21376818525919772,2,task02_state27_prefix03
0.6971908222520654,0.22930225729942322,block0_future_gate1,forward,1.0,27,0.22863253951072693,0.12025420281773379,3,0.08868408203125,0.25136232327599284,2,task02_state27_prefix03
0.0,0.0,block27_all_key_control,forward,1.0,27,0.0,0.0,3,0.0,0.0,2,task02_state27_prefix03
0.0,0.0,block0_all_key_control,forward,1.0,27,0.0,0.0,3,0.0,0.0,2,task02_state27_prefix03
0.008547584600566384,0.015328526496887207,block27_future_gate0.25,reverse,0.25,27,0.005264341831207275,0.1595641322432723,3,0.11745198567708348,0.03654804030248001,2,task02_state27_prefix03
0.024183553455873537,0.03014856018126011,block27_future_gate0.5,reverse,0.5,27,0.009928643703460693,0.2503050173875148,3,0.13413492838541696,0.17009005439595762,2,task02_state27_prefix03
0.03593866311508587,0.04259046912193298,block27_future_gate0.75,reverse,0.75,27,0.014137722551822662,0.29402055916055714,3,0.20582071940104196,0.1303619030964432,2,task02_state27_prefix03
0.12915309653447266,0.0664522647857666,block27_future_gate1,reverse,1.0,27,0.04134654998779297,0.3330766998556143,3,0.22221883138020848,0.22522259065165373,2,task02_state27_prefix03
0.004986251012235297,0.041651301085948944,block27_current_gate1,reverse,1.0,27,0.009486258029937744,0.06109328448941421,3,0.082855224609375,0.03605180508998743,2,task02_state27_prefix03
0.013911517817532236,0.044546037912368774,block27_random_gate1,reverse,1.0,27,0.013042718172073364,0.2649580409952633,3,0.07426961263020848,0.18067967090930775,2,task02_state27_prefix03
0.001431904012125621,0.014574280008673668,block0_future_gate1,reverse,1.0,27,0.004496157169342041,0.02525127561591924,3,0.09477742513020848,0.06480100966288434,2,task02_state27_prefix03
0.0,0.0,block27_all_key_control,reverse,1.0,27,0.0,0.0,3,0.0,0.0,2,task02_state27_prefix03
0.0,0.0,block0_all_key_control,reverse,1.0,27,0.0,0.0,3,0.0,0.0,2,task02_state27_prefix03
4.962995439322897,1.6294373273849487,block27_future_gate1_minus_block27_current_gate1,forward,1.0,27,1.6341741681098938,0.7320590346472229,3,0.09608968098958348,0.5139705755260275,2,task02_state27_prefix03
5.184972140914378,1.6842455565929413,block27_future_gate1_minus_block27_random_gate1,forward,1.0,27,1.7031570076942444,0.36583914841465637,3,0.00807698567708326,0.4474145869201156,2,task02_state27_prefix03
5.280276553930763,1.741614580154419,block27_future_gate1_minus_block27_all_key_control,forward,1.0,27,1.7368979454040527,0.7900649785682184,3,0.21378580729166674,0.6611827721793133,2,task02_state27_prefix03
4.583085731678698,1.5123123228549957,block27_future_gate1_minus_block0_future_gate1,forward,1.0,27,1.5082654058933258,0.6698107757504846,3,0.12510172526041674,0.4098204489033205,2,task02_state27_prefix03
0.12416684552223736,0.024800963699817657,block27_future_gate1_minus_block27_current_gate1,reverse,1.0,27,0.031860291957855225,0.2719834153662001,3,0.13936360677083348,0.1891707855616663,2,task02_state27_prefix03
0.11524157871694042,0.021906226873397827,block27_future_gate1_minus_block27_random_gate1,reverse,1.0,27,0.028303831815719604,0.06811865886035096,3,0.14794921875,0.04454291974234598,2,task02_state27_prefix03
0.12915309653447266,0.0664522647857666,block27_future_gate1_minus_block27_all_key_control,reverse,1.0,27,0.04134654998779297,0.3330766998556143,3,0.22221883138020848,0.22522259065165373,2,task02_state27_prefix03
0.12772119252234704,0.051877984777092934,block27_future_gate1_minus_block0_future_gate1,reverse,1.0,27,0.03685039281845093,0.30782542423969506,3,0.12744140625,0.1604215809887694,2,task02_state27_prefix03
0.02975545248545404,0.013706820085644722,block27_future_gate0.25,forward,0.25,43,0.003853440284729004,0.04938583740760725,6,0.3581542968749998,0.29877986090761766,2,task02_state43_prefix06
0.043904076781741366,0.023151149973273277,block27_future_gate0.5,forward,0.5,43,0.007204174995422363,0.0784586707114715,6,0.4465433756510415,0.30945046457515174,2,task02_state43_prefix06
0.04042954858426619,0.035969510674476624,block27_future_gate0.75,forward,0.75,43,0.010329484939575195,0.09266388137384836,6,0.580525716145833,0.2872414715577603,2,task02_state43_prefix06
0.07070130905206769,0.046187158674001694,block27_future_gate1,forward,1.0,43,0.013714432716369629,0.09591328839779656,6,0.629018147786458,0.19300569654684802,2,task02_state43_prefix06
0.09281626829447957,0.05776372179389,block27_current_gate1,forward,1.0,43,0.013776242733001709,0.234158122189289,6,0.15945434570312478,0.004151930633249433,2,task02_state43_prefix06
0.021095873029447158,0.06513190269470215,block27_random_gate1,forward,1.0,43,0.012890875339508057,0.12875649794896077,6,0.3693033854166665,0.18603856089615284,2,task02_state43_prefix06
0.01926539957417686,0.01585392840206623,block0_future_gate1,forward,1.0,43,0.003981374204158783,0.07453303343820812,6,0.13074747721354152,0.05457862877697721,2,task02_state43_prefix06
0.0,0.0,block27_all_key_control,forward,1.0,43,0.0,0.0,6,0.0,0.0,2,task02_state43_prefix06
0.0,0.0,block0_all_key_control,forward,1.0,43,0.0,0.0,6,0.0,0.0,2,task02_state43_prefix06
0.06677800065594225,0.01786891184747219,block27_future_gate0.25,reverse,0.25,43,0.004709124565124512,0.24223014656719047,6,0.17461140950520826,0.08592621573172816,2,task02_state43_prefix06
0.08766702633565265,0.03228994086384773,block27_future_gate0.5,reverse,0.5,43,0.009387940168380737,0.10806871361876885,6,0.19493611653645826,0.1082083165116306,2,task02_state43_prefix06
0.11689530357543103,0.04540880024433136,block27_future_gate0.75,reverse,0.75,43,0.01254938542842865,0.18224683187898863,6,0.21717325846354152,0.1917250987196013,2,task02_state43_prefix06
0.16038482780883587,0.05912375822663307,block27_future_gate1,reverse,1.0,43,0.01648816466331482,0.2322462313612975,6,0.35927327473958326,0.47545537253445086,2,task02_state43_prefix06
0.08296693279774116,0.06147855147719383,block27_current_gate1,reverse,1.0,43,0.017500072717666626,0.0689758500622827,6,0.6816813151041665,0.23922928096799717,2,task02_state43_prefix06
0.03858850548921464,0.06625241041183472,block27_random_gate1,reverse,1.0,43,0.01213681697845459,0.014615225654076231,6,0.18911743164062478,0.19671079706300335,2,task02_state43_prefix06
0.00505936077134956,0.014650797471404076,block0_future_gate1,reverse,1.0,43,0.003567606210708618,0.10748858616873293,6,0.12419637044270826,0.11661900861778739,2,task02_state43_prefix06
0.0,0.0,block27_all_key_control,reverse,1.0,43,0.0,0.0,6,0.0,0.0,2,task02_state43_prefix06
0.0,0.0,block0_all_key_control,reverse,1.0,43,0.0,0.0,6,0.0,0.0,2,task02_state43_prefix06
-0.022114959242411886,-0.011576563119888306,block27_future_gate1_minus_block27_current_gate1,forward,1.0,43,-6.181001663208008e-05,-0.13824483379149244,6,0.46956380208333326,0.1888537659135986,2,task02_state43_prefix06
0.04960543602262053,-0.018944744020700455,block27_future_gate1_minus_block27_random_gate1,forward,1.0,43,0.0008235573768615723,-0.03284320955116421,6,0.2597147623697915,0.006967135650695178,2,task02_state43_prefix06
0.07070130905206769,0.046187158674001694,block27_future_gate1_minus_block27_all_key_control,forward,1.0,43,0.013714432716369629,0.09591328839779656,6,0.629018147786458,0.19300569654684802,2,task02_state43_prefix06
0.051435909477890826,0.030333230271935463,block27_future_gate1_minus_block0_future_gate1,forward,1.0,43,0.009733058512210846,0.021380254959588438,6,0.4982706705729165,0.1384270677698708,2,task02_state43_prefix06
0.07741789501109471,-0.0023547932505607605,block27_future_gate1_minus_block27_current_gate1,reverse,1.0,43,-0.0010119080543518066,0.16327038129901478,6,-0.32240804036458326,0.2362260915664537,2,task02_state43_prefix06
0.12179632231962123,-0.007128652185201645,block27_future_gate1_minus_block27_random_gate1,reverse,1.0,43,0.0043513476848602295,0.21763100570722127,6,0.17015584309895848,0.2787445754714475,2,task02_state43_prefix06
0.16038482780883587,0.05912375822663307,block27_future_gate1_minus_block27_all_key_control,reverse,1.0,43,0.01648816466331482,0.2322462313612975,6,0.35927327473958326,0.47545537253445086,2,task02_state43_prefix06
0.15532546703748631,0.044472960755228996,block27_future_gate1_minus_block0_future_gate1,reverse,1.0,43,0.012920558452606201,0.12475764519256456,6,0.235076904296875,0.35883636391666346,2,task02_state43_prefix06
0.03105798747333618,0.014616011641919613,block27_future_gate0.25,forward,0.25,10,0.005014970898628235,0.060143928143636886,0,0.038177490234375,0.060143928143636886,3,task03_state10_prefix00
0.01063650468362509,0.02102794498205185,block27_future_gate0.5,forward,0.5,10,0.006840057671070099,0.16494843459664144,0,0.01397705078125,0.16494843459664144,3,task03_state10_prefix00
0.015038365641758943,0.02851487696170807,block27_future_gate0.75,forward,0.75,10,0.007593013346195221,0.2435705280096426,0,0.09931437174479174,0.2435705280096426,3,task03_state10_prefix00
0.006439288948303692,0.041647717356681824,block27_future_gate1,forward,1.0,10,0.011571668088436127,0.35061383163401183,0,0.055511474609375,0.35061383163401183,3,task03_state10_prefix00
0.5594514610689637,0.09787386655807495,block27_current_gate1,forward,1.0,10,0.024315446615219116,0.9833794982630768,0,0.40806070963541674,0.9833794982630767,3,task03_state10_prefix00
0.0638533424823262,0.04585066810250282,block27_random_gate1,forward,1.0,10,0.0140153169631958,0.28324404863793406,0,0.08808390299479174,0.28324404863793406,3,task03_state10_prefix00
0.06525606444112303,0.014772392809391022,block0_future_gate1,forward,1.0,10,0.005394726991653442,0.06712344707088254,0,0.09961954752604174,0.06712344707088254,3,task03_state10_prefix00
0.0,0.0,block27_all_key_control,forward,1.0,10,0.0,0.0,0,0.0,0.0,3,task03_state10_prefix00
0.0,0.0,block0_all_key_control,forward,1.0,10,0.0,0.0,0,0.0,0.0,3,task03_state10_prefix00
0.028000615400636492,0.012320010922849178,block27_future_gate0.25,reverse,0.25,10,0.003746330738067627,0.11279824855053094,0,0.11152140299479174,0.11279824855053093,3,task03_state10_prefix00
0.02336175671729137,0.023272624239325523,block27_future_gate0.5,reverse,0.5,10,0.0075137000530958176,0.15758955616025064,0,0.096710205078125,0.1575895561602506,3,task03_state10_prefix00
0.01655745481892367,0.03369879722595215,block27_future_gate0.75,reverse,0.75,10,0.010324614122509956,0.2913714849591319,0,0.201934814453125,0.2913714849591319,3,task03_state10_prefix00
0.023850623773289968,0.04315485432744026,block27_future_gate1,reverse,1.0,10,0.012708108872175217,0.3456217658265257,0,0.16145833333333348,0.3456217658265257,3,task03_state10_prefix00
0.5028670043697208,0.08913698047399521,block27_current_gate1,reverse,1.0,10,0.021063707768917084,0.96324751403627,0,0.07586669921875022,0.96324751403627,3,task03_state10_prefix00
0.006210581134332551,0.03910958021879196,block27_random_gate1,reverse,1.0,10,0.010597389191389084,0.15415955237149181,0,0.29703776041666674,0.15415955237149181,3,task03_state10_prefix00
0.0013884235081243518,0.011373448185622692,block0_future_gate1,reverse,1.0,10,0.004926636815071106,0.034789263943920935,0,0.02117919921875,0.03478926394392094,3,task03_state10_prefix00
0.0,0.0,block27_all_key_control,reverse,1.0,10,0.0,0.0,0,0.0,0.0,3,task03_state10_prefix00
0.0,0.0,block0_all_key_control,reverse,1.0,10,0.0,0.0,0,0.0,0.0,3,task03_state10_prefix00
-0.55301217212066,-0.05622614920139313,block27_future_gate1_minus_block27_current_gate1,forward,1.0,10,-0.01274377852678299,-0.632765666629065,0,-0.35254923502604174,-0.6327656666290649,3,task03_state10_prefix00
-0.057414053534022506,-0.004202950745820999,block27_future_gate1_minus_block27_random_gate1,forward,1.0,10,-0.002443648874759674,0.06736978299607776,0,-0.03257242838541674,0.06736978299607776,3,task03_state10_prefix00
0.006439288948303692,0.041647717356681824,block27_future_gate1_minus_block27_all_key_control,forward,1.0,10,0.011571668088436127,0.35061383163401183,0,0.055511474609375,0.35061383163401183,3,task03_state10_prefix00
-0.058816775492819336,0.026875324547290802,block27_future_gate1_minus_block0_future_gate1,forward,1.0,10,0.006176941096782684,0.2834903845631293,0,-0.04410807291666674,0.2834903845631293,3,task03_state10_prefix00
-0.4790163805964308,-0.04598212614655495,block27_future_gate1_minus_block27_current_gate1,reverse,1.0,10,-0.008355598896741867,-0.6176257482097443,0,0.08559163411458326,-0.6176257482097443,3,task03_state10_prefix00
0.017640042638957416,0.0040452741086483,block27_future_gate1_minus_block27_random_gate1,reverse,1.0,10,0.002110719680786133,0.1914622134550339,0,-0.13557942708333326,0.1914622134550339,3,task03_state10_prefix00
0.023850623773289968,0.04315485432744026,block27_future_gate1_minus_block27_all_key_control,reverse,1.0,10,0.012708108872175217,0.3456217658265257,0,0.16145833333333348,0.3456217658265257,3,task03_state10_prefix00
0.022462200265165617,0.03178140614181757,block27_future_gate1_minus_block0_future_gate1,reverse,1.0,10,0.007781472057104111,0.31083250188260475,0,0.14027913411458348,0.31083250188260475,3,task03_state10_prefix00
0.071066877489653,0.017193710431456566,block27_future_gate0.25,forward,0.25,27,0.0069563910365104675,0.18285312627206757,3,0.194305419921875,0.18285312627206757,3,task03_state27_prefix03
0.0896074463274062,0.028530225157737732,block27_future_gate0.5,forward,0.5,27,0.010576367378234863,0.24335397334814002,3,0.4291890462239585,0.24335397334814002,3,task03_state27_prefix03
0.02334197356999342,0.041304849088191986,block27_future_gate0.75,forward,0.75,27,0.010479509830474854,0.45999605626838797,3,0.47196451822916674,0.45999605626838813,3,task03_state27_prefix03
0.12104182540635147,0.05604610964655876,block27_future_gate1,forward,1.0,27,0.013383984565734863,0.583077921253355,3,0.6567281087239583,0.583077921253355,3,task03_state27_prefix03
0.1884739799437325,0.06863712519407272,block27_current_gate1,forward,1.0,27,0.017440520226955414,0.5507111887685836,3,0.8446553548177085,0.5507111887685836,3,task03_state27_prefix03
0.09541740436894054,0.03845533728599548,block27_random_gate1,forward,1.0,27,0.01221609115600586,0.5657906024302982,3,0.7398885091145833,0.5657906024302982,3,task03_state27_prefix03
0.014723652474834077,0.011947973631322384,block0_future_gate1,forward,1.0,27,0.003919042646884918,0.06994910318274325,3,0.05533854166666674,0.06994910318274325,3,task03_state27_prefix03
0.0,0.0,block27_all_key_control,forward,1.0,27,0.0,0.0,3,0.0,0.0,3,task03_state27_prefix03
0.0,0.0,block0_all_key_control,forward,1.0,27,0.0,0.0,3,0.0,0.0,3,task03_state27_prefix03
0.043225149365013524,0.016770949587225914,block27_future_gate0.25,reverse,0.25,27,0.004856675863265991,0.1955107482644643,3,0.060638427734375,0.19551074826446432,3,task03_state27_prefix03
0.0009158822454240983,0.027234608307480812,block27_future_gate0.5,reverse,0.5,27,0.00553584098815918,0.30708292279386495,3,0.11405436197916674,0.30708292279386495,3,task03_state27_prefix03
0.0003071483370501132,0.0424489863216877,block27_future_gate0.75,reverse,0.75,27,0.008591175079345703,0.4999579137585323,3,0.150909423828125,0.49995791375853244,3,task03_state27_prefix03
0.03417960330701242,0.0548924095928669,block27_future_gate1,reverse,1.0,27,0.012638300657272339,0.596321770590135,3,0.17351277669270804,0.596321770590135,3,task03_state27_prefix03
0.010125377910512429,0.0665760189294815,block27_current_gate1,reverse,1.0,27,0.01547972857952118,0.45526208079024505,3,0.10830688476562478,0.45526208079024505,3,task03_state27_prefix03
0.022625445645969636,0.03322969377040863,block27_random_gate1,reverse,1.0,27,0.00930783897638321,0.4425440412353534,3,0.10182698567708304,0.4425440412353534,3,task03_state27_prefix03
0.05151042746940755,0.012660391628742218,block0_future_gate1,reverse,1.0,27,0.003948420286178589,0.16082806501273728,3,0.20216878255208326,0.16082806501273728,3,task03_state27_prefix03
0.0,0.0,block27_all_key_control,reverse,1.0,27,0.0,0.0,3,0.0,0.0,3,task03_state27_prefix03
0.0,0.0,block0_all_key_control,reverse,1.0,27,0.0,0.0,3,0.0,0.0,3,task03_state27_prefix03
-0.06743215453738102,-0.012591015547513962,block27_future_gate1_minus_block27_current_gate1,forward,1.0,27,-0.0040565356612205505,0.0323667324847714,3,-0.18792724609375022,0.0323667324847714,3,task03_state27_prefix03
0.02562442103741093,0.017590772360563278,block27_future_gate1_minus_block27_random_gate1,forward,1.0,27,0.001167893409729004,0.017287318823056785,3,-0.083160400390625,0.017287318823056785,3,task03_state27_prefix03
0.12104182540635147,0.05604610964655876,block27_future_gate1_minus_block27_all_key_control,forward,1.0,27,0.013383984565734863,0.583077921253355,3,0.6567281087239583,0.583077921253355,3,task03_state27_prefix03
0.1063181729315174,0.04409813601523638,block27_future_gate1_minus_block0_future_gate1,forward,1.0,27,0.009464941918849945,0.5131288180706117,3,0.6013895670572915,0.5131288180706117,3,task03_state27_prefix03
0.02405422539649999,-0.011683609336614609,block27_future_gate1_minus_block27_current_gate1,reverse,1.0,27,-0.0028414279222488403,0.14105968979988998,3,0.06520589192708326,0.14105968979988998,3,task03_state27_prefix03
0.011554157661042782,0.021662715822458267,block27_future_gate1_minus_block27_random_gate1,reverse,1.0,27,0.0033304616808891296,0.15377772935478162,3,0.071685791015625,0.15377772935478162,3,task03_state27_prefix03
0.03417960330701242,0.0548924095928669,block27_future_gate1_minus_block27_all_key_control,reverse,1.0,27,0.012638300657272339,0.596321770590135,3,0.17351277669270804,0.596321770590135,3,task03_state27_prefix03
-0.017330824162395134,0.04223201796412468,block27_future_gate1_minus_block0_future_gate1,reverse,1.0,27,0.00868988037109375,0.43549370557739775,3,-0.028656005859375222,0.43549370557739775,3,task03_state27_prefix03
0.01810295201397625,0.012273953296244144,block27_future_gate0.25,forward,0.25,43,0.0029002130031585693,0.10107522730310291,6,0.05977376302083348,0.04163060217934405,3,task03_state43_prefix06
0.030953879165479467,0.022243544459342957,block27_future_gate0.5,forward,0.5,43,0.0062712132930755615,0.32335139672251784,6,0.07749430338541696,0.22404706415876804,3,task03_state43_prefix06
0.06349124583672627,0.03298221528530121,block27_future_gate0.75,forward,0.75,43,0.009280234575271606,0.45245885485029036,6,0.08258056640625,0.27660113007650705,3,task03_state43_prefix06
0.09953638074654023,0.03988945484161377,block27_future_gate1,forward,1.0,43,0.010174781084060669,0.6487445763836488,6,0.09577433268229196,0.45480521390918943,3,task03_state43_prefix06
0.05414829278487007,0.051973458379507065,block27_current_gate1,forward,1.0,43,0.011864155530929565,0.7630091830002822,6,0.12833658854166674,0.7106002999709814,3,task03_state43_prefix06
0.0034242681240750235,0.052688516676425934,block27_random_gate1,forward,1.0,43,0.011648207902908325,0.508272245384797,6,0.321533203125,0.7137829957646252,3,task03_state43_prefix06
0.18837663221541673,0.01586804911494255,block0_future_gate1,forward,1.0,43,0.005113832652568817,0.21706890272913654,6,0.24907430013020848,0.21166642479453388,3,task03_state43_prefix06
0.0,0.0,block27_all_key_control,forward,1.0,43,0.0,0.0,6,0.0,0.0,3,task03_state43_prefix06
0.0,0.0,block0_all_key_control,forward,1.0,43,0.0,0.0,6,0.0,0.0,3,task03_state43_prefix06
0.03492285833620146,0.013596562668681145,block27_future_gate0.25,reverse,0.25,43,0.0035215020179748535,0.18877760744346966,6,0.15189615885416652,0.14410467797942253,3,task03_state43_prefix06
0.02577582791948073,0.023548610508441925,block27_future_gate0.5,reverse,0.5,43,0.006466984748840332,0.33742377491099246,6,0.24065144856770826,0.23072834999555583,3,task03_state43_prefix06
0.09301738333326415,0.03314783424139023,block27_future_gate0.75,reverse,0.75,43,0.00896427035331726,0.5000254585067826,6,0.26549275716145826,0.34626787373315565,3,task03_state43_prefix06
0.12374933564861047,0.045346010476350784,block27_future_gate1,reverse,1.0,43,0.012095451354980469,0.7350471545546423,6,0.3743896484375,0.5318106364005699,3,task03_state43_prefix06
0.33061356203589154,0.0525018647313118,block27_current_gate1,reverse,1.0,43,0.010987937450408936,1.0502956463278519,6,0.434295654296875,1.0712484133694251,3,task03_state43_prefix06
0.012039899525828351,0.052512265741825104,block27_random_gate1,reverse,1.0,43,0.012411326169967651,0.4075220602109464,6,0.19723510742187478,0.5810404647532403,3,task03_state43_prefix06
0.012818103800920848,0.012428957037627697,block0_future_gate1,reverse,1.0,43,0.00379788875579834,0.050480357337747965,6,0.04832967122395826,0.03144351124618568,3,task03_state43_prefix06
0.0,0.0,block27_all_key_control,reverse,1.0,43,0.0,0.0,6,0.0,0.0,3,task03_state43_prefix06
0.0,0.0,block0_all_key_control,reverse,1.0,43,0.0,0.0,6,0.0,0.0,3,task03_state43_prefix06
0.045388087961670154,-0.012084003537893295,block27_future_gate1_minus_block27_current_gate1,forward,1.0,43,-0.0016893744468688965,-0.1142646066166334,6,-0.03256225585937478,-0.25579508606179197,3,task03_state43_prefix06
0.0961121126224652,-0.012799061834812164,block27_future_gate1_minus_block27_random_gate1,forward,1.0,43,-0.0014734268188476562,0.1404723309988518,6,-0.22575887044270804,-0.2589777818554358,3,task03_state43_prefix06
0.09953638074654023,0.03988945484161377,block27_future_gate1_minus_block27_all_key_control,forward,1.0,43,0.010174781084060669,0.6487445763836488,6,0.09577433268229196,0.45480521390918943,3,task03_state43_prefix06
-0.0888402514688765,0.02402140572667122,block27_future_gate1_minus_block0_future_gate1,forward,1.0,43,0.005060948431491852,0.43167567365451226,6,-0.15329996744791652,0.24313878911465556,3,task03_state43_prefix06
-0.20686422638728108,-0.007155854254961014,block27_future_gate1_minus_block27_current_gate1,reverse,1.0,43,0.0011075139045715332,-0.31524849177320957,6,-0.059906005859375,-0.5394377769688552,3,task03_state43_prefix06
0.11170943612278213,-0.0071662552654743195,block27_future_gate1_minus_block27_random_gate1,reverse,1.0,43,-0.0003158748149871826,0.3275250943436959,6,0.17715454101562522,-0.049229828352670424,3,task03_state43_prefix06
0.12374933564861047,0.045346010476350784,block27_future_gate1_minus_block27_all_key_control,reverse,1.0,43,0.012095451354980469,0.7350471545546423,6,0.3743896484375,0.5318106364005699,3,task03_state43_prefix06
0.11093123184768963,0.03291705343872309,block27_future_gate1_minus_block0_future_gate1,reverse,1.0,43,0.008297562599182129,0.6845667972168944,6,0.32605997721354174,0.5003671251543842,3,task03_state43_prefix06
0.028222753288989898,0.017267247661948204,block27_future_gate0.25,forward,0.25,10,0.005123406648635864,0.006092409408473552,0,0.05357869466145848,0.006092409408473552,4,task04_state10_prefix00
0.012776743944591929,0.029944751411676407,block27_future_gate0.5,forward,0.5,10,0.010376393795013428,0.05650126901087562,0,0.11854044596354152,0.05650126901087562,4,task04_state10_prefix00
0.05028139451911121,0.04258335754275322,block27_future_gate0.75,forward,0.75,10,0.014301508665084839,0.10766347448613671,0,0.20005289713541652,0.10766347448613671,4,task04_state10_prefix00
0.09506286500190525,0.05722669139504433,block27_future_gate1,forward,1.0,10,0.020621925592422485,0.16396123891808584,0,0.3208109537760415,0.16396123891808584,4,task04_state10_prefix00
0.19717885632142243,0.10211357474327087,block27_current_gate1,forward,1.0,10,0.024879559874534607,0.23348920885628396,0,0.9057210286458333,0.23348920885628396,4,task04_state10_prefix00
0.09636306539822734,0.06089647114276886,block27_random_gate1,forward,1.0,10,0.014361634850502014,0.10369934827942556,0,0.42202758789062456,0.10369934827942556,4,task04_state10_prefix00
0.1075234424724917,0.03371844440698624,block0_future_gate1,forward,1.0,10,0.011611104011535645,0.11456594306397287,0,0.5746866861979163,0.11456594306397287,4,task04_state10_prefix00
0.0,0.0,block27_all_key_control,forward,1.0,10,0.0,0.0,0,0.0,0.0,4,task04_state10_prefix00
0.0,0.0,block0_all_key_control,forward,1.0,10,0.0,0.0,0,0.0,0.0,4,task04_state10_prefix00
0.11602750609290355,0.04600942134857178,block27_future_gate0.25,reverse,0.25,10,0.015459872782230377,0.1776934857972973,0,0.797688802083333,0.1776934857972973,4,task04_state10_prefix00
0.22560460745015035,0.08546241372823715,block27_future_gate0.5,reverse,0.5,10,0.027934223413467407,0.34178545326118587,0,1.5001017252604163,0.34178545326118587,4,task04_state10_prefix00
0.33448672418565356,0.1266547292470932,block27_future_gate0.75,reverse,0.75,10,0.042631059885025024,0.5190597264771333,0,2.2041625976562496,0.5190597264771333,4,task04_state10_prefix00
0.4481379144117706,0.16138164699077606,block27_future_gate1,reverse,1.0,10,0.057367414236068726,0.6678246440732464,0,2.850677490234375,0.6678246440732464,4,task04_state10_prefix00
0.23428193022357235,0.11027500778436661,block27_current_gate1,reverse,1.0,10,0.02689000964164734,0.25675860258266603,0,0.3778279622395835,0.25675860258266603,4,task04_state10_prefix00
0.07861051539754552,0.058108482509851456,block27_random_gate1,reverse,1.0,10,0.011758513748645782,0.04761740824714485,0,0.14389038085937456,0.04761740824714485,4,task04_state10_prefix00
0.039724659493767654,0.019556645303964615,block0_future_gate1,reverse,1.0,10,0.005911320447921753,0.03321633174751772,0,0.11583455403645848,0.03321633174751772,4,task04_state10_prefix00
0.0,0.0,block27_all_key_control,reverse,1.0,10,0.0,0.0,0,0.0,0.0,4,task04_state10_prefix00
0.0,0.0,block0_all_key_control,reverse,1.0,10,0.0,0.0,0,0.0,0.0,4,task04_state10_prefix00
-0.10211599131951718,-0.04488688334822655,block27_future_gate1_minus_block27_current_gate1,forward,1.0,10,-0.004257634282112122,-0.06952796993819813,0,-0.5849100748697917,-0.06952796993819813,4,task04_state10_prefix00
-0.0013002003963220876,-0.003669779747724533,block27_future_gate1_minus_block27_random_gate1,forward,1.0,10,0.006260290741920471,0.060261890638660276,0,-0.10121663411458304,0.060261890638660276,4,task04_state10_prefix00
0.09506286500190525,0.05722669139504433,block27_future_gate1_minus_block27_all_key_control,forward,1.0,10,0.020621925592422485,0.16396123891808584,0,0.3208109537760415,0.16396123891808584,4,task04_state10_prefix00
-0.012460577470586445,0.02350824698805809,block27_future_gate1_minus_block0_future_gate1,forward,1.0,10,0.00901082158088684,0.04939529585411297,0,-0.2538757324218748,0.04939529585411297,4,task04_state10_prefix00
0.21385598418819823,0.051106639206409454,block27_future_gate1_minus_block27_current_gate1,reverse,1.0,10,0.030477404594421387,0.41106604149058035,0,2.4728495279947915,0.41106604149058035,4,task04_state10_prefix00
0.36952739901422504,0.1032731644809246,block27_future_gate1_minus_block27_random_gate1,reverse,1.0,10,0.04560890048742294,0.6202072358261015,0,2.7067871093750004,0.6202072358261015,4,task04_state10_prefix00
0.4481379144117706,0.16138164699077606,block27_future_gate1_minus_block27_all_key_control,reverse,1.0,10,0.057367414236068726,0.6678246440732464,0,2.850677490234375,0.6678246440732464,4,task04_state10_prefix00
0.40841325491800295,0.14182500168681145,block27_future_gate1_minus_block0_future_gate1,reverse,1.0,10,0.05145609378814697,0.6346083123257287,0,2.7348429361979165,0.6346083123257287,4,task04_state10_prefix00
0.12804394795433469,0.026446936652064323,block27_future_gate0.25,forward,0.25,27,0.011318862438201904,0.016216175015019287,3,0.40022786458333326,0.12767556571111793,4,task04_state27_prefix03
0.2189126109680412,0.04282872751355171,block27_future_gate0.5,forward,0.5,27,0.020611554384231567,0.36782624363625005,3,0.7651570638020835,0.208696355383521,4,task04_state27_prefix03
0.39335712926912103,0.07136907428503036,block27_future_gate0.75,forward,0.75,27,0.0366111695766449,0.4968573224614735,3,1.1408284505208335,0.38571738409792944,4,task04_state27_prefix03
0.4457787018732871,0.08430632948875427,block27_future_gate1,forward,1.0,27,0.04396048188209534,0.18894833934250432,3,1.1996663411458335,0.41536301561076144,4,task04_state27_prefix03
0.2002114213598477,0.07701516151428223,block27_current_gate1,forward,1.0,27,0.016817212104797363,0.7256920929545598,3,0.1940816243489587,0.6152126680296627,4,task04_state27_prefix03
0.004147446358203672,0.05629926919937134,block27_random_gate1,forward,1.0,27,0.012493312358856201,0.14263901273830568,3,0.12917073567708348,0.02887705161645091,4,task04_state27_prefix03
0.006847667013262335,0.013284118846058846,block0_future_gate1,forward,1.0,27,0.0031981468200683594,0.017587483651051276,3,0.2697448730468752,0.04873061411393079,4,task04_state27_prefix03
0.0,0.0,block27_all_key_control,forward,1.0,27,0.0,0.0,3,0.0,0.0,4,task04_state27_prefix03
0.0,0.0,block0_all_key_control,forward,1.0,27,0.0,0.0,3,0.0,0.0,4,task04_state27_prefix03
0.024666923503121597,0.019380751997232437,block27_future_gate0.25,reverse,0.25,27,0.005158424377441406,0.09138473364058639,3,0.31557210286458304,0.08046551762009924,4,task04_state27_prefix03
0.06014529300961003,0.03256617486476898,block27_future_gate0.5,reverse,0.5,27,0.010712720453739166,0.15616790650568182,3,0.4650777180989578,0.14035779719465855,4,task04_state27_prefix03
0.010641616727277835,0.04755028337240219,block27_future_gate0.75,reverse,0.75,27,0.013743788003921509,0.18719730487441805,3,0.5726928710937498,0.14346272912408697,4,task04_state27_prefix03
0.0669483345673701,0.0616188608109951,block27_future_gate1,reverse,1.0,27,0.01618322730064392,0.2855699122377109,3,0.7721862792968748,0.24963080543765934,4,task04_state27_prefix03
0.05602375542980791,0.06811963766813278,block27_current_gate1,reverse,1.0,27,0.015329241752624512,0.3678257252525064,3,0.7111918131510415,0.41387373168239794,4,task04_state27_prefix03
0.010517103160369579,0.05243484675884247,block27_random_gate1,reverse,1.0,27,0.012234091758728027,0.026300335605538242,3,0.22804768880208304,0.0340755409316371,4,task04_state27_prefix03
0.008273140894905459,0.014037207700312138,block0_future_gate1,reverse,1.0,27,0.0040283203125,0.010287452706183448,3,0.08930460611979152,0.05284418767160611,4,task04_state27_prefix03
0.0,0.0,block27_all_key_control,reverse,1.0,27,0.0,0.0,3,0.0,0.0,4,task04_state27_prefix03
0.0,0.0,block0_all_key_control,reverse,1.0,27,0.0,0.0,3,0.0,0.0,4,task04_state27_prefix03
0.2455672805134394,0.007291167974472046,block27_future_gate1_minus_block27_current_gate1,forward,1.0,27,0.027143269777297974,-0.5367437536120555,3,1.0055847167968748,-0.19984965241890124,4,task04_state27_prefix03
0.4416312555150834,0.028007060289382935,block27_future_gate1_minus_block27_random_gate1,forward,1.0,27,0.031467169523239136,0.04630932660419865,3,1.07049560546875,0.3864859639943105,4,task04_state27_prefix03
0.4457787018732871,0.08430632948875427,block27_future_gate1_minus_block27_all_key_control,forward,1.0,27,0.04396048188209534,0.18894833934250432,3,1.1996663411458335,0.41536301561076144,4,task04_state27_prefix03
0.43893103486002477,0.07102221064269543,block27_future_gate1_minus_block0_future_gate1,forward,1.0,27,0.04076233506202698,0.17136085569145304,3,0.9299214680989583,0.36663240149683063,4,task04_state27_prefix03
0.01092457913756218,-0.00650077685713768,block27_future_gate1_minus_block27_current_gate1,reverse,1.0,27,0.0008539855480194092,-0.08225581301479551,3,0.06099446614583326,-0.1642429262447386,4,task04_state27_prefix03
0.056431231407000515,0.009184014052152634,block27_future_gate1_minus_block27_random_gate1,reverse,1.0,27,0.0039491355419158936,0.25926957663217265,3,0.5441385904947917,0.21555526450602225,4,task04_state27_prefix03
0.0669483345673701,0.0616188608109951,block27_future_gate1_minus_block27_all_key_control,reverse,1.0,27,0.01618322730064392,0.2855699122377109,3,0.7721862792968748,0.24963080543765934,4,task04_state27_prefix03
0.05867519367246463,0.047581653110682964,block27_future_gate1_minus_block0_future_gate1,reverse,1.0,27,0.012154906988143921,0.2752824595315274,3,0.6828816731770833,0.19678661776605322,4,task04_state27_prefix03
0.031445685840934344,0.011326102539896965,block27_future_gate0.25,forward,0.25,43,0.00280606746673584,0.1603523492555785,6,0.07471720377604152,0.15996732194001165,4,task04_state43_prefix06
0.06918845464001198,0.02006739377975464,block27_future_gate0.5,forward,0.5,43,0.004735216498374939,0.41834831575447595,6,0.08123779296874989,0.42165570913352,4,task04_state43_prefix06
0.1300056854721105,0.030274782329797745,block27_future_gate0.75,forward,0.75,43,0.007678613066673279,0.6363581571291645,6,0.11165364583333315,0.6489912278438422,4,task04_state43_prefix06
0.16796616341797424,0.03833859786391258,block27_future_gate1,forward,1.0,43,0.008788947016000748,0.8691317712321983,6,0.11650594075520815,0.8829060604822977,4,task04_state43_prefix06
0.0050472853492168415,0.06423399597406387,block27_current_gate1,forward,1.0,43,0.023996666073799133,0.8793422948493539,6,0.07980346679687489,0.9170748887216776,4,task04_state43_prefix06
0.1928988912124219,0.05419480800628662,block27_random_gate1,forward,1.0,43,0.013298586010932922,0.8697581514226415,6,0.06138102213541663,0.8739762069834461,4,task04_state43_prefix06
0.04565146685416105,0.010329746641218662,block0_future_gate1,forward,1.0,43,0.0027897506952285767,0.09173750874146014,6,0.018371582031249778,0.10141801994238285,4,task04_state43_prefix06
0.0,0.0,block27_all_key_control,forward,1.0,43,0.0,0.0,6,0.0,0.0,4,task04_state43_prefix06
0.0,0.0,block0_all_key_control,forward,1.0,43,0.0,0.0,6,0.0,0.0,4,task04_state43_prefix06
0.04864392468966073,0.013858888298273087,block27_future_gate0.25,reverse,0.25,43,0.005385007709264755,0.1944925692435112,6,0.04222615559895826,0.1955816131376965,4,task04_state43_prefix06
0.09301674724912087,0.02260327897965908,block27_future_gate0.5,reverse,0.5,43,0.0074402764439582825,0.40867915117174697,6,0.05766805013020826,0.4155661952933365,4,task04_state43_prefix06
0.10491022607490036,0.030838394537568092,block27_future_gate0.75,reverse,0.75,43,0.008999060839414597,0.5724619612919776,6,0.09878540039062489,0.5852816050259503,4,task04_state43_prefix06
0.10835334979982537,0.03769797459244728,block27_future_gate1,reverse,1.0,43,0.010235864669084549,0.7236421117983056,6,0.10454305013020837,0.7458009443152618,4,task04_state43_prefix06
0.18631074199074457,0.07313356548547745,block27_current_gate1,reverse,1.0,43,0.02736714482307434,1.2402708419416753,6,0.15943400065104163,1.3019743171904026,4,task04_state43_prefix06
0.26597258758823517,0.056064944714307785,block27_random_gate1,reverse,1.0,43,0.013420462608337402,1.0774991531538285,6,0.1516723632812499,1.1058148932893372,4,task04_state43_prefix06
0.08527527939707334,0.011113735847175121,block0_future_gate1,reverse,1.0,43,0.003566451370716095,0.1774135192656577,6,0.159759521484375,0.18383538617683773,4,task04_state43_prefix06
0.0,0.0,block27_all_key_control,reverse,1.0,43,0.0,0.0,6,0.0,0.0,4,task04_state43_prefix06
0.0,0.0,block0_all_key_control,reverse,1.0,43,0.0,0.0,6,0.0,0.0,4,task04_state43_prefix06
0.1629188780687574,-0.02589539811015129,block27_future_gate1_minus_block27_current_gate1,forward,1.0,43,-0.015207719057798386,-0.010210523617155576,6,0.03670247395833326,-0.034168828239379945,4,task04_state43_prefix06
-0.024932727794447662,-0.01585621014237404,block27_future_gate1_minus_block27_random_gate1,forward,1.0,43,-0.004509638994932175,-0.0006263801904431432,6,0.05512491861979152,0.008929853498851559,4,task04_state43_prefix06
0.16796616341797424,0.03833859786391258,block27_future_gate1_minus_block27_all_key_control,forward,1.0,43,0.008788947016000748,0.8691317712321983,6,0.11650594075520815,0.8829060604822977,4,task04_state43_prefix06
0.12231469656381319,0.02800885122269392,block27_future_gate1_minus_block0_future_gate1,forward,1.0,43,0.005999196320772171,0.7773942624907382,6,0.09813435872395837,0.7814880405399148,4,task04_state43_prefix06
-0.0779573921909192,-0.03543559089303017,block27_future_gate1_minus_block27_current_gate1,reverse,1.0,43,-0.017131280153989792,-0.5166287301433696,6,-0.05489095052083326,-0.5561733728751408,4,task04_state43_prefix06
-0.1576192377884098,-0.018366970121860504,block27_future_gate1_minus_block27_random_gate1,reverse,1.0,43,-0.0031845979392528534,-0.35385704135552287,6,-0.04712931315104152,-0.36001394897407546,4,task04_state43_prefix06
0.10835334979982537,0.03769797459244728,block27_future_gate1_minus_block27_all_key_control,reverse,1.0,43,0.010235864669084549,0.7236421117983056,6,0.10454305013020837,0.7458009443152618,4,task04_state43_prefix06
0.023078070402752032,0.02658423874527216,block27_future_gate1_minus_block0_future_gate1,reverse,1.0,43,0.006669413298368454,0.5462285925326479,6,-0.05521647135416663,0.5619655581384241,4,task04_state43_prefix06
0.059371768602224935,0.012170620262622833,block27_future_gate0.25,forward,0.25,10,0.0035573095083236694,0.14014537827682394,0,0.02702840169270815,0.140145378276824,5,task05_state10_prefix00
0.15889393741342447,0.0220325980335474,block27_future_gate0.5,forward,0.5,10,0.006275922060012817,0.32591244730642027,0,0.03597005208333326,0.3259124473064204,5,task05_state10_prefix00
0.24536179334552477,0.033235590904951096,block27_future_gate0.75,forward,0.75,10,0.010901421308517456,0.5190074445626887,0,0.03721110026041652,0.5190074445626888,5,task05_state10_prefix00
0.34335718532440734,0.04472001641988754,block27_future_gate1,forward,1.0,10,0.013663619756698608,0.7217410510241513,0,0.03981526692708326,0.7217410510241515,5,task05_state10_prefix00
0.6629813365462458,0.08138171583414078,block27_current_gate1,forward,1.0,10,0.021498501300811768,0.6412612306487795,0,0.11656697591145826,0.6412612306487797,5,task05_state10_prefix00
0.1824406255604731,0.05090603977441788,block27_random_gate1,forward,1.0,10,0.014641642570495605,0.07522291703337454,0,0.09129842122395837,0.07522291703337453,5,task05_state10_prefix00
0.060124261970037174,0.010861263610422611,block0_future_gate1,forward,1.0,10,0.00415918231010437,0.09949163718071963,0,0.10556030273437489,0.09949163718071966,5,task05_state10_prefix00
0.0,0.0,block27_all_key_control,forward,1.0,10,0.0,0.0,0,0.0,0.0,5,task05_state10_prefix00
0.0,0.0,block0_all_key_control,forward,1.0,10,0.0,0.0,0,0.0,0.0,5,task05_state10_prefix00
0.16366577489646836,0.01555731613188982,block27_future_gate0.25,reverse,0.25,10,0.005067706108093262,0.2411433750587899,0,0.22382609049479163,0.24114337505879002,5,task05_state10_prefix00
0.30220670053686816,0.028012050315737724,block27_future_gate0.5,reverse,0.5,10,0.009301513433456421,0.4853787609617467,0,0.4093933105468751,0.4853787609617468,5,task05_state10_prefix00
0.4035039458896766,0.04120378568768501,block27_future_gate0.75,reverse,0.75,10,0.01449933648109436,0.721292074829167,0,0.5646870930989585,0.7212920748291672,5,task05_state10_prefix00
0.5522200432840225,0.053858354687690735,block27_future_gate1,reverse,1.0,10,0.01868462562561035,0.9845204207983131,0,0.638824462890625,0.9845204207983133,5,task05_state10_prefix00
0.7671513285665181,0.0893588662147522,block27_current_gate1,reverse,1.0,10,0.023345649242401123,0.6674526176437312,0,0.41188557942708337,0.6674526176437313,5,task05_state10_prefix00
0.2886052496415255,0.05440603941679001,block27_random_gate1,reverse,1.0,10,0.016576170921325684,0.11159435385453353,0,0.04370117187500022,0.11159435385453356,5,task05_state10_prefix00
0.020083979869062404,0.011321336030960083,block0_future_gate1,reverse,1.0,10,0.004358164966106415,0.06687988071013964,0,0.01625569661458337,0.06687988071013966,5,task05_state10_prefix00
0.0,0.0,block27_all_key_control,reverse,1.0,10,0.0,0.0,0,0.0,0.0,5,task05_state10_prefix00
0.0,0.0,block0_all_key_control,reverse,1.0,10,0.0,0.0,0,0.0,0.0,5,task05_state10_prefix00
-0.31962415122183846,-0.036661699414253235,block27_future_gate1_minus_block27_current_gate1,forward,1.0,10,-0.00783488154411316,0.08047982037537182,0,-0.076751708984375,0.08047982037537182,5,task05_state10_prefix00
0.16091655976393424,-0.0061860233545303345,block27_future_gate1_minus_block27_random_gate1,forward,1.0,10,-0.000978022813796997,0.6465181339907767,0,-0.05148315429687511,0.6465181339907771,5,task05_state10_prefix00
0.34335718532440734,0.04472001641988754,block27_future_gate1_minus_block27_all_key_control,forward,1.0,10,0.013663619756698608,0.7217410510241513,0,0.03981526692708326,0.7217410510241515,5,task05_state10_prefix00
0.28323292335437017,0.03385875280946493,block27_future_gate1_minus_block0_future_gate1,forward,1.0,10,0.009504437446594238,0.6222494138434317,0,-0.06574503580729163,0.6222494138434319,5,task05_state10_prefix00
-0.2149312852824956,-0.03550051152706146,block27_future_gate1_minus_block27_current_gate1,reverse,1.0,10,-0.0046610236167907715,0.31706780315458194,0,0.22693888346354163,0.31706780315458194,5,task05_state10_prefix00
0.263614793642497,-0.0005476847290992737,block27_future_gate1_minus_block27_random_gate1,reverse,1.0,10,0.002108454704284668,0.8729260669437796,0,0.5951232910156248,0.8729260669437797,5,task05_state10_prefix00
0.5522200432840225,0.053858354687690735,block27_future_gate1_minus_block27_all_key_control,reverse,1.0,10,0.01868462562561035,0.9845204207983131,0,0.638824462890625,0.9845204207983133,5,task05_state10_prefix00
0.5321360634149601,0.04253701865673065,block27_future_gate1_minus_block0_future_gate1,reverse,1.0,10,0.014326460659503937,0.9176405400881735,0,0.6225687662760416,0.9176405400881736,5,task05_state10_prefix00
0.048897354468621784,0.011653647758066654,block27_future_gate0.25,forward,0.25,27,0.0028446242213249207,0.11364916804672802,3,0.12412516276041663,0.11157000347788677,5,task05_state27_prefix03
0.06942464975722046,0.019959911704063416,block27_future_gate0.5,forward,0.5,27,0.004820585250854492,0.2333512020807756,3,0.16151936848958337,0.23962216132250114,5,task05_state27_prefix03
0.12017814564508679,0.02840007282793522,block27_future_gate0.75,forward,0.75,27,0.0072702690958976746,0.28007386486284047,3,0.14461263020833337,0.28795416320771866,5,task05_state27_prefix03
0.14011665112621355,0.037166494876146317,block27_future_gate1,forward,1.0,27,0.010159425437450409,0.3326999630439655,3,0.16100056966145826,0.33866477840987996,5,task05_state27_prefix03
0.16287624961429129,0.04162728413939476,block27_current_gate1,forward,1.0,27,0.012217879295349121,0.8036025613039892,3,0.11185709635416674,0.8121975451225552,5,task05_state27_prefix03
0.2827778879101047,0.05709679424762726,block27_random_gate1,forward,1.0,27,0.009925048798322678,1.3267087639889568,3,0.22832234700520826,1.3319738969690336,5,task05_state27_prefix03
0.07033192806455271,0.01179479993879795,block0_future_gate1,forward,1.0,27,0.0036209821701049805,0.16970970628629178,3,0.21019490559895837,0.164501746975197,5,task05_state27_prefix03
0.0,0.0,block27_all_key_control,forward,1.0,27,0.0,0.0,3,0.0,0.0,5,task05_state27_prefix03
0.0,0.0,block0_all_key_control,forward,1.0,27,0.0,0.0,3,0.0,0.0,5,task05_state27_prefix03
0.09715830177942793,0.013257904909551144,block27_future_gate0.25,reverse,0.25,27,0.0040452368557453156,0.06855702954348919,3,0.18467203776041663,0.08013100223103575,5,task05_state27_prefix03
0.09309888891632896,0.02096944861114025,block27_future_gate0.5,reverse,0.5,27,0.00564885139465332,0.04135762425666326,3,0.14815266927083326,0.04667129158222126,5,task05_state27_prefix03
0.10118677128797336,0.030363842844963074,block27_future_gate0.75,reverse,0.75,27,0.007321953773498535,0.11399360846349646,3,0.13126627604166663,0.12830541544237223,5,task05_state27_prefix03
0.14314111746313785,0.03917261213064194,block27_future_gate1,reverse,1.0,27,0.009249567985534668,0.2588659447969345,3,0.15425618489583326,0.27216898182422256,5,task05_state27_prefix03
0.11985153035240326,0.044309791177511215,block27_current_gate1,reverse,1.0,27,0.0129472017288208,0.7505093707340252,3,0.16446940104166674,0.7645692137703965,5,task05_state27_prefix03
0.2765968056157486,0.05813901126384735,block27_random_gate1,reverse,1.0,27,0.010251477360725403,1.3448265712891279,3,0.08277384440104152,1.3612667030243804,5,task05_state27_prefix03
0.0107586811282293,0.011034415103495121,block0_future_gate1,reverse,1.0,27,0.002950849011540413,0.07532442336104489,3,0.1291503906249999,0.08456667545066518,5,task05_state27_prefix03
0.0,0.0,block27_all_key_control,reverse,1.0,27,0.0,0.0,3,0.0,0.0,5,task05_state27_prefix03
0.0,0.0,block0_all_key_control,reverse,1.0,27,0.0,0.0,3,0.0,0.0,5,task05_state27_prefix03
-0.022759598488077737,-0.004460789263248444,block27_future_gate1_minus_block27_current_gate1,forward,1.0,27,-0.002058453857898712,-0.47090259826002373,3,0.04914347330729152,-0.4735327667126752,5,task05_state27_prefix03
-0.14266123678389117,-0.019930299371480942,block27_future_gate1_minus_block27_random_gate1,forward,1.0,27,0.00023437663912773132,-0.9940088009449912,3,-0.06732177734375,-0.9933091185591536,5,task05_state27_prefix03
0.14011665112621355,0.037166494876146317,block27_future_gate1_minus_block27_all_key_control,forward,1.0,27,0.010159425437450409,0.3326999630439655,3,0.16100056966145826,0.33866477840987996,5,task05_state27_prefix03
0.06978472306166084,0.025371694937348366,block27_future_gate1_minus_block0_future_gate1,forward,1.0,27,0.0065384432673454285,0.1629902567576737,3,-0.04919433593750011,0.17416303143468295,5,task05_state27_prefix03
0.02328958711073459,-0.005137179046869278,block27_future_gate1_minus_block27_current_gate1,reverse,1.0,27,-0.003697633743286133,-0.49164342593709076,3,-0.010213216145833481,-0.492400231946174,5,task05_state27_prefix03
-0.13345568815261077,-0.018966399133205414,block27_future_gate1_minus_block27_random_gate1,reverse,1.0,27,-0.0010019093751907349,-1.0859606264921933,3,0.07148234049479174,-1.0890977212001578,5,task05_state27_prefix03
0.14314111746313785,0.03917261213064194,block27_future_gate1_minus_block27_all_key_control,reverse,1.0,27,0.009249567985534668,0.2588659447969345,3,0.15425618489583326,0.27216898182422256,5,task05_state27_prefix03
0.13238243633490854,0.028138197027146816,block27_future_gate1_minus_block0_future_gate1,reverse,1.0,27,0.006298718973994255,0.1835415214358896,3,0.02510579427083337,0.18760230637355738,5,task05_state27_prefix03
0.03500184234437665,0.013606222346425056,block27_future_gate0.25,forward,0.25,43,0.003664344549179077,0.01125117902919999,6,0.03194173177083326,0.04276267184645838,5,task05_state43_prefix06
0.0033480751548887943,0.02171451412141323,block27_future_gate0.5,forward,0.5,43,0.00625261664390564,0.010002203842550354,6,0.13617960611979163,0.1943539520940714,5,task05_state43_prefix06
0.013515780041287617,0.032425299286842346,block27_future_gate0.75,forward,0.75,43,0.009712934494018555,0.08140844362274809,6,0.1797180175781249,0.16794904056808874,5,task05_state43_prefix06
0.02873717607388441,0.04428477957844734,block27_future_gate1,forward,1.0,43,0.013602107763290405,0.047095955121612,6,0.22966512044270826,0.2901355064728741,5,task05_state43_prefix06
0.2033894345375186,0.044604573398828506,block27_current_gate1,forward,1.0,43,0.012927725911140442,0.16421904733843157,6,0.08835856119791652,0.3101909719818249,5,task05_state43_prefix06
0.15159851162832988,0.05616578087210655,block27_random_gate1,forward,1.0,43,0.012285888195037842,0.20808692306864848,6,0.2689819335937499,1.0180620487725995,5,task05_state43_prefix06
0.175356330725771,0.01782318577170372,block0_future_gate1,forward,1.0,43,0.006264001131057739,0.1442225385665121,6,0.08021036783854163,0.19704555072799226,5,task05_state43_prefix06
0.0,0.0,block27_all_key_control,forward,1.0,43,0.0,0.0,6,0.0,0.0,5,task05_state43_prefix06
0.0,0.0,block0_all_key_control,forward,1.0,43,0.0,0.0,6,0.0,0.0,5,task05_state43_prefix06
0.08235721423941592,0.01424308493733406,block27_future_gate0.25,reverse,0.25,43,0.004519075155258179,0.11883843351653846,6,0.012471516927083481,0.21678821563218767,5,task05_state43_prefix06
0.09276127473807211,0.023458682000637054,block27_future_gate0.5,reverse,0.5,43,0.007024228572845459,0.1100216679200218,6,0.02940877278645837,0.30196410092655185,5,task05_state43_prefix06
0.14927886319161238,0.034230295568704605,block27_future_gate0.75,reverse,0.75,43,0.009894147515296936,0.10224572706013642,6,0.03857421875000011,0.4006531762966141,5,task05_state43_prefix06
0.11234250769874102,0.04522484540939331,block27_future_gate1,reverse,1.0,43,0.013768300414085388,0.006958271248769375,6,0.04743448893229174,0.4045849062914008,5,task05_state43_prefix06
0.0373101460472393,0.04547495022416115,block27_current_gate1,reverse,1.0,43,0.011052846908569336,0.3252376247955682,6,0.1339721679687501,0.5466762239001417,5,task05_state43_prefix06
0.041354098081350696,0.057782094925642014,block27_random_gate1,reverse,1.0,43,0.011250831186771393,0.4833613387976006,6,0.04099527994791674,1.3574225422864286,5,task05_state43_prefix06
0.027222291099624246,0.01364233810454607,block0_future_gate1,reverse,1.0,43,0.006470054388046265,0.08253166126999567,6,0.08184814453125,0.10702810142083526,5,task05_state43_prefix06
0.0,0.0,block27_all_key_control,reverse,1.0,43,0.0,0.0,6,0.0,0.0,5,task05_state43_prefix06
0.0,0.0,block0_all_key_control,reverse,1.0,43,0.0,0.0,6,0.0,0.0,5,task05_state43_prefix06
-0.1746522584636342,-0.00031979382038116455,block27_future_gate1_minus_block27_current_gate1,forward,1.0,43,0.0006743818521499634,-0.11712309221681957,6,0.14130655924479174,-0.020055465508950765,5,task05_state43_prefix06
-0.12286133555444548,-0.01188100129365921,block27_future_gate1_minus_block27_random_gate1,forward,1.0,43,0.0013162195682525635,-0.1609909679470365,6,-0.03931681315104163,-0.7279265422997254,5,task05_state43_prefix06
0.02873717607388441,0.04428477957844734,block27_future_gate1_minus_block27_all_key_control,forward,1.0,43,0.013602107763290405,0.047095955121612,6,0.22966512044270826,0.2901355064728741,5,task05_state43_prefix06
-0.1466191546518866,0.026461593806743622,block27_future_gate1_minus_block0_future_gate1,forward,1.0,43,0.007338106632232666,-0.0971265834449001,6,0.14945475260416663,0.09308995574488185,5,task05_state43_prefix06
0.07503236165150172,-0.0002501048147678375,block27_future_gate1_minus_block27_current_gate1,reverse,1.0,43,0.0027154535055160522,-0.31827935354679887,6,-0.08653767903645837,-0.14209131760874089,5,task05_state43_prefix06
0.07098840961739032,-0.012557249516248703,block27_future_gate1_minus_block27_random_gate1,reverse,1.0,43,0.0025174692273139954,-0.47640306754883127,6,0.006439208984375,-0.9528376359950277,5,task05_state43_prefix06
0.11234250769874102,0.04522484540939331,block27_future_gate1_minus_block27_all_key_control,reverse,1.0,43,0.013768300414085388,0.006958271248769375,6,0.04743448893229174,0.4045849062914008,5,task05_state43_prefix06
0.08512021659911677,0.03158250730484724,block27_future_gate1_minus_block0_future_gate1,reverse,1.0,43,0.0072982460260391235,-0.07557339002122629,6,-0.03441365559895826,0.29755680487056557,5,task05_state43_prefix06
0.06786881865980049,0.016781050711870193,block27_future_gate0.25,forward,0.25,10,0.006205327808856964,0.07545824249050136,0,0.21849568684895826,0.07545824249050136,6,task06_state10_prefix00
0.13764348163116333,0.03198406100273132,block27_future_gate0.5,forward,0.5,10,0.010777890682220459,0.15449991907700594,0,0.4332275390625,0.15449991907700594,6,task06_state10_prefix00
0.22170912026656608,0.04925892502069473,block27_future_gate0.75,forward,0.75,10,0.017654776573181152,0.23886744711594676,0,0.679524739583333,0.23886744711594676,6,task06_state10_prefix00
0.30023969053085886,0.06602496653795242,block27_future_gate1,forward,1.0,10,0.02365019917488098,0.3265290899354775,0,0.8863728841145833,0.3265290899354775,6,task06_state10_prefix00
0.1971389795334612,0.0822126567363739,block27_current_gate1,forward,1.0,10,0.01778237521648407,0.23553134475886411,0,0.5505777994791665,0.23553134475886411,6,task06_state10_prefix00
0.06109130057222675,0.04803840070962906,block27_random_gate1,forward,1.0,10,0.009583711624145508,0.09147372191993897,0,0.16593424479166674,0.09147372191993897,6,task06_state10_prefix00
0.02643789180978902,0.010998130775988102,block0_future_gate1,forward,1.0,10,0.0031091272830963135,0.03397521213955528,0,0.104217529296875,0.03397521213955528,6,task06_state10_prefix00
0.0,0.0,block27_all_key_control,forward,1.0,10,0.0,0.0,0,0.0,0.0,6,task06_state10_prefix00
0.0,0.0,block0_all_key_control,forward,1.0,10,0.0,0.0,0,0.0,0.0,6,task06_state10_prefix00
0.004391891374701311,0.010207547806203365,block27_future_gate0.25,reverse,0.25,10,0.002711564302444458,0.008556765055000012,0,0.14869181315104218,0.008556765055000012,6,task06_state10_prefix00
0.05395702698071841,0.021653445437550545,block27_future_gate0.5,reverse,0.5,10,0.007031917572021484,0.05411212779290466,0,0.19295247395833348,0.05411212779290466,6,task06_state10_prefix00
0.06959294916589652,0.031243260949850082,block27_future_gate0.75,reverse,0.75,10,0.009461089968681335,0.07077907054067109,0,0.2437337239583337,0.07077907054067109,6,task06_state10_prefix00
0.0862865566761644,0.040306657552719116,block27_future_gate1,reverse,1.0,10,0.010489940643310547,0.08695929009651397,0,0.28834025065104174,0.08695929009651397,6,task06_state10_prefix00
0.24170669378144005,0.08717261254787445,block27_current_gate1,reverse,1.0,10,0.021061748266220093,0.29236788450330686,0,0.1963094075520837,0.29236788450330686,6,task06_state10_prefix00
0.05664109641955215,0.04900698736310005,block27_random_gate1,reverse,1.0,10,0.008853189647197723,0.07785173447750461,0,0.09434000651041696,0.07785173447750461,6,task06_state10_prefix00
0.023936777913880502,0.012602077797055244,block0_future_gate1,reverse,1.0,10,0.004192650318145752,0.03968817302601646,0,0.0484212239583337,0.03968817302601646,6,task06_state10_prefix00
0.0,0.0,block27_all_key_control,reverse,1.0,10,0.0,0.0,0,0.0,0.0,6,task06_state10_prefix00
0.0,0.0,block0_all_key_control,reverse,1.0,10,0.0,0.0,0,0.0,0.0,6,task06_state10_prefix00
0.10310071099739765,-0.01618769019842148,block27_future_gate1_minus_block27_current_gate1,forward,1.0,10,0.005867823958396912,0.09099774517661341,0,0.33579508463541674,0.09099774517661341,6,task06_state10_prefix00
0.2391483899586321,0.017986565828323364,block27_future_gate1_minus_block27_random_gate1,forward,1.0,10,0.014066487550735474,0.23505536801553856,0,0.7204386393229165,0.23505536801553856,6,task06_state10_prefix00
0.30023969053085886,0.06602496653795242,block27_future_gate1_minus_block27_all_key_control,forward,1.0,10,0.02365019917488098,0.3265290899354775,0,0.8863728841145833,0.3265290899354775,6,task06_state10_prefix00
0.27380179872106986,0.05502683576196432,block27_future_gate1_minus_block0_future_gate1,forward,1.0,10,0.020541071891784668,0.29255387779592223,0,0.7821553548177083,0.29255387779592223,6,task06_state10_prefix00
-0.15542013710527564,-0.046865954995155334,block27_future_gate1_minus_block27_current_gate1,reverse,1.0,10,-0.010571807622909546,-0.20540859440679288,0,0.09203084309895804,-0.20540859440679288,6,task06_state10_prefix00
0.02964546025661225,-0.008700329810380936,block27_future_gate1_minus_block27_random_gate1,reverse,1.0,10,0.0016367509961128235,0.009107555619009361,0,0.19400024414062478,0.009107555619009361,6,task06_state10_prefix00
0.0862865566761644,0.040306657552719116,block27_future_gate1_minus_block27_all_key_control,reverse,1.0,10,0.010489940643310547,0.08695929009651397,0,0.28834025065104174,0.08695929009651397,6,task06_state10_prefix00
0.0623497787622839,0.027704579755663872,block27_future_gate1_minus_block0_future_gate1,reverse,1.0,10,0.006297290325164795,0.04727111707049751,0,0.23991902669270804,0.04727111707049751,6,task06_state10_prefix00
0.1498733913637297,0.012640508823096752,block27_future_gate0.25,forward,0.25,27,0.004320979118347168,0.9461932953903637,3,0.3011779785156251,0.19819806710010193,6,task06_state27_prefix03
0.3383083445702114,0.022693349048495293,block27_future_gate0.5,forward,0.5,27,0.006942301988601685,0.4614645160560959,3,0.32041422526041663,0.3672169613515226,6,task06_state27_prefix03
0.36797466344158813,0.029767751693725586,block27_future_gate0.75,forward,0.75,27,0.010451734066009521,0.2696858396331875,3,0.10721842447916674,0.38743075821730266,6,task06_state27_prefix03
0.5971439829926691,0.04255404323339462,block27_future_gate1,forward,1.0,27,0.014720439910888672,0.07282798135946031,3,0.22032674153645837,0.780521257019362,6,task06_state27_prefix03
0.30892576359114343,0.05587822198867798,block27_current_gate1,forward,1.0,27,0.014465570449829102,0.11619347629796233,3,0.39930216471354163,0.47129731349702236,6,task06_state27_prefix03
0.9081858689528572,0.07098966836929321,block27_random_gate1,forward,1.0,27,0.016647696495056152,0.22241266365447349,3,0.40218098958333337,2.126687461375134,6,task06_state27_prefix03
0.004170123929122401,0.010039586573839188,block0_future_gate1,forward,1.0,27,0.0033489465713500977,0.42338061718353004,3,0.02227783203125011,0.10387114526591766,6,task06_state27_prefix03
0.0,0.0,block27_all_key_control,forward,1.0,27,0.0,0.0,3,0.0,0.0,6,task06_state27_prefix03
0.0,0.0,block0_all_key_control,forward,1.0,27,0.0,0.0,3,0.0,0.0,6,task06_state27_prefix03
0.04834367140644639,0.008635202422738075,block27_future_gate0.25,reverse,0.25,27,0.002076976001262665,1.509716512875409,3,0.2765502929687502,0.23936605735421498,6,task06_state27_prefix03
0.1708675399347079,0.017271101474761963,block27_future_gate0.5,reverse,0.5,27,0.004598870873451233,0.9352874339797026,3,0.3158162434895835,0.10017702351858707,6,task06_state27_prefix03
0.2182480682109582,0.023221274837851524,block27_future_gate0.75,reverse,0.75,27,0.007997564971446991,1.1451774350977364,3,0.37482706705729174,0.24379508526647561,6,task06_state27_prefix03
0.26361932009865463,0.031002169474959373,block27_future_gate1,reverse,1.0,27,0.010538890957832336,0.698754445857806,3,0.3530578613281252,0.3102684484278931,6,task06_state27_prefix03
0.28141946460236955,0.06167713552713394,block27_current_gate1,reverse,1.0,27,0.013944647274911404,0.8113895420919032,3,0.17771402994791674,0.5999973151524517,6,task06_state27_prefix03
0.8405549000388218,0.07083173096179962,block27_random_gate1,reverse,1.0,27,0.016112707555294037,0.6914666216680696,3,0.26719156901041674,2.096590510656405,6,task06_state27_prefix03
0.04534768903952884,0.0117148132994771,block0_future_gate1,reverse,1.0,27,0.00420987606048584,0.04907283863338717,3,0.27020263671875,0.16915243987783454,6,task06_state27_prefix03
0.0,0.0,block27_all_key_control,reverse,1.0,27,0.0,0.0,3,0.0,0.0,6,task06_state27_prefix03
0.0,0.0,block0_all_key_control,reverse,1.0,27,0.0,0.0,3,0.0,0.0,6,task06_state27_prefix03
0.2882182194015257,-0.013324178755283356,block27_future_gate1_minus_block27_current_gate1,forward,1.0,27,0.0002548694610595703,-0.04336549493850202,3,-0.17897542317708326,0.3092239435223397,6,task06_state27_prefix03
-0.3110418859601881,-0.02843562513589859,block27_future_gate1_minus_block27_random_gate1,forward,1.0,27,-0.0019272565841674805,-0.14958468229501318,3,-0.181854248046875,-1.346166204355772,6,task06_state27_prefix03
0.5971439829926691,0.04255404323339462,block27_future_gate1_minus_block27_all_key_control,forward,1.0,27,0.014720439910888672,0.07282798135946031,3,0.22032674153645837,0.780521257019362,6,task06_state27_prefix03
0.5929738590635467,0.032514456659555435,block27_future_gate1_minus_block0_future_gate1,forward,1.0,27,0.011371493339538574,-0.3505526358240697,3,0.19804890950520826,0.6766501117534444,6,task06_state27_prefix03
-0.01780014450371492,-0.030674966052174568,block27_future_gate1_minus_block27_current_gate1,reverse,1.0,27,-0.0034057563170790672,-0.11263509623409718,3,0.17534383138020848,-0.2897288667245586,6,task06_state27_prefix03
-0.5769355799401672,-0.03982956148684025,block27_future_gate1_minus_block27_random_gate1,reverse,1.0,27,-0.0055738165974617004,0.007287824189736392,3,0.08586629231770848,-1.786322062228512,6,task06_state27_prefix03
0.26361932009865463,0.031002169474959373,block27_future_gate1_minus_block27_all_key_control,reverse,1.0,27,0.010538890957832336,0.698754445857806,3,0.3530578613281252,0.3102684484278931,6,task06_state27_prefix03
0.21827163105912578,0.019287356175482273,block27_future_gate1_minus_block0_future_gate1,reverse,1.0,27,0.006329014897346497,0.6496816072244188,3,0.08285522460937522,0.14111600855005854,6,task06_state27_prefix03
0.022767450457891858,0.011858652345836163,block27_future_gate0.25,forward,0.25,43,0.0031994283199310303,0.7396128856506482,6,1.2756856282552085,0.7055747640366913,6,task06_state43_prefix06
0.030272262698026648,0.023995695635676384,block27_future_gate0.5,forward,0.5,43,0.005775265395641327,0.0797879505582218,6,0.29047648111979163,0.23692446496153138,6,task06_state43_prefix06
0.058046304606093904,0.032770220190286636,block27_future_gate0.75,forward,0.75,43,0.007903903722763062,0.17207920314098404,6,0.3852233886718749,0.4230629565331402,6,task06_state43_prefix06
0.11329834271394548,0.0436788909137249,block27_future_gate1,forward,1.0,43,0.010074570775032043,0.6004215839703213,6,0.9433898925781251,0.9021247796806259,6,task06_state43_prefix06
0.12514277380450234,0.04093037545681,block27_current_gate1,forward,1.0,43,0.011112809181213379,0.44006668929946124,6,1.2377421061197915,0.38268217113208397,6,task06_state43_prefix06
0.3208069997554654,0.05105163902044296,block27_random_gate1,forward,1.0,43,0.008691776543855667,0.5830747657843467,6,0.5919799804687501,0.21620056243750202,6,task06_state43_prefix06
0.12819696094337724,0.010945191606879234,block0_future_gate1,forward,1.0,43,0.004103749990463257,0.7145754160400268,6,1.30120849609375,0.6369508112826558,6,task06_state43_prefix06
0.0,0.0,block27_all_key_control,forward,1.0,43,0.0,0.0,6,0.0,0.0,6,task06_state43_prefix06
0.0,0.0,block0_all_key_control,forward,1.0,43,0.0,0.0,6,0.0,0.0,6,task06_state43_prefix06
0.0038174714220757674,0.012136259116232395,block27_future_gate0.25,reverse,0.25,43,0.0028017908334732056,0.019910270388170715,6,0.248870849609375,0.09912837319397791,6,task06_state43_prefix06
0.03485650890435135,0.020789766684174538,block27_future_gate0.5,reverse,0.5,43,0.004447154700756073,0.4735822249107515,6,1.269032796223958,0.25687545872540696,6,task06_state43_prefix06
0.03002232032383261,0.02997901290655136,block27_future_gate0.75,reverse,0.75,43,0.007108800113201141,0.02974081931497712,6,0.4682617187499999,0.2450164698370645,6,task06_state43_prefix06
0.07909578007393636,0.040204018354415894,block27_future_gate1,reverse,1.0,43,0.008886270225048065,0.12576684796947254,6,0.6988525390624999,0.2563701030209551,6,task06_state43_prefix06
0.23749099200005291,0.0358315072953701,block27_current_gate1,reverse,1.0,43,0.008256196975708008,0.1646222634671437,6,0.34024047851562467,0.1420175931225397,6,task06_state43_prefix06
0.40829658719389333,0.057682737708091736,block27_random_gate1,reverse,1.0,43,0.010099783539772034,0.47157579815249345,6,1.22705078125,0.7653411533724955,6,task06_state43_prefix06
0.038604727247684,0.012667711824178696,block0_future_gate1,reverse,1.0,43,0.0036232471466064453,0.0913496587200955,6,0.05892944335937489,0.05956706356008753,6,task06_state43_prefix06
0.0,0.0,block27_all_key_control,reverse,1.0,43,0.0,0.0,6,0.0,0.0,6,task06_state43_prefix06
0.0,0.0,block0_all_key_control,reverse,1.0,43,0.0,0.0,6,0.0,0.0,6,task06_state43_prefix06
-0.011844431090556856,0.0027485154569149017,block27_future_gate1_minus_block27_current_gate1,forward,1.0,43,-0.0010382384061813354,0.16035489467086006,6,-0.2943522135416664,0.519442608548542,6,task06_state43_prefix06
-0.2075086570415199,-0.007372748106718063,block27_future_gate1_minus_block27_random_gate1,forward,1.0,43,0.0013827942311763763,0.01734681818597461,6,0.351409912109375,0.6859242172431239,6,task06_state43_prefix06
0.11329834271394548,0.0436788909137249,block27_future_gate1_minus_block27_all_key_control,forward,1.0,43,0.010074570775032043,0.6004215839703213,6,0.9433898925781251,0.9021247796806259,6,task06_state43_prefix06
-0.014898618229431754,0.032733699306845665,block27_future_gate1_minus_block0_future_gate1,forward,1.0,43,0.005970820784568787,-0.11415383206970553,6,-0.3578186035156249,0.26517396839797003,6,task06_state43_prefix06
-0.15839521192611655,0.004372511059045792,block27_future_gate1_minus_block27_current_gate1,reverse,1.0,43,0.0006300732493400574,-0.03885541549767116,6,0.3586120605468752,0.11435250989841539,6,task06_state43_prefix06
-0.329200807119957,-0.017478719353675842,block27_future_gate1_minus_block27_random_gate1,reverse,1.0,43,-0.0012135133147239685,-0.34580895018302094,6,-0.5281982421875001,-0.5089710503515404,6,task06_state43_prefix06
0.07909578007393636,0.040204018354415894,block27_future_gate1_minus_block27_all_key_control,reverse,1.0,43,0.008886270225048065,0.12576684796947254,6,0.6988525390624999,0.2563701030209551,6,task06_state43_prefix06
0.040491052826252365,0.027536306530237198,block27_future_gate1_minus_block0_future_gate1,reverse,1.0,43,0.00526302307844162,0.03441718924937705,6,0.639923095703125,0.19680303946086755,6,task06_state43_prefix06
0.0230489864065767,0.02140631712973118,block27_future_gate0.25,forward,0.25,10,0.009614050388336182,0.017374829388446863,0,0.08140055338541652,0.017374829388446863,7,task07_state10_prefix00
0.012971323685893517,0.03253715857863426,block27_future_gate0.5,forward,0.5,10,0.013060271739959717,0.006586455092564272,0,0.14934285481770804,0.006586455092564272,7,task07_state10_prefix00
0.034724132477641494,0.049058232456445694,block27_future_gate0.75,forward,0.75,10,0.01859685778617859,0.04544511419374169,0,0.23586018880208304,0.04544511419374169,7,task07_state10_prefix00
0.011747319788970522,0.061398234218358994,block27_future_gate1,forward,1.0,10,0.022739887237548828,0.008401401988856165,0,0.2795817057291663,0.008401401988856165,7,task07_state10_prefix00
0.16550318976243725,0.08552253246307373,block27_current_gate1,forward,1.0,10,0.026828229427337646,0.013107060596953221,0,0.5484619140624996,0.013107060596953221,7,task07_state10_prefix00
0.0737857499542669,0.06315717846155167,block27_random_gate1,forward,1.0,10,0.022674083709716797,0.05308334264700401,0,0.4828898111979163,0.05308334264700401,7,task07_state10_prefix00
0.0016863218896923304,0.01380196027457714,block0_future_gate1,forward,1.0,10,0.006746470928192139,0.011706675324071951,0,0.04095458984374978,0.011706675324071951,7,task07_state10_prefix00
0.0,0.0,block27_all_key_control,forward,1.0,10,0.0,0.0,0,0.0,0.0,7,task07_state10_prefix00
0.0,0.0,block0_all_key_control,forward,1.0,10,0.0,0.0,0,0.0,0.0,7,task07_state10_prefix00
0.07224338058970564,0.023481518030166626,block27_future_gate0.25,reverse,0.25,10,0.010743856430053711,0.08098117663514623,0,0.4324035644531248,0.08098117663514623,7,task07_state10_prefix00
0.10316194287618302,0.03646791726350784,block27_future_gate0.5,reverse,0.5,10,0.016863077878952026,0.11943360479419277,0,0.6370951334635415,0.11943360479419277,7,task07_state10_prefix00
0.13381187467916644,0.048227064311504364,block27_future_gate0.75,reverse,0.75,10,0.020298272371292114,0.16175931099206062,0,0.9602457682291667,0.16175931099206062,7,task07_state10_prefix00
0.19343131987457868,0.0686924010515213,block27_future_gate1,reverse,1.0,10,0.030838757753372192,0.22140496774830076,0,1.3054300944010415,0.22140496774830076,7,task07_state10_prefix00
0.1056151978017421,0.08747673034667969,block27_current_gate1,reverse,1.0,10,0.021760404109954834,0.055679862599711916,0,0.26338704427083326,0.055679862599711916,7,task07_state10_prefix00
0.07411813030836356,0.06644958257675171,block27_random_gate1,reverse,1.0,10,0.027562856674194336,0.05204882046692905,0,0.22486368815104174,0.05204882046692905,7,task07_state10_prefix00
0.02012870113155363,0.012975960969924927,block0_future_gate1,reverse,1.0,10,0.004688084125518799,0.01795387421206247,0,0.12033081054687522,0.01795387421206247,7,task07_state10_prefix00
0.0,0.0,block27_all_key_control,reverse,1.0,10,0.0,0.0,0,0.0,0.0,7,task07_state10_prefix00
0.0,0.0,block0_all_key_control,reverse,1.0,10,0.0,0.0,0,0.0,0.0,7,task07_state10_prefix00
-0.1537558699734667,-0.024124298244714737,block27_future_gate1_minus_block27_current_gate1,forward,1.0,10,-0.004088342189788818,-0.004705658608097057,0,-0.26888020833333326,-0.004705658608097057,7,task07_state10_prefix00
-0.06203843016529638,-0.0017589442431926727,block27_future_gate1_minus_block27_random_gate1,forward,1.0,10,6.580352783203125e-05,-0.044681940658147845,0,-0.20330810546875,-0.044681940658147845,7,task07_state10_prefix00
0.011747319788970522,0.061398234218358994,block27_future_gate1_minus_block27_all_key_control,forward,1.0,10,0.022739887237548828,0.008401401988856165,0,0.2795817057291663,0.008401401988856165,7,task07_state10_prefix00
0.010060997899278192,0.04759627394378185,block27_future_gate1_minus_block0_future_gate1,forward,1.0,10,0.01599341630935669,-0.0033052733352157866,0,0.23862711588541652,-0.0033052733352157866,7,task07_state10_prefix00
0.08781612207283658,-0.018784329295158386,block27_future_gate1_minus_block27_current_gate1,reverse,1.0,10,0.009078353643417358,0.16572510514858885,0,1.0420430501302083,0.16572510514858885,7,task07_state10_prefix00
0.11931318956621512,0.0022428184747695923,block27_future_gate1_minus_block27_random_gate1,reverse,1.0,10,0.0032759010791778564,0.16935614728137172,0,1.0805664062499998,0.16935614728137172,7,task07_state10_prefix00
0.19343131987457868,0.0686924010515213,block27_future_gate1_minus_block27_all_key_control,reverse,1.0,10,0.030838757753372192,0.22140496774830076,0,1.3054300944010415,0.22140496774830076,7,task07_state10_prefix00
0.17330261874302505,0.055716440081596375,block27_future_gate1_minus_block0_future_gate1,reverse,1.0,10,0.026150673627853394,0.2034510935362383,0,1.1850992838541663,0.2034510935362383,7,task07_state10_prefix00
0.10160732152110266,0.011391295120120049,block27_future_gate0.25,forward,0.25,27,0.0034768208861351013,0.012141264895850714,3,0.06524658203125,0.012141264895850714,7,task07_state27_prefix03
0.10298341951798037,0.017295321449637413,block27_future_gate0.5,forward,0.5,27,0.004321172833442688,0.24035291699159952,3,0.19655354817708326,0.24035291699159952,7,task07_state27_prefix03
0.12777701219617038,0.024483727291226387,block27_future_gate0.75,forward,0.75,27,0.008256882429122925,0.28549250768361684,3,0.2785135904947915,0.28549250768361684,7,task07_state27_prefix03
0.1959510372183993,0.03283494710922241,block27_future_gate1,forward,1.0,27,0.011981680989265442,0.41907322879954134,3,0.31687418619791674,0.41907322879954134,7,task07_state27_prefix03
0.3933862610965204,0.06792347878217697,block27_current_gate1,forward,1.0,27,0.012867171317338943,2.5902800056609903,3,0.13176472981770848,2.5902800056609903,7,task07_state27_prefix03
0.020458938245016805,0.05102729797363281,block27_random_gate1,forward,1.0,27,0.01372063159942627,1.0619277567448384,3,0.34930419921875,1.0619277567448384,7,task07_state27_prefix03
0.08432662796731238,0.013384050689637661,block0_future_gate1,forward,1.0,27,0.0031163394451141357,0.24827061826225874,3,0.06580607096354174,0.24827061826225874,7,task07_state27_prefix03
0.0,0.0,block27_all_key_control,forward,1.0,27,0.0,0.0,3,0.0,0.0,7,task07_state27_prefix03
0.0,0.0,block0_all_key_control,forward,1.0,27,0.0,0.0,3,0.0,0.0,7,task07_state27_prefix03
0.09744410393901796,0.011421802453696728,block27_future_gate0.25,reverse,0.25,27,0.0060312822461128235,0.14118887988879075,3,0.16881306966145848,0.14118887988879075,7,task07_state27_prefix03
0.1305555942682154,0.020220821723341942,block27_future_gate0.5,reverse,0.5,27,0.008364565670490265,0.2902253828736675,3,0.177001953125,0.2902253828736675,7,task07_state27_prefix03
0.1625137345853936,0.028419675305485725,block27_future_gate0.75,reverse,0.75,27,0.010397665202617645,0.38201991331312063,3,0.20896402994791674,0.38201991331312063,7,task07_state27_prefix03
0.1605278215396551,0.03683384135365486,block27_future_gate1,reverse,1.0,27,0.013766221702098846,0.4468250219280373,3,0.21744791666666674,0.4468250219280373,7,task07_state27_prefix03
0.4824775474051453,0.06064878776669502,block27_current_gate1,reverse,1.0,27,0.013506010174751282,2.2207674900418524,3,0.5718994140625,2.2207674900418524,7,task07_state27_prefix03
0.04141006506277573,0.05165854096412659,block27_random_gate1,reverse,1.0,27,0.012945771217346191,0.899944739901066,3,0.20793660481770826,0.899944739901066,7,task07_state27_prefix03
0.07904710061476138,0.013818030245602131,block0_future_gate1,reverse,1.0,27,0.004423085600137711,0.22103674898547684,3,0.01634724934895826,0.22103674898547684,7,task07_state27_prefix03
0.0,0.0,block27_all_key_control,reverse,1.0,27,0.0,0.0,3,0.0,0.0,7,task07_state27_prefix03
0.0,0.0,block0_all_key_control,reverse,1.0,27,0.0,0.0,3,0.0,0.0,7,task07_state27_prefix03
-0.19743522387812112,-0.03508853167295456,block27_future_gate1_minus_block27_current_gate1,forward,1.0,27,-0.0008854903280735016,-2.1712067768614487,3,0.18510945638020826,-2.1712067768614487,7,task07_state27_prefix03
0.1754920989733825,-0.0181923508644104,block27_future_gate1_minus_block27_random_gate1,forward,1.0,27,-0.0017389506101608276,-0.6428545279452971,3,-0.03243001302083326,-0.6428545279452971,7,task07_state27_prefix03
0.1959510372183993,0.03283494710922241,block27_future_gate1_minus_block27_all_key_control,forward,1.0,27,0.011981680989265442,0.41907322879954134,3,0.31687418619791674,0.41907322879954134,7,task07_state27_prefix03
0.11162440925108691,0.01945089641958475,block27_future_gate1_minus_block0_future_gate1,forward,1.0,27,0.008865341544151306,0.1708026105372826,3,0.251068115234375,0.1708026105372826,7,task07_state27_prefix03
-0.3219497258654902,-0.02381494641304016,block27_future_gate1_minus_block27_current_gate1,reverse,1.0,27,0.0002602115273475647,-1.7739424681138152,3,-0.35445149739583326,-1.7739424681138152,7,task07_state27_prefix03
0.11911775647687939,-0.014824699610471725,block27_future_gate1_minus_block27_random_gate1,reverse,1.0,27,0.000820450484752655,-0.45311971797302875,3,0.009511311848958481,-0.45311971797302875,7,task07_state27_prefix03
0.1605278215396551,0.03683384135365486,block27_future_gate1_minus_block27_all_key_control,reverse,1.0,27,0.013766221702098846,0.4468250219280373,3,0.21744791666666674,0.4468250219280373,7,task07_state27_prefix03
0.08148072092489374,0.02301581110805273,block27_future_gate1_minus_block0_future_gate1,reverse,1.0,27,0.009343136101961136,0.22578827294256046,3,0.20110066731770848,0.22578827294256046,7,task07_state27_prefix03
0.01201813843332606,0.016505012288689613,block27_future_gate0.25,forward,0.25,43,0.005716219544410706,0.3105351836872518,6,0.09981282552083304,0.2671039406790934,7,task07_state43_prefix06
0.020833830682582426,0.026677463203668594,block27_future_gate0.5,forward,0.5,43,0.008577078580856323,0.34230567187933647,6,0.12932332356770826,0.24599385273264324,7,task07_state43_prefix06
0.00027122878420813933,0.034868091344833374,block27_future_gate0.75,forward,0.75,43,0.008963137865066528,0.6165578145037068,6,0.13924153645833326,0.4866522515860307,7,task07_state43_prefix06
0.03744754533876406,0.048301395028829575,block27_future_gate1,forward,1.0,43,0.014453146606683731,0.8514784697452561,6,0.14970906575520826,0.6914694520676642,7,task07_state43_prefix06
0.061979902757772085,0.050941579043865204,block27_current_gate1,forward,1.0,43,0.013580620288848877,0.2002959425811101,6,0.3443603515625,0.0549594486144998,7,task07_state43_prefix06
0.06808193049754704,0.06643246859312057,block27_random_gate1,forward,1.0,43,0.017698317766189575,0.7571388226403493,6,0.15434773763020826,0.5862811850685118,7,task07_state43_prefix06
0.034050959194753684,0.015123946592211723,block0_future_gate1,forward,1.0,43,0.0036861449480056763,0.23611382462109368,6,0.06849161783854152,0.18072466692865324,7,task07_state43_prefix06
0.0,0.0,block27_all_key_control,forward,1.0,43,0.0,0.0,6,0.0,0.0,7,task07_state43_prefix06
0.0,0.0,block0_all_key_control,forward,1.0,43,0.0,0.0,6,0.0,0.0,7,task07_state43_prefix06
0.024300145628435483,0.015090670436620712,block27_future_gate0.25,reverse,0.25,43,0.004617795348167419,0.21968207246716517,6,0.05259195963541674,0.19513337741332437,7,task07_state43_prefix06
0.003107602012620773,0.02634626254439354,block27_future_gate0.5,reverse,0.5,43,0.01012982428073883,0.31980537095183204,6,0.06212361653645848,0.2615628593514639,7,task07_state43_prefix06
0.033017789180654004,0.038828905671834946,block27_future_gate0.75,reverse,0.75,43,0.011237408965826035,0.49054051038631147,6,0.11286417643229174,0.3495272135837279,7,task07_state43_prefix06
0.013206041122897643,0.04913654550909996,block27_future_gate1,reverse,1.0,43,0.014892518520355225,0.706702255054024,6,0.113189697265625,0.5439070798896304,7,task07_state43_prefix06
0.01135784253543933,0.04981940984725952,block27_current_gate1,reverse,1.0,43,0.012945234775543213,0.08303980571980994,6,0.08165486653645826,0.1801317706581367,7,task07_state43_prefix06
0.006744923577231366,0.0681164488196373,block27_random_gate1,reverse,1.0,43,0.02005951851606369,0.7781984801471272,6,0.141632080078125,0.6029584086415124,7,task07_state43_prefix06
0.02741959127684675,0.01274112518876791,block0_future_gate1,reverse,1.0,43,0.004076600074768066,0.159211899255017,6,0.11774698893229174,0.11856416674554922,7,task07_state43_prefix06
0.0,0.0,block27_all_key_control,reverse,1.0,43,0.0,0.0,6,0.0,0.0,7,task07_state43_prefix06
0.0,0.0,block0_all_key_control,reverse,1.0,43,0.0,0.0,6,0.0,0.0,7,task07_state43_prefix06
-0.024532357419008027,-0.0026401840150356293,block27_future_gate1_minus_block27_current_gate1,forward,1.0,43,0.0008725263178348541,0.651182527164146,6,-0.19465128580729174,0.6365100034531644,7,task07_state43_prefix06
-0.030634385158782987,-0.018131073564291,block27_future_gate1_minus_block27_random_gate1,forward,1.0,43,-0.003245171159505844,0.09433964710490683,6,-0.004638671875,0.1051882669991524,7,task07_state43_prefix06
0.03744754533876406,0.048301395028829575,block27_future_gate1_minus_block27_all_key_control,forward,1.0,43,0.014453146606683731,0.8514784697452561,6,0.14970906575520826,0.6914694520676642,7,task07_state43_prefix06
0.003396586144010373,0.03317744843661785,block27_future_gate1_minus_block0_future_gate1,forward,1.0,43,0.010767001658678055,0.6153646451241624,6,0.08121744791666674,0.510744785139011,7,task07_state43_prefix06
0.0018481985874583134,-0.0006828643381595612,block27_future_gate1_minus_block27_current_gate1,reverse,1.0,43,0.0019472837448120117,0.623662449334214,6,0.03153483072916674,0.3637753092314937,7,task07_state43_prefix06
0.0064611175456662775,-0.018979903310537338,block27_future_gate1_minus_block27_random_gate1,reverse,1.0,43,-0.005166999995708466,-0.07149622509310327,6,-0.0284423828125,-0.059051328751882015,7,task07_state43_prefix06
0.013206041122897643,0.04913654550909996,block27_future_gate1_minus_block27_all_key_control,reverse,1.0,43,0.014892518520355225,0.706702255054024,6,0.113189697265625,0.5439070798896304,7,task07_state43_prefix06
-0.014213550153949107,0.03639542032033205,block27_future_gate1_minus_block0_future_gate1,reverse,1.0,43,0.010815918445587158,0.547490355799007,6,-0.004557291666666741,0.4253429131440812,7,task07_state43_prefix06
0.06959344413470445,0.020909324288368225,block27_future_gate0.25,forward,0.25,10,0.006206318736076355,0.002865995603679137,0,0.355682373046875,0.002865995603679137,8,task08_state10_prefix00
0.12347110246718203,0.0384087972342968,block27_future_gate0.5,forward,0.5,10,0.011376574635505676,0.010142296745375867,0,0.6087137858072917,0.010142296745375867,8,task08_state10_prefix00
0.14541771039441811,0.052805833518505096,block27_future_gate0.75,forward,0.75,10,0.015080302953720093,0.015343021736320994,0,0.767578125,0.015343021736320994,8,task08_state10_prefix00
0.19835804317343725,0.06918664276599884,block27_future_gate1,forward,1.0,10,0.021638259291648865,8.020112685891748e-05,0,1.017822265625,8.020112685891748e-05,8,task08_state10_prefix00
0.1946243923657878,0.07796112447977066,block27_current_gate1,forward,1.0,10,0.018575847148895264,0.05765310682579302,0,0.23647054036458326,0.05765310682579302,8,task08_state10_prefix00
0.026668110326449307,0.04054980352520943,block27_random_gate1,forward,1.0,10,0.008948802947998047,0.058704779555335374,0,0.03526814778645848,0.058704779555335374,8,task08_state10_prefix00
0.004937202212995348,0.01259829942137003,block0_future_gate1,forward,1.0,10,0.0033802390098571777,0.038536461926359795,0,0.017303466796875,0.038536461926359795,8,task08_state10_prefix00
0.0,0.0,block27_all_key_control,forward,1.0,10,0.0,0.0,0,0.0,0.0,8,task08_state10_prefix00
0.0,0.0,block0_all_key_control,forward,1.0,10,0.0,0.0,0,0.0,0.0,8,task08_state10_prefix00
0.0008177659077598059,0.011876811273396015,block27_future_gate0.25,reverse,0.25,10,0.0030797719955444336,0.02748606524673064,0,0.05187988281249978,0.02748606524673064,8,task08_state10_prefix00
0.04171275678184707,0.020893342792987823,block27_future_gate0.5,reverse,0.5,10,0.005383312702178955,0.10768106394277326,0,0.07096354166666652,0.10768106394277326,8,task08_state10_prefix00
0.07819352247922874,0.029593296349048615,block27_future_gate0.75,reverse,0.75,10,0.007657483220100403,0.16700363838916546,0,0.06738281249999978,0.16700363838916546,8,task08_state10_prefix00
0.08448633198252688,0.040109094232320786,block27_future_gate1,reverse,1.0,10,0.010868191719055176,0.22433362950761995,0,0.09493001302083326,0.22433362950761995,8,task08_state10_prefix00
0.241317624280712,0.0845957025885582,block27_current_gate1,reverse,1.0,10,0.01938667893409729,0.1016829609660702,0,0.24447631835937478,0.1016829609660702,8,task08_state10_prefix00
0.01831004086747457,0.04295465350151062,block27_random_gate1,reverse,1.0,10,0.010209202766418457,0.06883069473032058,0,0.25458780924479174,0.06883069473032058,8,task08_state10_prefix00
0.007113972092678633,0.01457042433321476,block0_future_gate1,reverse,1.0,10,0.0041571855545043945,0.03349270405716038,0,0.0601806640625,0.03349270405716038,8,task08_state10_prefix00
0.0,0.0,block27_all_key_control,reverse,1.0,10,0.0,0.0,0,0.0,0.0,8,task08_state10_prefix00
0.0,0.0,block0_all_key_control,reverse,1.0,10,0.0,0.0,0,0.0,0.0,8,task08_state10_prefix00
0.0037336508076494523,-0.00877448171377182,block27_future_gate1_minus_block27_current_gate1,forward,1.0,10,0.003062412142753601,-0.057572905698934106,0,0.7813517252604167,-0.057572905698934106,8,task08_state10_prefix00
0.17168993284698794,0.028636839240789413,block27_future_gate1_minus_block27_random_gate1,forward,1.0,10,0.012689456343650818,-0.05862457842847646,0,0.9825541178385415,-0.05862457842847646,8,task08_state10_prefix00
0.19835804317343725,0.06918664276599884,block27_future_gate1_minus_block27_all_key_control,forward,1.0,10,0.021638259291648865,8.020112685891748e-05,0,1.017822265625,8.020112685891748e-05,8,task08_state10_prefix00
0.1934208409604419,0.05658834334462881,block27_future_gate1_minus_block0_future_gate1,forward,1.0,10,0.018258020281791687,-0.03845626079950088,0,1.000518798828125,-0.03845626079950088,8,task08_state10_prefix00
-0.1568312922981851,-0.04448660835623741,block27_future_gate1_minus_block27_current_gate1,reverse,1.0,10,-0.008518487215042114,0.12265066854154975,0,-0.14954630533854152,0.12265066854154975,8,task08_state10_prefix00
0.0661762911150523,-0.0028455592691898346,block27_future_gate1_minus_block27_random_gate1,reverse,1.0,10,0.0006589889526367188,0.15550293477729937,0,-0.15965779622395848,0.15550293477729937,8,task08_state10_prefix00
0.08448633198252688,0.040109094232320786,block27_future_gate1_minus_block27_all_key_control,reverse,1.0,10,0.010868191719055176,0.22433362950761995,0,0.09493001302083326,0.22433362950761995,8,task08_state10_prefix00
0.07737235988984824,0.025538669899106026,block27_future_gate1_minus_block0_future_gate1,reverse,1.0,10,0.006711006164550781,0.19084092545045958,0,0.03474934895833326,0.19084092545045958,8,task08_state10_prefix00
0.038206937629903105,0.01255680713802576,block27_future_gate0.25,forward,0.25,27,0.003163278102874756,0.09316338301584294,3,0.02372233072916674,0.09316338301584294,8,task08_state27_prefix03
0.08354452141686637,0.022584931924939156,block27_future_gate0.5,forward,0.5,27,0.006199151277542114,0.3389542096318417,3,0.03429158528645826,0.3389542096318417,8,task08_state27_prefix03
0.11069449264786628,0.0320778414607048,block27_future_gate0.75,forward,0.75,27,0.008174002170562744,0.4452680149085759,3,0.040863037109375,0.4452680149085759,8,task08_state27_prefix03
0.14900594965620592,0.041586026549339294,block27_future_gate1,forward,1.0,27,0.01044037938117981,0.6400415850675724,3,0.044097900390625,0.6400415850675724,8,task08_state27_prefix03
0.23510294159183523,0.0713086649775505,block27_current_gate1,forward,1.0,27,0.014904797077178955,1.4048194655170347,3,0.04987589518229152,1.4048194655170347,8,task08_state27_prefix03
0.19101950291509298,0.04442032054066658,block27_random_gate1,forward,1.0,27,0.011646687984466553,0.6868832015440349,3,0.03657023111979152,0.6868832015440349,8,task08_state27_prefix03
0.014064048826158108,0.012717826291918755,block0_future_gate1,forward,1.0,27,0.0028723478317260742,0.14720355536179835,3,0.02010091145833326,0.14720355536179835,8,task08_state27_prefix03
0.0,0.0,block27_all_key_control,forward,1.0,27,0.0,0.0,3,0.0,0.0,8,task08_state27_prefix03
0.0,0.0,block0_all_key_control,forward,1.0,27,0.0,0.0,3,0.0,0.0,8,task08_state27_prefix03
0.020641547936476642,0.013579205609858036,block27_future_gate0.25,reverse,0.25,27,0.004117429256439209,0.14456262838694361,3,0.11607869466145826,0.14456262838694361,8,task08_state27_prefix03
0.037959830223025244,0.02202872931957245,block27_future_gate0.5,reverse,0.5,27,0.0068564265966415405,0.3162567227855171,3,0.1173095703125,0.3162567227855171,8,task08_state27_prefix03
0.10027645385807649,0.03447820246219635,block27_future_gate0.75,reverse,0.75,27,0.009228557348251343,0.5192530211487063,3,0.12188720703125,0.5192530211487063,8,task08_state27_prefix03
0.12593319929925717,0.041701048612594604,block27_future_gate1,reverse,1.0,27,0.010913744568824768,0.669981050054763,3,0.12358601888020826,0.669981050054763,8,task08_state27_prefix03
0.33242414880758414,0.07646676898002625,block27_current_gate1,reverse,1.0,27,0.013654083013534546,1.480458174398372,3,0.118316650390625,1.480458174398372,8,task08_state27_prefix03
0.16891476864037278,0.042198844254016876,block27_random_gate1,reverse,1.0,27,0.0112839937210083,0.5942712438135473,3,0.11899820963541674,0.5942712438135473,8,task08_state27_prefix03
0.05836400365345134,0.013524825684726238,block0_future_gate1,reverse,1.0,27,0.00468599796295166,0.0002300875237479939,3,0.10552978515625,0.0002300875237479939,8,task08_state27_prefix03
0.0,0.0,block27_all_key_control,reverse,1.0,27,0.0,0.0,3,0.0,0.0,8,task08_state27_prefix03
0.0,0.0,block0_all_key_control,reverse,1.0,27,0.0,0.0,3,0.0,0.0,8,task08_state27_prefix03
-0.08609699193562931,-0.029722638428211212,block27_future_gate1_minus_block27_current_gate1,forward,1.0,27,-0.0044644176959991455,-0.7647778804494624,3,-0.005777994791666519,-0.7647778804494624,8,task08_state27_prefix03
-0.04201355325888706,-0.0028342939913272858,block27_future_gate1_minus_block27_random_gate1,forward,1.0,27,-0.0012063086032867432,-0.046841616476462566,3,0.007527669270833481,-0.046841616476462566,8,task08_state27_prefix03
0.14900594965620592,0.041586026549339294,block27_future_gate1_minus_block27_all_key_control,forward,1.0,27,0.01044037938117981,0.6400415850675724,3,0.044097900390625,0.6400415850675724,8,task08_state27_prefix03
0.1349419008300478,0.02886820025742054,block27_future_gate1_minus_block0_future_gate1,forward,1.0,27,0.007568031549453735,0.492838029705774,3,0.02399698893229174,0.492838029705774,8,task08_state27_prefix03
-0.20649094950832697,-0.03476572036743164,block27_future_gate1_minus_block27_current_gate1,reverse,1.0,27,-0.002740338444709778,-0.810477124343609,3,0.005269368489583259,-0.810477124343609,8,task08_state27_prefix03
-0.042981569341115605,-0.0004977956414222717,block27_future_gate1_minus_block27_random_gate1,reverse,1.0,27,-0.0003702491521835327,0.0757098062412157,3,0.004587809244791519,0.0757098062412157,8,task08_state27_prefix03
0.12593319929925717,0.041701048612594604,block27_future_gate1_minus_block27_all_key_control,reverse,1.0,27,0.010913744568824768,0.669981050054763,3,0.12358601888020826,0.669981050054763,8,task08_state27_prefix03
0.06756919564580582,0.028176222927868366,block27_future_gate1_minus_block0_future_gate1,reverse,1.0,27,0.006227746605873108,0.6697509625310151,3,0.01805623372395826,0.6697509625310151,8,task08_state27_prefix03
0.0008709457961473243,0.011230570264160633,block27_future_gate0.25,forward,0.25,43,0.0022628307342529297,0.01010152406671754,6,0.09943644205729174,0.01010152406671754,8,task08_state43_prefix06
0.001300999702100492,0.01569484919309616,block27_future_gate0.5,forward,0.5,43,0.003407282754778862,0.0007938218376156768,6,0.09969075520833348,0.0007938218376156768,8,task08_state43_prefix06
0.002483839060361657,0.024599146097898483,block27_future_gate0.75,forward,0.75,43,0.005551917478442192,0.017286819599108987,6,0.16294352213541674,0.017286819599108987,8,task08_state43_prefix06
0.0028322490131914976,0.03334023803472519,block27_future_gate1,forward,1.0,43,0.00843667984008789,0.0147545609380753,6,0.2578328450520835,0.0147545609380753,8,task08_state43_prefix06
0.00044900583309970683,0.08680921047925949,block27_current_gate1,forward,1.0,43,0.01386106014251709,0.058349431004741305,6,0.4875081380208335,0.058349431004741305,8,task08_state43_prefix06
0.004178157832116262,0.03571849316358566,block27_random_gate1,forward,1.0,43,0.009689688682556152,0.02723882387460342,6,0.4789632161458335,0.02723882387460342,8,task08_state43_prefix06
0.0008028086266152614,0.009931320324540138,block0_future_gate1,forward,1.0,43,0.0025654137134552,0.0033056947809132283,6,0.03180948893229174,0.0033056947809132283,8,task08_state43_prefix06
0.0,0.0,block27_all_key_control,forward,1.0,43,0.0,0.0,6,0.0,0.0,8,task08_state43_prefix06
0.0,0.0,block0_all_key_control,forward,1.0,43,0.0,0.0,6,0.0,0.0,8,task08_state43_prefix06
0.00047695702675378893,0.009272120893001556,block27_future_gate0.25,reverse,0.25,43,0.002367377281188965,0.0047133120544133105,6,0.03951009114583326,0.0047133120544133105,8,task08_state43_prefix06
9.209947553576917e-05,0.01761694997549057,block27_future_gate0.5,reverse,0.5,43,0.004056843928992748,0.02747534646401867,6,0.16021728515625,0.02747534646401867,8,task08_state43_prefix06
0.0009786783482019668,0.026891818270087242,block27_future_gate0.75,reverse,0.75,43,0.008076115511357784,0.041108785504910095,6,0.237945556640625,0.041108785504910095,8,task08_state43_prefix06
0.003458202395450936,0.03553721308708191,block27_future_gate1,reverse,1.0,43,0.012491478584706783,0.03224444924287745,6,0.18315633138020826,0.03224444924287745,8,task08_state43_prefix06
0.002752416667761687,0.07741044461727142,block27_current_gate1,reverse,1.0,43,0.012003451585769653,0.05865895479127117,6,0.22793579101562478,0.05865895479127117,8,task08_state43_prefix06
0.0025169762979910947,0.035706911236047745,block27_random_gate1,reverse,1.0,43,0.010112285614013672,0.0353969720044583,6,0.1888427734375,0.0353969720044583,8,task08_state43_prefix06
0.0009043838984940814,0.01122390478849411,block0_future_gate1,reverse,1.0,43,0.0029729604721069336,0.017346491422919528,6,0.032684326171875,0.017346491422919528,8,task08_state43_prefix06
0.0,0.0,block27_all_key_control,reverse,1.0,43,0.0,0.0,6,0.0,0.0,8,task08_state43_prefix06
0.0,0.0,block0_all_key_control,reverse,1.0,43,0.0,0.0,6,0.0,0.0,8,task08_state43_prefix06
0.0023832431800917906,-0.0534689724445343,block27_future_gate1_minus_block27_current_gate1,forward,1.0,43,-0.005424380302429199,-0.04359487006666601,6,-0.22967529296875,-0.04359487006666601,8,task08_state43_prefix06
-0.0013459088189247646,-0.0023782551288604736,block27_future_gate1_minus_block27_random_gate1,forward,1.0,43,-0.0012530088424682617,-0.01248426293652812,6,-0.22113037109375,-0.01248426293652812,8,task08_state43_prefix06
0.0028322490131914976,0.03334023803472519,block27_future_gate1_minus_block27_all_key_control,forward,1.0,43,0.00843667984008789,0.0147545609380753,6,0.2578328450520835,0.0147545609380753,8,task08_state43_prefix06
0.0020294403865762363,0.02340891771018505,block27_future_gate1_minus_block0_future_gate1,forward,1.0,43,0.00587126612663269,0.011448866157162072,6,0.22602335611979174,0.011448866157162072,8,task08_state43_prefix06
0.0007057857276892491,-0.041873231530189514,block27_future_gate1_minus_block27_current_gate1,reverse,1.0,43,0.00048802699893713,-0.026414505548393724,6,-0.04477945963541652,-0.026414505548393724,8,task08_state43_prefix06
0.0009412260974598413,-0.00016969814896583557,block27_future_gate1_minus_block27_random_gate1,reverse,1.0,43,0.0023791929706931114,-0.003152522761580852,6,-0.005686442057291741,-0.003152522761580852,8,task08_state43_prefix06
0.003458202395450936,0.03553721308708191,block27_future_gate1_minus_block27_all_key_control,reverse,1.0,43,0.012491478584706783,0.03224444924287745,6,0.18315633138020826,0.03224444924287745,8,task08_state43_prefix06
0.0025538184969568544,0.0243133082985878,block27_future_gate1_minus_block0_future_gate1,reverse,1.0,43,0.00951851811259985,0.014897957819957921,6,0.15047200520833326,0.014897957819957921,8,task08_state43_prefix06
0.04770817970506745,0.02097090519964695,block27_future_gate0.25,forward,0.25,10,0.008655458688735962,0.056247821066245665,0,0.09131876627604196,0.056247821066245665,9,task09_state10_prefix00
0.039613240458294376,0.03194660320878029,block27_future_gate0.5,forward,0.5,10,0.01435466855764389,0.05144642999964955,0,0.16569010416666674,0.051446429999649546,9,task09_state10_prefix00
0.1148822518135223,0.054061174392700195,block27_future_gate0.75,forward,0.75,10,0.020923592150211334,0.17724174813058483,0,0.24263509114583348,0.17724174813058483,9,task09_state10_prefix00
0.13122627831316352,0.06856778264045715,block27_future_gate1,forward,1.0,10,0.027645736932754517,0.20308126212854513,0,0.3079732259114585,0.20308126212854516,9,task09_state10_prefix00
0.1878393555214228,0.10123720020055771,block27_current_gate1,forward,1.0,10,0.024695098400115967,0.1403906713146571,0,0.4625244140625002,0.14039067131465713,9,task09_state10_prefix00
0.0856341829157728,0.0507211908698082,block27_random_gate1,forward,1.0,10,0.02078711986541748,0.08021823515432311,0,0.25763956705729196,0.08021823515432311,9,task09_state10_prefix00
0.020539173544372097,0.01278702076524496,block0_future_gate1,forward,1.0,10,0.0036135315895080566,0.00250949546205063,0,0.04558308919270848,0.0025094954620506304,9,task09_state10_prefix00
0.0,0.0,block27_all_key_control,forward,1.0,10,0.0,0.0,0,0.0,0.0,9,task09_state10_prefix00
0.0,0.0,block0_all_key_control,forward,1.0,10,0.0,0.0,0,0.0,0.0,9,task09_state10_prefix00
0.04246825818194085,0.019198717549443245,block27_future_gate0.25,reverse,0.25,10,0.00811678171157837,0.010474772312503601,0,0.23905436197916674,0.010474772312503601,9,task09_state10_prefix00
0.05272769808386266,0.030307242646813393,block27_future_gate0.5,reverse,0.5,10,0.009161233901977539,0.009756930831538314,0,0.3405761718750002,0.009756930831538325,9,task09_state10_prefix00
0.12328519570708418,0.04785885289311409,block27_future_gate0.75,reverse,0.75,10,0.020783960819244385,0.019148673121187388,0,0.5592041015625002,0.019148673121187385,9,task09_state10_prefix00
0.1531778584471985,0.06122598797082901,block27_future_gate1,reverse,1.0,10,0.02584737539291382,0.02058825467482506,0,0.7110799153645835,0.020588254674825057,9,task09_state10_prefix00
0.20943623456815683,0.10310056805610657,block27_current_gate1,reverse,1.0,10,0.024561524391174316,0.16209581657031646,0,0.24552408854166674,0.16209581657031644,9,task09_state10_prefix00
0.09479335557686774,0.05672210454940796,block27_random_gate1,reverse,1.0,10,0.018379509449005127,0.10179481993863826,0,0.108123779296875,0.10179481993863822,9,task09_state10_prefix00
0.001105825720204929,0.012064251117408276,block0_future_gate1,reverse,1.0,10,0.0036929696798324585,0.0005423772210086655,0,0.04534912109375,0.0005423772210086651,9,task09_state10_prefix00
0.0,0.0,block27_all_key_control,reverse,1.0,10,0.0,0.0,0,0.0,0.0,9,task09_state10_prefix00
0.0,0.0,block0_all_key_control,reverse,1.0,10,0.0,0.0,0,0.0,0.0,9,task09_state10_prefix00
-0.05661307720825928,-0.032669417560100555,block27_future_gate1_minus_block27_current_gate1,forward,1.0,10,0.00295063853263855,0.06269059081388803,0,-0.15455118815104174,0.06269059081388803,9,task09_state10_prefix00
0.04559209539739073,0.017846591770648956,block27_future_gate1_minus_block27_random_gate1,forward,1.0,10,0.006858617067337036,0.12286302697422202,0,0.05033365885416652,0.12286302697422205,9,task09_state10_prefix00
0.13122627831316352,0.06856778264045715,block27_future_gate1_minus_block27_all_key_control,forward,1.0,10,0.027645736932754517,0.20308126212854513,0,0.3079732259114585,0.20308126212854516,9,task09_state10_prefix00
0.11068710476879143,0.05578076187521219,block27_future_gate1_minus_block0_future_gate1,forward,1.0,10,0.02403220534324646,0.2005717666664945,0,0.26239013671875,0.20057176666649454,9,task09_state10_prefix00
-0.056258376120958326,-0.04187458008527756,block27_future_gate1_minus_block27_current_gate1,reverse,1.0,10,0.001285851001739502,-0.1415075618954914,0,0.46555582682291674,-0.14150756189549138,9,task09_state10_prefix00
0.05838450287033076,0.004503883421421051,block27_future_gate1_minus_block27_random_gate1,reverse,1.0,10,0.007467865943908691,-0.0812065652638132,0,0.6029561360677085,-0.08120656526381316,9,task09_state10_prefix00
0.1531778584471985,0.06122598797082901,block27_future_gate1_minus_block27_all_key_control,reverse,1.0,10,0.02584737539291382,0.02058825467482506,0,0.7110799153645835,0.020588254674825057,9,task09_state10_prefix00
0.15207203272699357,0.049161736853420734,block27_future_gate1_minus_block0_future_gate1,reverse,1.0,10,0.02215440571308136,0.020045877453816394,0,0.6657307942708335,0.02004587745381639,9,task09_state10_prefix00
0.05908772837765497,0.017625723034143448,block27_future_gate0.25,forward,0.25,27,0.004806548357009888,0.160443754197084,3,0.07112630208333326,0.160443754197084,9,task09_state27_prefix03
0.08412821570970616,0.031966712325811386,block27_future_gate0.5,forward,0.5,27,0.007561340928077698,0.2768144601433716,3,0.14585367838541652,0.2768144601433716,9,task09_state27_prefix03
0.08837664193605006,0.04632795602083206,block27_future_gate0.75,forward,0.75,27,0.011066824197769165,0.42992772066001606,3,0.15802001953125,0.429927720660016,9,task09_state27_prefix03
0.1331238992416075,0.06078563258051872,block27_future_gate1,forward,1.0,27,0.014639675617218018,0.5526308510447978,3,0.1978759765625,0.5526308510447978,9,task09_state27_prefix03
0.10350345279512073,0.1316668838262558,block27_current_gate1,forward,1.0,27,0.022036254405975342,0.6785928860918979,3,0.17351277669270826,0.6785928860918979,9,task09_state27_prefix03
0.03490050356906282,0.03749752789735794,block27_random_gate1,forward,1.0,27,0.009699955582618713,0.15555348983828926,3,0.37309773763020826,0.15555348983828926,9,task09_state27_prefix03
0.002570790303279816,0.01663096435368061,block0_future_gate1,forward,1.0,27,0.003794923424720764,0.046586109716141695,3,0.3471069335937498,0.046586109716141695,9,task09_state27_prefix03
0.0,0.0,block27_all_key_control,forward,1.0,27,0.0,0.0,3,0.0,0.0,9,task09_state27_prefix03
0.0,0.0,block0_all_key_control,forward,1.0,27,0.0,0.0,3,0.0,0.0,9,task09_state27_prefix03
0.08915176272516524,0.01810486800968647,block27_future_gate0.25,reverse,0.25,27,0.004893064498901367,0.18348995263039938,3,0.2749023437499999,0.1834899526303994,9,task09_state27_prefix03
0.13180705901090412,0.032985884696245193,block27_future_gate0.5,reverse,0.5,27,0.0075574517250061035,0.3487405097422478,3,0.3190002441406249,0.3487405097422478,9,task09_state27_prefix03
0.14295519985981495,0.04744325205683708,block27_future_gate0.75,reverse,0.75,27,0.010655701160430908,0.4583791816901606,3,0.36527506510416663,0.4583791816901606,9,task09_state27_prefix03
0.17366621169258248,0.06244027614593506,block27_future_gate1,reverse,1.0,27,0.014879852533340454,0.6117952009886012,3,0.43977864583333315,0.6117952009886012,9,task09_state27_prefix03
0.028057923833505985,0.12644262611865997,block27_current_gate1,reverse,1.0,27,0.023888319730758667,0.46338995111492387,3,0.8680419921874999,0.46338995111492387,9,task09_state27_prefix03
0.043908921417717496,0.03813554346561432,block27_random_gate1,reverse,1.0,27,0.010453552007675171,0.04185638414676474,3,0.10664876302083337,0.04185638414676474,9,task09_state27_prefix03
0.053530827186051955,0.013800540938973427,block0_future_gate1,reverse,1.0,27,0.003193289041519165,0.01354406776356522,3,0.12729899088541663,0.01354406776356522,9,task09_state27_prefix03
0.0,0.0,block27_all_key_control,reverse,1.0,27,0.0,0.0,3,0.0,0.0,9,task09_state27_prefix03
0.0,0.0,block0_all_key_control,reverse,1.0,27,0.0,0.0,3,0.0,0.0,9,task09_state27_prefix03
0.029620446446486773,-0.07088125124573708,block27_future_gate1_minus_block27_current_gate1,forward,1.0,27,-0.007396578788757324,-0.12596203504710013,3,0.02436319986979174,-0.12596203504710013,9,task09_state27_prefix03
0.09822339567254468,0.023288104683160782,block27_future_gate1_minus_block27_random_gate1,forward,1.0,27,0.004939720034599304,0.39707736120650855,3,-0.17522176106770826,0.39707736120650855,9,task09_state27_prefix03
0.1331238992416075,0.06078563258051872,block27_future_gate1_minus_block27_all_key_control,forward,1.0,27,0.014639675617218018,0.5526308510447978,3,0.1978759765625,0.5526308510447978,9,task09_state27_prefix03
0.1305531089383277,0.04415466822683811,block27_future_gate1_minus_block0_future_gate1,forward,1.0,27,0.010844752192497253,0.5060447413286561,3,-0.14923095703124978,0.5060447413286561,9,task09_state27_prefix03
0.14560828785907648,-0.06400234997272491,block27_future_gate1_minus_block27_current_gate1,reverse,1.0,27,-0.009008467197418213,0.14840524987367731,3,-0.42826334635416674,0.14840524987367731,9,task09_state27_prefix03
0.129757290274865,0.02430473268032074,block27_future_gate1_minus_block27_random_gate1,reverse,1.0,27,0.004426300525665283,0.5699388168418364,3,0.3331298828124998,0.5699388168418364,9,task09_state27_prefix03
0.17366621169258248,0.06244027614593506,block27_future_gate1_minus_block27_all_key_control,reverse,1.0,27,0.014879852533340454,0.6117952009886012,3,0.43977864583333315,0.6117952009886012,9,task09_state27_prefix03
0.12013538450653052,0.04863973520696163,block27_future_gate1_minus_block0_future_gate1,reverse,1.0,27,0.011686563491821289,0.598251133225036,3,0.3124796549479165,0.598251133225036,9,task09_state27_prefix03
0.0019113324790804962,0.011799035593867302,block27_future_gate0.25,forward,0.25,43,0.003022104501724243,0.03652543828139236,6,0.1981201171875,0.024029679896134772,9,task09_state43_prefix06
0.10048790849819227,0.019078698009252548,block27_future_gate0.5,forward,0.5,43,0.004564404487609863,0.20355829690901572,6,0.23512776692708326,0.21148660751003867,9,task09_state43_prefix06
0.11991356154993563,0.027975808829069138,block27_future_gate0.75,forward,0.75,43,0.00721663236618042,0.33201388436933,6,0.289031982421875,0.35820156502127204,9,task09_state43_prefix06
0.15078130156195868,0.03505753353238106,block27_future_gate1,forward,1.0,43,0.009294375777244568,0.387579381339126,6,0.28507486979166674,0.4114333166214315,9,task09_state43_prefix06
0.2673335720929721,0.09156058728694916,block27_current_gate1,forward,1.0,43,0.018347471952438354,0.14783861299988615,6,0.09212239583333348,0.11532503139464881,9,task09_state43_prefix06
0.3124247375740114,0.0439467690885067,block27_random_gate1,forward,1.0,43,0.01214849203824997,0.7862709688349074,6,0.12188720703125,0.795469869388446,9,task09_state43_prefix06
0.09993300048418369,0.01196528971195221,block0_future_gate1,forward,1.0,43,0.003083348274230957,0.22826047770776203,6,0.09400431315104152,0.22158040059768194,9,task09_state43_prefix06
0.0,0.0,block27_all_key_control,forward,1.0,43,0.0,0.0,6,0.0,0.0,9,task09_state43_prefix06
0.0,0.0,block0_all_key_control,forward,1.0,43,0.0,0.0,6,0.0,0.0,9,task09_state43_prefix06
0.11350201322602713,0.012509074993431568,block27_future_gate0.25,reverse,0.25,43,0.0029517486691474915,0.09307271483433995,6,0.04091389973958326,0.08900906157034047,9,task09_state43_prefix06
0.05982483158180844,0.018310535699129105,block27_future_gate0.5,reverse,0.5,43,0.004139224998652935,0.22496673165844083,6,0.05858357747395848,0.2425913494630163,9,task09_state43_prefix06
0.1686889241858397,0.028496909886598587,block27_future_gate0.75,reverse,0.75,43,0.006603864952921867,0.4089131229677295,6,0.072723388671875,0.4284579131342164,9,task09_state43_prefix06
0.17622523941413262,0.035457171499729156,block27_future_gate1,reverse,1.0,43,0.008549273014068604,0.4419383443146939,6,0.08381144205729174,0.4606713147802276,9,task09_state43_prefix06
0.13497412093241656,0.09146248549222946,block27_current_gate1,reverse,1.0,43,0.018729299306869507,0.09312210535865494,6,0.4040934244791665,0.07172190035087038,9,task09_state43_prefix06
0.19958793219212373,0.04100662097334862,block27_random_gate1,reverse,1.0,43,0.01111442968249321,0.526493003840539,6,0.2467041015625,0.5394511780161829,9,task09_state43_prefix06
0.03456007977875232,0.010445567779242992,block0_future_gate1,reverse,1.0,43,0.0042111873626708984,0.07671562014655067,6,0.13677978515625,0.07839713469484641,9,task09_state43_prefix06
0.0,0.0,block27_all_key_control,reverse,1.0,43,0.0,0.0,6,0.0,0.0,9,task09_state43_prefix06
0.0,0.0,block0_all_key_control,reverse,1.0,43,0.0,0.0,6,0.0,0.0,9,task09_state43_prefix06
-0.11655227053101341,-0.0565030537545681,block27_future_gate1_minus_block27_current_gate1,forward,1.0,43,-0.009053096175193787,0.23974076833923985,6,0.19295247395833326,0.2961082852267827,9,task09_state43_prefix06
-0.16164343601205272,-0.008889235556125641,block27_future_gate1_minus_block27_random_gate1,forward,1.0,43,-0.0028541162610054016,-0.39869158749578143,6,0.16318766276041674,-0.3840365527670145,9,task09_state43_prefix06
0.15078130156195868,0.03505753353238106,block27_future_gate1_minus_block27_all_key_control,forward,1.0,43,0.009294375777244568,0.387579381339126,6,0.28507486979166674,0.4114333166214315,9,task09_state43_prefix06
0.05084830107777499,0.02309224382042885,block27_future_gate1_minus_block0_future_gate1,forward,1.0,43,0.006211027503013611,0.15931890363136397,6,0.19107055664062522,0.18985291602374957,9,task09_state43_prefix06
0.04125111848171606,-0.056005313992500305,block27_future_gate1_minus_block27_current_gate1,reverse,1.0,43,-0.010180026292800903,0.34881623895603897,6,-0.3202819824218748,0.3889494144293572,9,task09_state43_prefix06
-0.023362692777991106,-0.005549449473619461,block27_future_gate1_minus_block27_random_gate1,reverse,1.0,43,-0.0025651566684246063,-0.08455465952584507,6,-0.16289265950520826,-0.07877986323595532,9,task09_state43_prefix06
0.17622523941413262,0.035457171499729156,block27_future_gate1_minus_block27_all_key_control,reverse,1.0,43,0.008549273014068604,0.4419383443146939,6,0.08381144205729174,0.4606713147802276,9,task09_state43_prefix06
0.1416651596353803,0.025011603720486164,block27_future_gate1_minus_block0_future_gate1,reverse,1.0,43,0.004338085651397705,0.3652227241681433,6,-0.05296834309895826,0.38227418008538117,9,task09_state43_prefix06
