action_donor_steering,contrast,direction,future_noise_seed,initial_state_index,physical_endpoint_donor_steering,prefix_chunks,primary_pixel_donor_preference,proprio_endpoint_donor_steering,task_id,unit_id
0.2813481771358224,semantic_all_donor_minus_recipient,forward,401,10,0.29798204745409473,0,0.43611653645833326,0.29798204745409473,0,task00_state10_prefix00
0.1350548130517385,semantic_wrist_donor_minus_recipient,forward,401,10,0.17487801688971327,0,0.24537150065104169,0.17487801688971327,0,task00_state10_prefix00
0.10046232268740346,semantic_primary_donor_minus_recipient,forward,401,10,0.10510572409629856,0,0.10999552408854174,0.10510572409629856,0,task00_state10_prefix00
-0.006796278167910029,semantic_proprio_donor_minus_recipient,forward,401,10,-0.005226474686663093,0,-0.05951944986979163,-0.005226474686663093,0,task00_state10_prefix00
0.27008096304326806,semantic_all_donor_minus_gaussian,forward,401,10,0.285606912352478,0,0.41977945963541663,0.285606912352478,0,task00_state10_prefix00
0.11790981087676422,semantic_all_donor_minus_natural_control,forward,401,10,0.1057303886674969,0,0.11806233723958331,0.1057303886674969,0,task00_state10_prefix00
0.6434495517123652,semantic_all_donor_minus_shuffled,forward,401,10,0.6875600813655959,0,0.647003173828125,0.6875600813655959,0,task00_state10_prefix00
0.286076689639418,semantic_all_donor_minus_recipient,forward,409,10,0.29922963715058304,0,0.48415120442708337,0.29922963715058304,0,task00_state10_prefix00
0.18979006241968965,semantic_wrist_donor_minus_recipient,forward,409,10,0.2152268749471835,0,0.37555948893229163,0.2152268749471835,0,task00_state10_prefix00
0.06162247764616194,semantic_primary_donor_minus_recipient,forward,409,10,0.07242439244837053,0,0.08623250325520826,0.07242439244837053,0,task00_state10_prefix00
-0.005253070921300694,semantic_proprio_donor_minus_recipient,forward,409,10,-0.0035241051223619743,0,-0.017578125,-0.0035241051223619743,0,task00_state10_prefix00
0.2654015834663034,semantic_all_donor_minus_gaussian,forward,409,10,0.2705077131824716,0,0.4069925944010417,0.2705077131824716,0,task00_state10_prefix00
0.09612521636575022,semantic_all_donor_minus_natural_control,forward,409,10,0.08079076332264501,0,0.1898193359375001,0.08079076332264501,0,task00_state10_prefix00
0.6013344883767002,semantic_all_donor_minus_shuffled,forward,409,10,0.6754746766492759,0,0.8682963053385417,0.6754746766492759,0,task00_state10_prefix00
0.2788904878653221,semantic_all_donor_minus_recipient,forward,419,10,0.30459425969216625,0,0.2806803385416667,0.30459425969216625,0,task00_state10_prefix00
0.1803083773064963,semantic_wrist_donor_minus_recipient,forward,419,10,0.2080833458555752,0,0.18847656249999994,0.2080833458555752,0,task00_state10_prefix00
0.05485993648442822,semantic_primary_donor_minus_recipient,forward,419,10,0.0608601313108694,0,0.12831624348958326,0.0608601313108694,0,task00_state10_prefix00
-0.012215892573350495,semantic_proprio_donor_minus_recipient,forward,419,10,-0.02115097157477707,0,-0.010894775390624889,-0.02115097157477707,0,task00_state10_prefix00
0.2793881587408372,semantic_all_donor_minus_gaussian,forward,419,10,0.3092944031879248,0,0.28966267903645837,0.3092944031879248,0,task00_state10_prefix00
0.07118988286490324,semantic_all_donor_minus_natural_control,forward,419,10,0.09361838743824413,0,0.08449300130208343,0.09361838743824413,0,task00_state10_prefix00
0.4618527977808773,semantic_all_donor_minus_shuffled,forward,419,10,0.5195594644747346,0,0.766265869140625,0.5195594644747346,0,task00_state10_prefix00
0.2602774446065446,semantic_all_donor_minus_recipient,reverse,401,10,0.28879760125881637,0,0.428192138671875,0.28879760125881637,0,task00_state10_prefix00
0.1573477629099932,semantic_wrist_donor_minus_recipient,reverse,401,10,0.1949376347045766,0,0.29601033528645837,0.1949376347045766,0,task00_state10_prefix00
0.05950485999596008,semantic_primary_donor_minus_recipient,reverse,401,10,0.07082970859115459,0,-0.036590576171875,0.07082970859115459,0,task00_state10_prefix00
-0.03349746662055162,semantic_proprio_donor_minus_recipient,reverse,401,10,-0.031224825397727918,0,-0.01325480143229163,-0.031224825397727918,0,task00_state10_prefix00
0.24997702879177425,semantic_all_donor_minus_gaussian,reverse,401,10,0.27651791768367884,0,0.38683064778645837,0.27651791768367884,0,task00_state10_prefix00
0.1134504166799144,semantic_all_donor_minus_natural_control,reverse,401,10,0.13810480401453562,0,0.20838419596354169,0.13810480401453562,0,task00_state10_prefix00
-0.2870228476412072,semantic_all_donor_minus_shuffled,reverse,401,10,-0.34043281637362477,0,-0.147308349609375,-0.34043281637362477,0,task00_state10_prefix00
0.3405488934166313,semantic_all_donor_minus_recipient,reverse,409,10,0.3446380638663795,0,0.44226074218749994,0.3446380638663795,0,task00_state10_prefix00
0.21827728799662008,semantic_wrist_donor_minus_recipient,reverse,409,10,0.22027749158999219,0,0.33806355794270837,0.22027749158999219,0,task00_state10_prefix00
0.03822348918899131,semantic_primary_donor_minus_recipient,reverse,409,10,0.022533064766626622,0,-0.06798299153645826,0.022533064766626622,0,task00_state10_prefix00
0.032338165702655644,semantic_proprio_donor_minus_recipient,reverse,409,10,0.04335494712593524,0,-0.01926676432291663,0.04335494712593524,0,task00_state10_prefix00
0.3063010222050334,semantic_all_donor_minus_gaussian,reverse,409,10,0.3100076721007998,0,0.43621826171874994,0.3100076721007998,0,task00_state10_prefix00
0.17163701809698295,semantic_all_donor_minus_natural_control,reverse,409,10,0.17846779659613463,0,0.23085530598958326,0.17846779659613463,0,task00_state10_prefix00
-0.22962582131476322,semantic_all_donor_minus_shuffled,reverse,409,10,-0.29111255189213076,0,-0.24735514322916669,-0.29111255189213076,0,task00_state10_prefix00
0.24375938851014078,semantic_all_donor_minus_recipient,reverse,419,10,0.2683372832406834,0,0.2880452473958333,0.2683372832406834,0,task00_state10_prefix00
0.1878867129488171,semantic_wrist_donor_minus_recipient,reverse,419,10,0.21142562137030713,0,0.23271687825520831,0.21142562137030713,0,task00_state10_prefix00
0.029482273189409144,semantic_primary_donor_minus_recipient,reverse,419,10,0.0515366739725445,0,0.128997802734375,0.0515366739725445,0,task00_state10_prefix00
0.00873146435352291,semantic_proprio_donor_minus_recipient,reverse,419,10,0.011689423524042224,0,-0.01305135091145826,0.011689423524042224,0,task00_state10_prefix00
0.21709174873522297,semantic_all_donor_minus_gaussian,reverse,419,10,0.2424571465955372,0,0.27380371093749994,0.2424571465955372,0,task00_state10_prefix00
0.089361069338457,semantic_all_donor_minus_natural_control,reverse,419,10,0.12342376983430237,0,0.15536499023437494,0.12342376983430237,0,task00_state10_prefix00
-0.24355965748670583,semantic_all_donor_minus_shuffled,reverse,419,10,-0.26331154073597074,0,-0.45652262369791663,-0.26331154073597074,0,task00_state10_prefix00
0.03296494259348939,semantic_all_donor_minus_recipient,forward,401,27,0.04388277071108935,3,0.035125732421875,0.04388277071108935,0,task00_state27_prefix03
0.03973515976864375,semantic_wrist_donor_minus_recipient,forward,401,27,0.1688801147073165,3,0.02298990885416674,0.1688801147073165,0,task00_state27_prefix03
-0.01800951064926393,semantic_primary_donor_minus_recipient,forward,401,27,0.041281968910121807,3,-0.001098632812500111,0.041281968910121807,0,task00_state27_prefix03
0.015765521557954614,semantic_proprio_donor_minus_recipient,forward,401,27,-0.030175430168226366,3,0.0007425944010416297,-0.030175430168226366,0,task00_state27_prefix03
0.06430389461484355,semantic_all_donor_minus_gaussian,forward,401,27,0.102594555078003,3,0.01268513997395837,0.102594555078003,0,task00_state27_prefix03
0.0011828215086170935,semantic_all_donor_minus_natural_control,forward,401,27,-0.0003915205350456946,3,0.030303955078125,-0.0003915205350456946,0,task00_state27_prefix03
0.0034786231081144134,semantic_all_donor_minus_shuffled,forward,401,27,-0.11063754186692107,3,-0.04377237955729163,-0.11063754186692107,0,task00_state27_prefix03
-0.020184487097358133,semantic_all_donor_minus_recipient,forward,409,27,-0.019138227905439266,3,0.05755615234375011,-0.019138227905439266,0,task00_state27_prefix03
-0.0056137857880921155,semantic_wrist_donor_minus_recipient,forward,409,27,0.04090679825031143,3,0.004028320312499889,0.04090679825031143,0,task00_state27_prefix03
-0.02424235959886209,semantic_primary_donor_minus_recipient,forward,409,27,-0.029961325972635303,3,-0.00904337565104163,-0.029961325972635303,0,task00_state27_prefix03
0.011283595531978087,semantic_proprio_donor_minus_recipient,forward,409,27,0.0024698262760460415,3,-0.10018920898437489,0.0024698262760460415,0,task00_state27_prefix03
-0.0336897587778055,semantic_all_donor_minus_gaussian,forward,409,27,-0.02619939654160184,3,0.04721069335937511,-0.02619939654160184,0,task00_state27_prefix03
-0.023445415718415488,semantic_all_donor_minus_natural_control,forward,409,27,-0.010778679321329546,3,0.03004964192708337,-0.010778679321329546,0,task00_state27_prefix03
-0.13581870681372338,semantic_all_donor_minus_shuffled,forward,409,27,-0.25059758114825353,3,-0.08146158854166663,-0.25059758114825353,0,task00_state27_prefix03
0.029734258331958873,semantic_all_donor_minus_recipient,forward,419,27,0.030035396626065636,3,0.0029195149739582593,0.030035396626065636,0,task00_state27_prefix03
0.038417536764867734,semantic_wrist_donor_minus_recipient,forward,419,27,-0.0011473099233238792,3,-0.03222656250000011,-0.0011473099233238792,0,task00_state27_prefix03
0.03831297618842912,semantic_primary_donor_minus_recipient,forward,419,27,0.06747399387435352,3,0.0009256998697916297,0.06747399387435352,0,task00_state27_prefix03
0.012887704061666892,semantic_proprio_donor_minus_recipient,forward,419,27,0.03596892027080953,3,0.014221191406249889,0.03596892027080953,0,task00_state27_prefix03
0.02983794898912156,semantic_all_donor_minus_gaussian,forward,419,27,-0.010583840387172784,3,-0.0011494954427083703,-0.010583840387172784,0,task00_state27_prefix03
0.025888354445233925,semantic_all_donor_minus_natural_control,forward,419,27,0.048272661985532386,3,-0.0181884765625,0.048272661985532386,0,task00_state27_prefix03
-0.06059138748020824,semantic_all_donor_minus_shuffled,forward,419,27,-0.08898556537370177,3,0.033477783203125,-0.08898556537370177,0,task00_state27_prefix03
0.045767607417137396,semantic_all_donor_minus_recipient,reverse,401,27,0.09758055844092445,3,0.13693237304687494,0.09758055844092445,0,task00_state27_prefix03
-0.008278161481389046,semantic_wrist_donor_minus_recipient,reverse,401,27,0.036124048441811385,3,0.11868286132812489,0.036124048441811385,0,task00_state27_prefix03
0.06069150118089268,semantic_primary_donor_minus_recipient,reverse,401,27,0.06960576937238548,3,0.12656656901041663,0.06960576937238548,0,task00_state27_prefix03
-0.019126129543048147,semantic_proprio_donor_minus_recipient,reverse,401,27,-0.08754484355690981,3,-0.05333455403645826,-0.08754484355690981,0,task00_state27_prefix03
0.024707937734637198,semantic_all_donor_minus_gaussian,reverse,401,27,0.04244709910072475,3,0.13009643554687494,0.04244709910072475,0,task00_state27_prefix03
0.0063482099256296776,semantic_all_donor_minus_natural_control,reverse,401,27,0.03426592097328268,3,0.04222615559895826,0.03426592097328268,0,task00_state27_prefix03
0.05128048648172248,semantic_all_donor_minus_shuffled,reverse,401,27,0.1464159506964649,3,0.20568847656249994,0.1464159506964649,0,task00_state27_prefix03
0.04037326467612057,semantic_all_donor_minus_recipient,reverse,409,27,0.06856279212337918,3,0.028594970703125,0.06856279212337918,0,task00_state27_prefix03
0.029354251868140287,semantic_wrist_donor_minus_recipient,reverse,409,27,0.05610868650698167,3,-0.02241007486979163,0.05610868650698167,0,task00_state27_prefix03
-0.02037819821183666,semantic_primary_donor_minus_recipient,reverse,409,27,-0.016350728181594817,3,0.06261189778645837,-0.016350728181594817,0,task00_state27_prefix03
-0.009802485438680349,semantic_proprio_donor_minus_recipient,reverse,409,27,-0.07963269906200136,3,-0.02866617838541674,-0.07963269906200136,0,task00_state27_prefix03
0.006560054448792527,semantic_all_donor_minus_gaussian,reverse,409,27,0.03524755172170041,3,0.07923380533854163,0.03524755172170041,0,task00_state27_prefix03
-0.02741879587759742,semantic_all_donor_minus_natural_control,reverse,409,27,0.034366210408431075,3,-0.01078287760416674,0.034366210408431075,0,task00_state27_prefix03
0.026194842824137497,semantic_all_donor_minus_shuffled,reverse,409,27,0.08972937864306499,3,0.198974609375,0.08972937864306499,0,task00_state27_prefix03
-0.0023145548523968995,semantic_all_donor_minus_recipient,reverse,419,27,0.011879260458029728,3,-0.052764892578125056,0.011879260458029728,0,task00_state27_prefix03
-0.030412922950673937,semantic_wrist_donor_minus_recipient,reverse,419,27,0.002102421040152569,3,0.003173828125,0.002102421040152569,0,task00_state27_prefix03
0.04231907387977427,semantic_primary_donor_minus_recipient,reverse,419,27,0.10449953529408267,3,-0.02031453450520837,0.10449953529408267,0,task00_state27_prefix03
-0.06412533168162524,semantic_proprio_donor_minus_recipient,reverse,419,27,-0.10014639449684641,3,-0.07663981119791663,-0.10014639449684641,0,task00_state27_prefix03
-0.006818628909132346,semantic_all_donor_minus_gaussian,reverse,419,27,0.10394459715920157,3,0.043802897135416685,0.10394459715920157,0,task00_state27_prefix03
0.01846830915704606,semantic_all_donor_minus_natural_control,reverse,419,27,0.0878184369508801,3,0.057963053385416685,0.0878184369508801,0,task00_state27_prefix03
0.08960454559725547,semantic_all_donor_minus_shuffled,reverse,419,27,0.16900968922150805,3,0.18778483072916669,0.16900968922150805,0,task00_state27_prefix03
0.04350181760344818,semantic_all_donor_minus_recipient,forward,401,43,0.10726083076738868,6,0.03476969401041667,0.10976955182005849,0,task00_state43_prefix06
0.038082327888797035,semantic_wrist_donor_minus_recipient,forward,401,43,0.12513451368166711,6,0.02213541666666667,0.14960049823896798,0,task00_state43_prefix06
-0.022309461772040302,semantic_primary_donor_minus_recipient,forward,401,43,-0.046258488642794665,6,-0.02071126302083326,-0.03938262646323036,0,task00_state43_prefix06
0.019320422136369565,semantic_proprio_donor_minus_recipient,forward,401,43,0.004746995298301346,6,-0.0291748046875,0.010385892755464338,0,task00_state43_prefix06
0.07902560770212319,semantic_all_donor_minus_gaussian,forward,401,43,0.1991467841605966,6,0.043752034505208356,0.21556844594012603,0,task00_state43_prefix06
0.0625313343148165,semantic_all_donor_minus_natural_control,forward,401,43,0.2008548433916951,6,0.06969197591145836,0.2436949509118677,0,task00_state43_prefix06
0.06706860139828139,semantic_all_donor_minus_shuffled,forward,401,43,0.25202268052949595,6,0.049611409505208356,0.2940251783355027,0,task00_state43_prefix06
-0.05667829818774894,semantic_all_donor_minus_recipient,forward,409,43,-0.05673187807685043,6,0.017181396484375028,-0.062266486547644884,0,task00_state43_prefix06
0.005638683580533543,semantic_wrist_donor_minus_recipient,forward,409,43,0.01617654526816048,6,0.08753458658854169,0.004541737579972671,0,task00_state43_prefix06
-0.012980174550469861,semantic_primary_donor_minus_recipient,forward,409,43,-0.012386992063824459,6,0.01639811197916663,-0.01912042867960534,0,task00_state43_prefix06
-0.060864580431212886,semantic_proprio_donor_minus_recipient,forward,409,43,-0.10599537313751031,6,-0.019093831380208315,-0.11098078969642267,0,task00_state43_prefix06
0.004549537447833624,semantic_all_donor_minus_gaussian,forward,409,43,0.006798415749113551,6,0.039835611979166685,-0.008345415097927855,0,task00_state43_prefix06
0.010563410096999515,semantic_all_donor_minus_natural_control,forward,409,43,0.04582676936274821,6,0.016143798828125028,0.04430907342789925,0,task00_state43_prefix06
0.051123313889151034,semantic_all_donor_minus_shuffled,forward,409,43,0.09892298114723125,6,0.021881103515625028,0.11497181844517429,0,task00_state43_prefix06
0.03174324237136688,semantic_all_donor_minus_recipient,forward,419,43,0.006298736521939227,6,0.06246948242187497,-0.0027057529633562477,0,task00_state43_prefix06
0.012756995166103485,semantic_wrist_donor_minus_recipient,forward,419,43,0.022255250772247895,6,-0.00798543294270837,0.015271269276215055,0,task00_state43_prefix06
0.01128271695487543,semantic_primary_donor_minus_recipient,forward,419,43,0.03384117334093417,6,-0.08421834309895829,0.03978662255336424,0,task00_state43_prefix06
-0.036171105502216895,semantic_proprio_donor_minus_recipient,forward,419,43,-0.012850825009454572,6,-0.03490193684895834,-0.003822814871725033,0,task00_state43_prefix06
-0.033931222627227545,semantic_all_donor_minus_gaussian,forward,419,43,-0.0887912314459092,6,-0.03621419270833337,-0.09301876809618503,0,task00_state43_prefix06
-0.01519201314752806,semantic_all_donor_minus_natural_control,forward,419,43,0.014291346370562143,6,-0.018524169921875,0.012310364240966848,0,task00_state43_prefix06
0.04804495612118452,semantic_all_donor_minus_shuffled,forward,419,43,0.11106452431550509,6,0.076324462890625,0.1409598793255922,0,task00_state43_prefix06
0.024450305245315912,semantic_all_donor_minus_recipient,reverse,401,43,0.08525623135997329,6,0.024373372395833315,0.08836515662776173,0,task00_state43_prefix06
-0.0009144029474163207,semantic_wrist_donor_minus_recipient,reverse,401,43,0.017855647489951387,6,0.022989908854166713,0.0008189126499470734,0,task00_state43_prefix06
-0.014923366093236926,semantic_primary_donor_minus_recipient,reverse,401,43,-0.02305297449249552,6,0.03987630208333337,-0.015664005287957472,0,task00_state43_prefix06
0.05020906251259617,semantic_proprio_donor_minus_recipient,reverse,401,43,0.12804661931143105,6,0.06322224934895831,0.15249479120882226,0,task00_state43_prefix06
0.0916520423610212,semantic_all_donor_minus_gaussian,reverse,401,43,0.19490461531516223,6,0.035552978515625,0.20441627717002772,0,task00_state43_prefix06
-0.03274023939371068,semantic_all_donor_minus_natural_control,reverse,401,43,-0.04319060448748985,6,0.00541178385416663,-0.06416881547203879,0,task00_state43_prefix06
-0.07215999815703794,semantic_all_donor_minus_shuffled,reverse,401,43,-0.12416075408468774,6,0.016743977864583315,-0.13805750382944232,0,task00_state43_prefix06
-0.012667722762217046,semantic_all_donor_minus_recipient,reverse,409,43,-0.023059009672836556,6,0.014251708984375056,-0.028208950508041127,0,task00_state43_prefix06
0.006673848413104838,semantic_wrist_donor_minus_recipient,reverse,409,43,0.030012302996786033,6,0.016326904296875028,0.02102780742041724,0,task00_state43_prefix06
-0.0813441662178689,semantic_primary_donor_minus_recipient,reverse,409,43,-0.07432627718705163,6,-0.03026326497395837,-0.062456348350297966,0,task00_state43_prefix06
-0.06383276711711032,semantic_proprio_donor_minus_recipient,reverse,409,43,-0.10571293561602485,6,-0.01966349283854163,-0.11171032494829719,0,task00_state43_prefix06
-0.016467726088012405,semantic_all_donor_minus_gaussian,reverse,409,43,-0.046970980122728864,6,0.023956298828125,-0.0689242380300335,0,task00_state43_prefix06
0.02522303140845114,semantic_all_donor_minus_natural_control,reverse,409,43,0.006369314692774707,6,0.008880615234375056,-0.01644399354877847,0,task00_state43_prefix06
-0.10760840293563713,semantic_all_donor_minus_shuffled,reverse,409,43,-0.1944479962200759,6,0.046986897786458315,-0.22246663600500963,0,task00_state43_prefix06
0.036996970295152976,semantic_all_donor_minus_recipient,reverse,419,43,0.08667303943721505,6,0.007171630859375,0.07413824762964738,0,task00_state43_prefix06
0.06335795330285421,semantic_wrist_donor_minus_recipient,reverse,419,43,0.08529473605132282,6,0.02559407552083337,0.09469946199306545,0,task00_state43_prefix06
0.057968862375874744,semantic_primary_donor_minus_recipient,reverse,419,43,0.10440035183950161,6,0.059733072916666685,0.09624868592513239,0,task00_state43_prefix06
-0.0049268467055335365,semantic_proprio_donor_minus_recipient,reverse,419,43,-0.05871430337300634,6,-0.002848307291666713,-0.06660031594009087,0,task00_state43_prefix06
-0.0029977950352438887,semantic_all_donor_minus_gaussian,reverse,419,43,-0.05430494988443524,6,0.004872639973958315,-0.07205404245654423,0,task00_state43_prefix06
0.035008681272700126,semantic_all_donor_minus_natural_control,reverse,419,43,0.0492576767389693,6,0.015177408854166685,0.05133252146929901,0,task00_state43_prefix06
0.05583145127075739,semantic_all_donor_minus_shuffled,reverse,419,43,0.07853448397733265,6,0.07448323567708331,0.07768600450085905,0,task00_state43_prefix06
0.516703556251769,semantic_all_donor_minus_recipient,forward,401,10,0.5761041239674164,0,2.568145751953125,0.5761041239674164,1,task01_state10_prefix00
0.43907471719477953,semantic_wrist_donor_minus_recipient,forward,401,10,0.4827614886274179,0,2.123748779296875,0.4827614886274179,1,task01_state10_prefix00
0.1771033558569397,semantic_primary_donor_minus_recipient,forward,401,10,0.18880773052767758,0,0.9741414388020835,0.18880773052767758,1,task01_state10_prefix00
-0.022926400783102787,semantic_proprio_donor_minus_recipient,forward,401,10,-0.019338418518547312,0,-0.04860432942708304,-0.019338418518547312,1,task01_state10_prefix00
0.5095771274508205,semantic_all_donor_minus_gaussian,forward,401,10,0.5624531434647417,0,2.542653401692708,0.5624531434647417,1,task01_state10_prefix00
0.05518749733314221,semantic_all_donor_minus_natural_control,forward,401,10,0.05596942525391313,0,0.119964599609375,0.05596942525391313,1,task01_state10_prefix00
0.1734633545944615,semantic_all_donor_minus_shuffled,forward,401,10,0.1918791531490488,0,0.9406229654947916,0.1918791531490488,1,task01_state10_prefix00
0.5645170971377185,semantic_all_donor_minus_recipient,forward,409,10,0.6412526308214344,0,2.84375,0.6412526308214344,1,task01_state10_prefix00
0.4256964605331759,semantic_wrist_donor_minus_recipient,forward,409,10,0.4733661264302669,0,1.9339904785156248,0.4733661264302669,1,task01_state10_prefix00
0.2295978431851179,semantic_primary_donor_minus_recipient,forward,409,10,0.2574159018338277,0,0.3659057617187498,0.2574159018338277,1,task01_state10_prefix00
-0.002931103563410937,semantic_proprio_donor_minus_recipient,forward,409,10,0.006055008304710813,0,-0.015014648437500444,0.006055008304710813,1,task01_state10_prefix00
0.5669825900699299,semantic_all_donor_minus_gaussian,forward,409,10,0.6360069187166633,0,2.771189371744792,0.6360069187166633,1,task01_state10_prefix00
0.05772019373554582,semantic_all_donor_minus_natural_control,forward,409,10,0.049827819486598424,0,0.22844441731770826,0.049827819486598424,1,task01_state10_prefix00
0.3240966765333402,semantic_all_donor_minus_shuffled,forward,409,10,0.3532533147794905,0,1.5249023437500002,0.3532533147794905,1,task01_state10_prefix00
0.6212335816073015,semantic_all_donor_minus_recipient,forward,419,10,0.7081595465037189,0,3.10101318359375,0.7081595465037189,1,task01_state10_prefix00
0.5110010179031388,semantic_wrist_donor_minus_recipient,forward,419,10,0.5563626751646336,0,2.468159993489583,0.5563626751646336,1,task01_state10_prefix00
0.2619321945916959,semantic_primary_donor_minus_recipient,forward,419,10,0.2928338194197812,0,0.8808085123697917,0.2928338194197812,1,task01_state10_prefix00
0.007600329715331776,semantic_proprio_donor_minus_recipient,forward,419,10,0.009954692919453698,0,0.019327799479166963,0.009954692919453698,1,task01_state10_prefix00
0.6165667145953567,semantic_all_donor_minus_gaussian,forward,419,10,0.6983983633776257,0,3.023295084635416,0.6983983633776257,1,task01_state10_prefix00
0.05278783683839905,semantic_all_donor_minus_natural_control,forward,419,10,0.0451457054650205,0,0.16679890950520804,0.0451457054650205,1,task01_state10_prefix00
0.3809204318389773,semantic_all_donor_minus_shuffled,forward,419,10,0.45030897814530524,0,2.1124979654947915,0.45030897814530524,1,task01_state10_prefix00
0.48876334877743904,semantic_all_donor_minus_recipient,reverse,401,10,0.5421246705290009,0,2.54058837890625,0.5421246705290009,1,task01_state10_prefix00
0.4223138340212401,semantic_wrist_donor_minus_recipient,reverse,401,10,0.4681246288040327,0,2.0465087890625,0.4681246288040327,1,task01_state10_prefix00
0.0919699100250242,semantic_primary_donor_minus_recipient,reverse,401,10,0.10038392151835988,0,-0.05097452799479196,0.10038392151835988,1,task01_state10_prefix00
-0.0006937471543947589,semantic_proprio_donor_minus_recipient,reverse,401,10,-0.004068256646332171,0,0.0024210611979165186,-0.004068256646332171,1,task01_state10_prefix00
0.49104888085669346,semantic_all_donor_minus_gaussian,reverse,401,10,0.5431178535320605,0,2.529693603515625,0.5431178535320605,1,task01_state10_prefix00
0.08853176672709462,semantic_all_donor_minus_natural_control,reverse,401,10,0.09813749491051682,0,0.5436706542968749,0.09813749491051682,1,task01_state10_prefix00
0.3579887680748296,semantic_all_donor_minus_shuffled,reverse,401,10,0.3977281591212326,0,1.7184956868489583,0.3977281591212326,1,task01_state10_prefix00
0.5847337411976877,semantic_all_donor_minus_recipient,reverse,409,10,0.659532015659638,0,2.8652445475260415,0.659532015659638,1,task01_state10_prefix00
0.4506824984769888,semantic_wrist_donor_minus_recipient,reverse,409,10,0.5019601883662137,0,2.11328125,0.5019601883662137,1,task01_state10_prefix00
0.1301157301888337,semantic_primary_donor_minus_recipient,reverse,409,10,0.14737832238115278,0,0.6324157714843754,0.14737832238115278,1,task01_state10_prefix00
-0.012379196098941897,semantic_proprio_donor_minus_recipient,reverse,409,10,-0.009832122991607514,0,0.004302978515625,-0.009832122991607514,1,task01_state10_prefix00
0.5769337960238807,semantic_all_donor_minus_gaussian,reverse,409,10,0.6446292442839155,0,2.882354736328125,0.6446292442839155,1,task01_state10_prefix00
0.12767777481437548,semantic_all_donor_minus_natural_control,reverse,409,10,0.14068977331262555,0,0.6033020019531251,0.14068977331262555,1,task01_state10_prefix00
0.2732644528484287,semantic_all_donor_minus_shuffled,reverse,409,10,0.30150270007344393,0,1.2721964518229167,0.30150270007344393,1,task01_state10_prefix00
0.6502354829943435,semantic_all_donor_minus_recipient,reverse,419,10,0.7248322309557442,0,3.21160888671875,0.7248322309557442,1,task01_state10_prefix00
0.5065662783690722,semantic_wrist_donor_minus_recipient,reverse,419,10,0.5513501468722138,0,2.297342936197917,0.5513501468722138,1,task01_state10_prefix00
0.1433025578858899,semantic_primary_donor_minus_recipient,reverse,419,10,0.15457320707834352,0,-0.15184529622395804,0.15457320707834352,1,task01_state10_prefix00
-0.003111018189417246,semantic_proprio_donor_minus_recipient,reverse,419,10,-0.0042362477552014815,0,0.04203287760416652,-0.0042362477552014815,1,task01_state10_prefix00
0.6395193426000126,semantic_all_donor_minus_gaussian,reverse,419,10,0.7191289888164515,0,3.133341471354167,0.7191289888164515,1,task01_state10_prefix00
0.12614006649236353,semantic_all_donor_minus_natural_control,reverse,419,10,0.1504187232455284,0,0.5381978352864583,0.1504187232455284,1,task01_state10_prefix00
0.27213671898727,semantic_all_donor_minus_shuffled,reverse,419,10,0.2945422099346505,0,1.0531819661458333,0.2945422099346505,1,task01_state10_prefix00
0.035525934638809,semantic_all_donor_minus_recipient,forward,401,27,-1.0221709445274474,3,-8.026326497395834,-1.0221709445274474,1,task01_state27_prefix03
-0.06267676769548239,semantic_wrist_donor_minus_recipient,forward,401,27,1.0204442406138,3,6.822713216145833,1.0204442406138,1,task01_state27_prefix03
0.0003137572381647982,semantic_primary_donor_minus_recipient,forward,401,27,0.009340959049104702,3,-0.021464029947916075,0.009340959049104702,1,task01_state27_prefix03
0.014915091456799964,semantic_proprio_donor_minus_recipient,forward,401,27,-0.005115818966794897,3,-0.03170776367187411,-0.005115818966794897,1,task01_state27_prefix03
0.0424415915575337,semantic_all_donor_minus_gaussian,forward,401,27,-0.019107347889395353,3,-0.10441080729166652,-0.019107347889395353,1,task01_state27_prefix03
0.05985233366441378,semantic_all_donor_minus_natural_control,forward,401,27,-0.002046544519173855,3,0.02374267578125,-0.002046544519173855,1,task01_state27_prefix03
0.10787347032072603,semantic_all_donor_minus_shuffled,forward,401,27,-1.0315077617590147,3,-8.010884602864582,-1.0315077617590147,1,task01_state27_prefix03
0.021675335451796965,semantic_all_donor_minus_recipient,forward,409,27,-0.01985905592568081,3,-0.11996459960937544,-0.01985905592568081,1,task01_state27_prefix03
-0.02830814901802633,semantic_wrist_donor_minus_recipient,forward,409,27,0.0024326821509269847,3,-0.062479654947916075,0.0024326821509269847,1,task01_state27_prefix03
0.002389451534801884,semantic_primary_donor_minus_recipient,forward,409,27,-0.009452849425648724,3,-0.009175618489583037,-0.009452849425648724,1,task01_state27_prefix03
-0.019568250853645976,semantic_proprio_donor_minus_recipient,forward,409,27,-1.014835086175422,3,-7.955556233723959,-1.014835086175422,1,task01_state27_prefix03
0.04771993084491038,semantic_all_donor_minus_gaussian,forward,409,27,-0.0006696688840002706,3,-0.041259765625,-0.0006696688840002706,1,task01_state27_prefix03
0.029784565369696044,semantic_all_donor_minus_natural_control,forward,409,27,-0.00021156766667418045,3,-0.052480061848958925,-0.00021156766667418045,1,task01_state27_prefix03
0.15663444586386782,semantic_all_donor_minus_shuffled,forward,409,27,-0.002503357442135753,3,0.0032246907552080373,-0.002503357442135753,1,task01_state27_prefix03
0.0006832523535906521,semantic_all_donor_minus_recipient,forward,419,27,-0.08515792245061937,3,-1.356862386067708,-0.08515792245061937,1,task01_state27_prefix03
0.023450242124754436,semantic_wrist_donor_minus_recipient,forward,419,27,0.001944826958456991,3,0.0007120768229174068,0.001944826958456991,1,task01_state27_prefix03
0.017126294530364898,semantic_primary_donor_minus_recipient,forward,419,27,-1.0330686237677966,3,-7.971089680989584,-1.0330686237677966,1,task01_state27_prefix03
0.0076308275798895805,semantic_proprio_donor_minus_recipient,forward,419,27,0.0009247646636887374,3,-0.003499348958332593,0.0009247646636887374,1,task01_state27_prefix03
0.06900824095069603,semantic_all_donor_minus_gaussian,forward,419,27,0.9196434348462732,3,6.212443033854166,0.9196434348462732,1,task01_state27_prefix03
0.038794052772419006,semantic_all_donor_minus_natural_control,forward,419,27,-0.09755683421188155,3,-1.441416422526041,-0.09755683421188155,1,task01_state27_prefix03
0.16732924613125433,semantic_all_donor_minus_shuffled,forward,419,27,-0.09387100571451978,3,-1.4789733886718746,-0.09387100571451978,1,task01_state27_prefix03
-0.030930607180553793,semantic_all_donor_minus_recipient,reverse,401,27,0.005005917673976228,3,-0.0673014322916674,0.005005917673976228,1,task01_state27_prefix03
-0.031997328263603075,semantic_wrist_donor_minus_recipient,reverse,401,27,-0.08213149636005485,3,-1.456024169921875,-0.08213149636005485,1,task01_state27_prefix03
0.021500365396979915,semantic_primary_donor_minus_recipient,reverse,401,27,-0.0009865125062798515,3,-0.035430908203125,-0.0009865125062798515,1,task01_state27_prefix03
0.04422960431264864,semantic_proprio_donor_minus_recipient,reverse,401,27,-0.008708809247060826,3,0.05901082356770804,-0.008708809247060826,1,task01_state27_prefix03
-0.006729306326304876,semantic_all_donor_minus_gaussian,reverse,401,27,0.003149543635732957,3,-0.03918457031250089,0.003149543635732957,1,task01_state27_prefix03
-0.026779314423758027,semantic_all_donor_minus_natural_control,reverse,401,27,-0.003157710295094606,3,-0.021809895833333925,-0.003157710295094606,1,task01_state27_prefix03
-0.1028885428837748,semantic_all_donor_minus_shuffled,reverse,401,27,-0.08749575344873023,3,-1.516703287760417,-0.08749575344873023,1,task01_state27_prefix03
0.044170236407300195,semantic_all_donor_minus_recipient,reverse,409,27,0.05556199106751988,3,0.34131876627604196,0.05556199106751988,1,task01_state27_prefix03
-0.06549907647724319,semantic_wrist_donor_minus_recipient,reverse,409,27,0.05884044132462066,3,0.3143208821614589,0.05884044132462066,1,task01_state27_prefix03
-0.0052349560763734326,semantic_primary_donor_minus_recipient,reverse,409,27,0.005717604503654904,3,-0.04752604166666652,0.005717604503654904,1,task01_state27_prefix03
-0.009384379134276408,semantic_proprio_donor_minus_recipient,reverse,409,27,0.00873796765014129,3,-0.03562418619791696,0.00873796765014129,1,task01_state27_prefix03
-0.01984673327434225,semantic_all_donor_minus_gaussian,reverse,409,27,0.0778103482752274,3,1.4851175944010415,0.0778103482752274,1,task01_state27_prefix03
-0.018460283460668803,semantic_all_donor_minus_natural_control,reverse,409,27,-0.012349187294526852,3,-0.06614176432291696,-0.012349187294526852,1,task01_state27_prefix03
-0.07984289281502355,semantic_all_donor_minus_shuffled,reverse,409,27,0.012416655875135726,3,-0.0027364095052080373,0.012416655875135726,1,task01_state27_prefix03
-0.0013160538045937642,semantic_all_donor_minus_recipient,reverse,419,27,-0.006467433951179387,3,0.023752848307291963,-0.006467433951179387,1,task01_state27_prefix03
-0.007361673857374889,semantic_wrist_donor_minus_recipient,reverse,419,27,0.0777065083581575,3,0.44817097981770804,0.0777065083581575,1,task01_state27_prefix03
0.03897647684453897,semantic_primary_donor_minus_recipient,reverse,419,27,-0.012443475665917372,3,-0.015492757161458037,-0.012443475665917372,1,task01_state27_prefix03
0.023685967706326277,semantic_proprio_donor_minus_recipient,reverse,419,27,0.001714382051179228,3,0.13586425781250044,0.001714382051179228,1,task01_state27_prefix03
-0.03276752788212428,semantic_all_donor_minus_gaussian,reverse,419,27,-0.009986184150197919,3,0.003448486328125444,-0.009986184150197919,1,task01_state27_prefix03
-0.005125200300275412,semantic_all_donor_minus_natural_control,reverse,419,27,-0.003072900454398078,3,0.009379069010416963,-0.003072900454398078,1,task01_state27_prefix03
-0.1157079504250952,semantic_all_donor_minus_shuffled,reverse,419,27,0.0010903210074379964,3,-0.008616129557291519,0.0010903210074379964,1,task01_state27_prefix03
0.04048502498329317,semantic_all_donor_minus_recipient,forward,401,43,0.02697947646218493,6,0.024169921875,0.00561423645173105,1,task01_state43_prefix06
0.019680088588080145,semantic_wrist_donor_minus_recipient,forward,401,43,0.007397705442099825,6,-0.028330485026041685,-0.008840987562055865,1,task01_state43_prefix06
0.017423350220793332,semantic_primary_donor_minus_recipient,forward,401,43,0.06418437841212846,6,0.032836914062499944,0.09237925633914748,1,task01_state43_prefix06
-0.00512636807460428,semantic_proprio_donor_minus_recipient,forward,401,43,-0.019675884480885773,6,0.01854451497395837,-0.04335150907149288,1,task01_state43_prefix06
0.04476982120762211,semantic_all_donor_minus_gaussian,forward,401,43,0.06081248434124646,6,0.003346761067708315,0.050574895316598624,1,task01_state43_prefix06
0.010758109738967639,semantic_all_donor_minus_natural_control,forward,401,43,0.09359144486609215,6,-0.0017903645833333148,0.08490884605353657,1,task01_state43_prefix06
0.09310129445047463,semantic_all_donor_minus_shuffled,forward,401,43,0.20405206832694547,6,-0.0333251953125,0.1576669530631991,1,task01_state43_prefix06
0.029924268294326373,semantic_all_donor_minus_recipient,forward,409,43,0.08904602438220163,6,0.018798828125000056,0.07409103193584857,1,task01_state43_prefix06
0.054057006151949805,semantic_wrist_donor_minus_recipient,forward,409,43,-0.010554768324662775,6,0.007161458333333315,-0.02458196518169911,1,task01_state43_prefix06
-0.004554626343287745,semantic_primary_donor_minus_recipient,forward,409,43,-0.007779949982870054,6,0.00018310546875,-0.003780584189237518,1,task01_state43_prefix06
0.01620946669000492,semantic_proprio_donor_minus_recipient,forward,409,43,0.027507542304465768,6,-0.040049235026041685,0.04072062891128796,1,task01_state43_prefix06
-0.029537562202526787,semantic_all_donor_minus_gaussian,forward,409,43,0.020504928704895675,6,0.030364990234375,-0.010529485295055346,1,task01_state43_prefix06
0.009406678094105279,semantic_all_donor_minus_natural_control,forward,409,43,0.09283949388075517,6,0.0423583984375,0.05458674405990836,1,task01_state43_prefix06
0.03548267921828338,semantic_all_donor_minus_shuffled,forward,409,43,0.3454824961232965,6,-0.03192138671874997,0.29913997213510357,1,task01_state43_prefix06
-0.018075812497076557,semantic_all_donor_minus_recipient,forward,419,43,-0.07976750501686639,6,0.07515462239583334,-0.0869450152952679,1,task01_state43_prefix06
0.05002384955851763,semantic_wrist_donor_minus_recipient,forward,419,43,0.03854939915850472,6,0.020650227864583343,0.053702477745288385,1,task01_state43_prefix06
0.010473913265272094,semantic_primary_donor_minus_recipient,forward,419,43,-0.031471053502484546,6,0.012807210286458315,-0.040443424469993515,1,task01_state43_prefix06
-0.023075264911855943,semantic_proprio_donor_minus_recipient,forward,419,43,-0.05401425923069283,6,-0.0008748372395833703,-0.07464175814581951,1,task01_state43_prefix06
0.00785530712648009,semantic_all_donor_minus_gaussian,forward,419,43,0.01779947530368503,6,-0.11210123697916669,0.034818445399757106,1,task01_state43_prefix06
-0.008863595983422623,semantic_all_donor_minus_natural_control,forward,419,43,-0.013202457579069946,6,0.004119873046874972,0.009582646272605307,1,task01_state43_prefix06
0.07269703399140655,semantic_all_donor_minus_shuffled,forward,419,43,0.22055044284991956,6,0.12795003255208334,0.20152741857287054,1,task01_state43_prefix06
-0.026787751804940252,semantic_all_donor_minus_recipient,reverse,401,43,0.13627670012223103,6,0.03290812174479166,0.16703009465985832,1,task01_state43_prefix06
0.019258926945706217,semantic_wrist_donor_minus_recipient,reverse,401,43,0.1122783473474809,6,0.11400349934895831,0.1039865809270801,1,task01_state43_prefix06
0.049892300862911035,semantic_primary_donor_minus_recipient,reverse,401,43,0.027295586199347636,6,-0.03666178385416663,0.046818818622158975,1,task01_state43_prefix06
-0.022208669733424884,semantic_proprio_donor_minus_recipient,reverse,401,43,0.03360006901284712,6,0.1997782389322917,0.031142366478995487,1,task01_state43_prefix06
0.03491195024497554,semantic_all_donor_minus_gaussian,reverse,401,43,0.06599798371674234,6,-0.11032104492187503,0.09285207914152728,1,task01_state43_prefix06
-0.013000488941004418,semantic_all_donor_minus_natural_control,reverse,401,43,0.05487615789367967,6,-0.04703776041666671,0.08225128926914486,1,task01_state43_prefix06
-0.07033050371874078,semantic_all_donor_minus_shuffled,reverse,401,43,-0.12657828942970578,6,-0.034617106119791685,-0.09024760482324953,1,task01_state43_prefix06
-0.02931367388180084,semantic_all_donor_minus_recipient,reverse,409,43,0.09411175585648653,6,0.053314208984375,0.10771037859481625,1,task01_state43_prefix06
0.006086124864335893,semantic_wrist_donor_minus_recipient,reverse,409,43,0.08409487000194284,6,0.123504638671875,0.08693073509478216,1,task01_state43_prefix06
0.04182987462960204,semantic_primary_donor_minus_recipient,reverse,409,43,0.04984687502536142,6,-0.024993896484375,0.06143044141594137,1,task01_state43_prefix06
-0.013431781045444124,semantic_proprio_donor_minus_recipient,reverse,409,43,-0.008842568415244646,6,0.026529947916666685,-0.004569822567498855,1,task01_state43_prefix06
-0.04120352521058876,semantic_all_donor_minus_gaussian,reverse,409,43,0.1076794478220583,6,0.12442016601562503,0.10957589842806212,1,task01_state43_prefix06
0.05210165060633532,semantic_all_donor_minus_natural_control,reverse,409,43,0.10512390973128481,6,0.05794270833333337,0.11020646089269326,1,task01_state43_prefix06
-0.06867622102299711,semantic_all_donor_minus_shuffled,reverse,409,43,-0.15604997369015403,6,-0.028147379557291657,-0.120697806112705,1,task01_state43_prefix06
0.00502845014434096,semantic_all_donor_minus_recipient,reverse,419,43,0.006720354167414538,6,-0.00696818033854163,0.00765060435906869,1,task01_state43_prefix06
-0.022301354464467724,semantic_wrist_donor_minus_recipient,reverse,419,43,-0.07415191708165199,6,-0.047271728515625,-0.06727903810636184,1,task01_state43_prefix06
0.021869491201784386,semantic_primary_donor_minus_recipient,reverse,419,43,0.0998562687098207,6,-0.01835123697916663,0.10065104810556004,1,task01_state43_prefix06
0.012058434228157205,semantic_proprio_donor_minus_recipient,reverse,419,43,-0.13452716645831628,6,0.04066975911458337,-0.14530325893253782,1,task01_state43_prefix06
0.05593962541989366,semantic_all_donor_minus_gaussian,reverse,419,43,0.08079849591278929,6,-0.0020751953124999445,0.08364061815336986,1,task01_state43_prefix06
-0.027082611621821642,semantic_all_donor_minus_natural_control,reverse,419,43,0.012102610975910984,6,0.02605183919270837,0.012518293237413599,1,task01_state43_prefix06
-0.07961813881566489,semantic_all_donor_minus_shuffled,reverse,419,43,-0.20952789545689882,6,-0.096710205078125,-0.17976287705034436,1,task01_state43_prefix06
0.734338103890791,semantic_all_donor_minus_recipient,forward,401,10,0.691162731800955,0,4.311055501302084,0.6911627318009547,2,task02_state10_prefix00
0.6672532948220123,semantic_wrist_donor_minus_recipient,forward,401,10,0.6366289120672981,0,3.8223876953125,0.6366289120672979,2,task02_state10_prefix00
0.07499031084918857,semantic_primary_donor_minus_recipient,forward,401,10,0.07681923796293609,0,0.18903605143229152,0.07681923796293608,2,task02_state10_prefix00
0.001033905837081415,semantic_proprio_donor_minus_recipient,forward,401,10,0.0012649480988187237,0,0.02884928385416652,0.0012649480988187242,2,task02_state10_prefix00
0.73307630120901,semantic_all_donor_minus_gaussian,forward,401,10,0.6832988102645754,0,4.291015625,0.6832988102645752,2,task02_state10_prefix00
0.5410031520803363,semantic_all_donor_minus_natural_control,forward,401,10,0.42583208983395787,0,3.3841145833333335,0.4258320898339576,2,task02_state10_prefix00
0.555953656549548,semantic_all_donor_minus_shuffled,forward,401,10,0.5087558289466685,0,3.276601155598958,0.5087558289466683,2,task02_state10_prefix00
0.8745043025256938,semantic_all_donor_minus_recipient,forward,409,10,0.8152422096256744,0,4.64080810546875,0.8152422096256743,2,task02_state10_prefix00
0.8475539427668702,semantic_wrist_donor_minus_recipient,forward,409,10,0.7732537099689639,0,4.63214111328125,0.7732537099689638,2,task02_state10_prefix00
0.08650068622583423,semantic_primary_donor_minus_recipient,forward,409,10,0.08695259256832619,0,0.545003255208333,0.08695259256832616,2,task02_state10_prefix00
-0.006276556428329426,semantic_proprio_donor_minus_recipient,forward,409,10,-0.0030378229514878754,0,-0.05165608723958348,-0.003037822951487873,2,task02_state10_prefix00
0.8702600291523257,semantic_all_donor_minus_gaussian,forward,409,10,0.8045386314810086,0,4.638509114583333,0.8045386314810086,2,task02_state10_prefix00
0.6382092195228666,semantic_all_donor_minus_natural_control,forward,409,10,0.5192346073640546,0,3.491495768229166,0.5192346073640546,2,task02_state10_prefix00
0.21333385176646857,semantic_all_donor_minus_shuffled,forward,409,10,0.3374726803782758,0,0.4249064127604165,0.3374726803782758,2,task02_state10_prefix00
0.9021176736513878,semantic_all_donor_minus_recipient,forward,419,10,0.8462698611800623,0,4.432230631510416,0.8462698611800623,2,task02_state10_prefix00
0.8473344480634959,semantic_wrist_donor_minus_recipient,forward,419,10,0.800741963650422,0,4.691253662109375,0.8007419636504219,2,task02_state10_prefix00
0.07140147096739562,semantic_primary_donor_minus_recipient,forward,419,10,0.06972037724999068,0,0.28450520833333304,0.06972037724999067,2,task02_state10_prefix00
-0.007902076974087145,semantic_proprio_donor_minus_recipient,forward,419,10,-0.007493444770385823,0,-0.03692626953125,-0.007493444770385822,2,task02_state10_prefix00
0.9021283037197465,semantic_all_donor_minus_gaussian,forward,419,10,0.8446382854283616,0,4.443196614583333,0.8446382854283616,2,task02_state10_prefix00
0.687184370964363,semantic_all_donor_minus_natural_control,forward,419,10,0.5501759164877128,0,3.4741312662760415,0.5501759164877129,2,task02_state10_prefix00
0.7958420346727736,semantic_all_donor_minus_shuffled,forward,419,10,0.7054705459316007,0,4.101908365885417,0.7054705459316009,2,task02_state10_prefix00
0.7591084033825125,semantic_all_donor_minus_recipient,reverse,401,10,0.7092736213366156,0,4.457509358723959,0.7092736213366153,2,task02_state10_prefix00
0.6800771988637964,semantic_wrist_donor_minus_recipient,reverse,401,10,0.6248303362137871,0,3.915974934895833,0.6248303362137871,2,task02_state10_prefix00
0.18667662067898882,semantic_primary_donor_minus_recipient,reverse,401,10,0.1892992093712187,0,0.9718017578124998,0.18929920937121864,2,task02_state10_prefix00
0.06031131939588262,semantic_proprio_donor_minus_recipient,reverse,401,10,0.05920802591331685,0,0.5103352864583335,0.059208025913316836,2,task02_state10_prefix00
0.7456116597898581,semantic_all_donor_minus_gaussian,reverse,401,10,0.6987135740758841,0,4.3436279296875,0.6987135740758837,2,task02_state10_prefix00
-0.039426928747360646,semantic_all_donor_minus_natural_control,reverse,401,10,-0.027910042808324764,0,-0.326446533203125,-0.027910042808324875,2,task02_state10_prefix00
0.20231198347633317,semantic_all_donor_minus_shuffled,reverse,401,10,0.209615705803472,0,1.1331380208333333,0.20961570580347189,2,task02_state10_prefix00
0.8924703143087989,semantic_all_donor_minus_recipient,reverse,409,10,0.8223958001114698,0,4.651041666666667,0.8223958001114698,2,task02_state10_prefix00
0.861548695069137,semantic_wrist_donor_minus_recipient,reverse,409,10,0.7682153747377496,0,4.381083170572917,0.7682153747377495,2,task02_state10_prefix00
0.18617420966312975,semantic_primary_donor_minus_recipient,reverse,409,10,0.18283911325648688,0,0.5836791992187496,0.18283911325648686,2,task02_state10_prefix00
0.08073902231066095,semantic_proprio_donor_minus_recipient,reverse,409,10,0.0927653206638045,0,-0.240234375,0.09276532066380447,2,task02_state10_prefix00
0.8964671331225851,semantic_all_donor_minus_gaussian,reverse,409,10,0.8238059504815609,0,4.605814615885416,0.8238059504815609,2,task02_state10_prefix00
-0.03361015499200892,semantic_all_donor_minus_natural_control,reverse,409,10,-0.023649030635103707,0,-0.24186197916666696,-0.023649030635103707,2,task02_state10_prefix00
0.6975188100480054,semantic_all_donor_minus_shuffled,reverse,409,10,0.509057833706289,0,4.306294759114584,0.509057833706289,2,task02_state10_prefix00
0.9293591663681302,semantic_all_donor_minus_recipient,reverse,419,10,0.865831415810269,0,4.494659423828125,0.8658314158102688,2,task02_state10_prefix00
0.8670827922476201,semantic_wrist_donor_minus_recipient,reverse,419,10,0.8059870462996809,0,4.24957275390625,0.8059870462996811,2,task02_state10_prefix00
0.17731298155511133,semantic_primary_donor_minus_recipient,reverse,419,10,0.17781779462407027,0,0.9202372233072917,0.1778177946240702,2,task02_state10_prefix00
0.01735525864092244,semantic_proprio_donor_minus_recipient,reverse,419,10,0.02149648008988632,0,-0.05460611979166696,0.02149648008988629,2,task02_state10_prefix00
0.9325529423047038,semantic_all_donor_minus_gaussian,reverse,419,10,0.8735177049814461,0,4.475413004557292,0.8735177049814459,2,task02_state10_prefix00
-0.025377918548558087,semantic_all_donor_minus_natural_control,reverse,419,10,-0.009981980937088575,0,-0.17106119791666652,-0.009981980937088464,2,task02_state10_prefix00
0.13952763835142568,semantic_all_donor_minus_shuffled,reverse,419,10,0.1839604343806649,0,0.49714152018229174,0.18396043438066467,2,task02_state10_prefix00
-0.0005022240812488921,semantic_all_donor_minus_recipient,forward,401,27,-0.1056509914687527,3,0.053171793619791685,0.18314146487273616,2,task02_state27_prefix03
-0.0011636887773776583,semantic_wrist_donor_minus_recipient,forward,401,27,-0.04263652086562064,3,0.065032958984375,0.2910162741799082,2,task02_state27_prefix03
0.10649725566997092,semantic_primary_donor_minus_recipient,forward,401,27,-0.023735629010876447,3,0.018493652343749972,0.02597968046210075,2,task02_state27_prefix03
-0.0023148875533882673,semantic_proprio_donor_minus_recipient,forward,401,27,0.0512278451983412,3,-0.09284464518229169,0.012871163660422597,2,task02_state27_prefix03
-0.00254089156271442,semantic_all_donor_minus_gaussian,forward,401,27,-0.08520313144686495,3,0.004272460937499972,0.023266159908464035,2,task02_state27_prefix03
-0.005302183153517825,semantic_all_donor_minus_natural_control,forward,401,27,-0.025610754893781562,3,0.010518391927083315,0.04989497557584363,2,task02_state27_prefix03
-0.018878846148732475,semantic_all_donor_minus_shuffled,forward,401,27,-0.4576767416087574,3,0.06919352213541669,-0.10032328782935968,2,task02_state27_prefix03
-0.008530274274697325,semantic_all_donor_minus_recipient,forward,409,27,0.030902112596095238,3,0.15002441406249997,0.0560244982770961,2,task02_state27_prefix03
0.057280923349642854,semantic_wrist_donor_minus_recipient,forward,409,27,0.002642317132132005,3,-0.010182698567708315,0.0029564004125076093,2,task02_state27_prefix03
0.02667214791093342,semantic_primary_donor_minus_recipient,forward,409,27,-0.029707240450018532,3,0.004496256510416685,-0.014320541037037726,2,task02_state27_prefix03
-0.00381155702068825,semantic_proprio_donor_minus_recipient,forward,409,27,0.003391972653258705,3,0.013336181640624972,-0.03661424438912636,2,task02_state27_prefix03
0.0035259227176376307,semantic_all_donor_minus_gaussian,forward,409,27,-0.019296967233771473,3,-0.009267171223958343,-0.021208469591433465,2,task02_state27_prefix03
-0.00175994885623032,semantic_all_donor_minus_natural_control,forward,409,27,-0.13238313167887833,3,0.020029703776041657,0.22478228824648147,2,task02_state27_prefix03
-0.033188262651907774,semantic_all_donor_minus_shuffled,forward,409,27,-0.1901941682987992,3,0.14405314127604166,-0.15202140161710254,2,task02_state27_prefix03
0.013767836366792685,semantic_all_donor_minus_recipient,forward,419,27,-0.057461127456748314,3,-0.005635579427083315,0.05122498165695774,2,task02_state27_prefix03
-0.28898565802904563,semantic_wrist_donor_minus_recipient,forward,419,27,-0.04870742408568979,3,0.029561360677083315,0.17552562558238868,2,task02_state27_prefix03
-0.13244754125021205,semantic_primary_donor_minus_recipient,forward,419,27,-0.04782964778556213,3,0.052286783854166685,0.19692015076292935,2,task02_state27_prefix03
-0.0010776143103169433,semantic_proprio_donor_minus_recipient,forward,419,27,-0.11140152130311452,3,0.014628092447916685,0.009375956501296523,2,task02_state27_prefix03
0.0073252536094029486,semantic_all_donor_minus_gaussian,forward,419,27,-0.014352187463365522,3,0.02705891927083337,-0.031206101217219562,2,task02_state27_prefix03
-0.014429957436182805,semantic_all_donor_minus_natural_control,forward,419,27,-0.039157738752691205,3,-0.024464925130208315,0.04293855036762673,2,task02_state27_prefix03
-0.03491957246855626,semantic_all_donor_minus_shuffled,forward,419,27,-0.3664216638203585,3,0.0020243326822916574,-0.0879996422459347,2,task02_state27_prefix03
0.0011264137130783947,semantic_all_donor_minus_recipient,reverse,401,27,-0.034413916718578574,3,0.03587849934895837,-0.024298818390325563,2,task02_state27_prefix03
-0.00479014689729222,semantic_wrist_donor_minus_recipient,reverse,401,27,-0.03994385613208162,3,0.033599853515625,-0.007983540047571042,2,task02_state27_prefix03
-0.0046704542865787894,semantic_primary_donor_minus_recipient,reverse,401,27,0.08684019924082911,3,0.08609008789062506,0.16661293752460637,2,task02_state27_prefix03
0.0031333595627314886,semantic_proprio_donor_minus_recipient,reverse,401,27,-0.009979997111993615,3,0.12455240885416666,0.11691031490814772,2,task02_state27_prefix03
0.002882692856786939,semantic_all_donor_minus_gaussian,reverse,401,27,0.019089941743910488,3,-0.09357706705729166,-0.10684193363253759,2,task02_state27_prefix03
-0.004580025223511849,semantic_all_donor_minus_natural_control,reverse,401,27,-0.03127249924875364,3,0.026204427083333315,-0.036533181420498065,2,task02_state27_prefix03
0.02215295936498888,semantic_all_donor_minus_shuffled,reverse,401,27,0.3225804554212346,3,-0.026387532552083315,0.24195290226221972,2,task02_state27_prefix03
-0.005561120821785022,semantic_all_donor_minus_recipient,reverse,409,27,-0.03406706655878897,3,-0.006988525390624972,0.10847203176613189,2,task02_state27_prefix03
-0.015466555242793558,semantic_wrist_donor_minus_recipient,reverse,409,27,-0.1187937516697064,3,0.03303019205729166,0.00834428571648961,2,task02_state27_prefix03
0.010273944794610093,semantic_primary_donor_minus_recipient,reverse,409,27,-0.03817366692217555,3,0.017934163411458315,0.15055377075296802,2,task02_state27_prefix03
-0.0020830938236360355,semantic_proprio_donor_minus_recipient,reverse,409,27,0.021478259606214772,3,-0.08131917317708337,0.03426927700312018,2,task02_state27_prefix03
-0.0031430522680033577,semantic_all_donor_minus_gaussian,reverse,409,27,-0.12846154553887995,3,0.012237548828125028,-0.005220061738103526,2,task02_state27_prefix03
-0.0032644136150239596,semantic_all_donor_minus_natural_control,reverse,409,27,-0.012738659239249862,3,0.0016174316406250278,0.01141973684510532,2,task02_state27_prefix03
7.718506386780039e-06,semantic_all_donor_minus_shuffled,reverse,409,27,0.22042576660731267,3,-0.018361409505208315,0.2666384395205977,2,task02_state27_prefix03
0.006321717997053779,semantic_all_donor_minus_recipient,reverse,419,27,0.049974670742193056,3,0.17262776692708334,0.15323846852001255,2,task02_state27_prefix03
0.0038901755011768076,semantic_wrist_donor_minus_recipient,reverse,419,27,-0.02061684232612991,3,-0.059661865234375,-0.03973357619438901,2,task02_state27_prefix03
-0.0034359068724628527,semantic_primary_donor_minus_recipient,reverse,419,27,0.01185427357255095,3,-0.04659016927083334,0.005400648982767105,2,task02_state27_prefix03
-0.003396714281250209,semantic_proprio_donor_minus_recipient,reverse,419,27,-0.0633468861345732,3,0.03153483072916666,0.029725446469761982,2,task02_state27_prefix03
-7.836780270232754e-05,semantic_all_donor_minus_gaussian,reverse,419,27,-0.03966200428834654,3,0.21157836914062497,0.09832007709614089,2,task02_state27_prefix03
-2.361464309998118e-05,semantic_all_donor_minus_natural_control,reverse,419,27,0.1499020713846146,3,0.07295735677083331,0.0805126654615283,2,task02_state27_prefix03
0.021249117451218852,semantic_all_donor_minus_shuffled,reverse,419,27,0.3439604605117459,3,0.11224365234374997,0.37872137904319403,2,task02_state27_prefix03
0.2879777552976009,semantic_all_donor_minus_recipient,forward,401,43,0.4056132170897627,6,0.037190755208333315,0.2112195627993776,2,task02_state43_prefix06
0.27348155693932374,semantic_wrist_donor_minus_recipient,forward,401,43,0.45064290257232076,6,-0.048583984374999944,0.14936366470192355,2,task02_state43_prefix06
0.019828785268136008,semantic_primary_donor_minus_recipient,forward,401,43,-0.04346237509514767,6,0.025655110677083315,0.0424805132053107,2,task02_state43_prefix06
0.006332408470763776,semantic_proprio_donor_minus_recipient,forward,401,43,-0.028227221778092372,6,0.004770914713541741,-0.06783518486889743,2,task02_state43_prefix06
0.30722770844222813,semantic_all_donor_minus_gaussian,forward,401,43,0.4117699389325502,6,0.035705566406250056,0.17339125893791668,2,task02_state43_prefix06
0.1701205552163346,semantic_all_donor_minus_natural_control,forward,401,43,0.07430279793104605,6,0.039886474609375,0.1949095595853409,2,task02_state43_prefix06
0.17171528221841714,semantic_all_donor_minus_shuffled,forward,401,43,-0.012784553638382407,6,-0.07417805989583326,0.2363082648365652,2,task02_state43_prefix06
0.31559162378421457,semantic_all_donor_minus_recipient,forward,409,43,-0.3364034488628758,6,-0.011138916015624944,-0.006471255894011568,2,task02_state43_prefix06
0.30500726908279496,semantic_wrist_donor_minus_recipient,forward,409,43,0.34966116266144764,6,-0.0077819824218749445,0.38844661763083266,2,task02_state43_prefix06
0.022650040772621012,semantic_primary_donor_minus_recipient,forward,409,43,-0.008136286960985614,6,-0.04703776041666663,0.07151405787984484,2,task02_state43_prefix06
-0.01940958620631844,semantic_proprio_donor_minus_recipient,forward,409,43,-0.024986688309788677,6,0.01001993815104163,0.04024020380291073,2,task02_state43_prefix06
0.2916393643051477,semantic_all_donor_minus_gaussian,forward,409,43,0.06080125202543796,6,-0.002848307291666574,0.26437382287554423,2,task02_state43_prefix06
0.15043325391318807,semantic_all_donor_minus_natural_control,forward,409,43,0.07771615909893254,6,0.0007731119791666852,-0.06550171533404228,2,task02_state43_prefix06
0.14844969183473278,semantic_all_donor_minus_shuffled,forward,409,43,0.029094179673241793,6,-0.057840983072916685,0.06665802314441804,2,task02_state43_prefix06
0.32853982095430556,semantic_all_donor_minus_recipient,forward,419,43,0.3902571811593146,6,0.21269734700520831,0.4461727573537537,2,task02_state43_prefix06
0.32260542268544556,semantic_wrist_donor_minus_recipient,forward,419,43,0.1505922929868834,6,0.33837890625000006,0.1533189028843744,2,task02_state43_prefix06
0.007602207643475694,semantic_primary_donor_minus_recipient,forward,419,43,-0.027904073466830583,6,0.01387532552083337,0.09351007691908611,2,task02_state43_prefix06
0.010681995484537302,semantic_proprio_donor_minus_recipient,forward,419,43,-0.008023263475428512,6,-0.04529825846354174,0.020699331236309598,2,task02_state43_prefix06
0.3418130061356249,semantic_all_donor_minus_gaussian,forward,419,43,0.13401437108930095,6,0.22431437174479169,0.3938563462404064,2,task02_state43_prefix06
0.1844718007340921,semantic_all_donor_minus_natural_control,forward,419,43,0.0728634477126199,6,0.2327880859375,0.2623207565109299,2,task02_state43_prefix06
0.20069870360986,semantic_all_donor_minus_shuffled,forward,419,43,-0.008070134804595059,6,0.037221272786458315,0.21683271700574586,2,task02_state43_prefix06
0.30761162507700013,semantic_all_donor_minus_recipient,reverse,401,43,-0.3064137312451954,6,-0.02906290690104174,0.14880094994384074,2,task02_state43_prefix06
0.25225463767067735,semantic_wrist_donor_minus_recipient,reverse,401,43,-0.24305440824297375,6,0.08421834309895831,0.21237944253924224,2,task02_state43_prefix06
0.025913361728473472,semantic_primary_donor_minus_recipient,reverse,401,43,0.22391580155265947,6,0.09783935546874994,0.01587006813332581,2,task02_state43_prefix06
-0.014711314428017125,semantic_proprio_donor_minus_recipient,reverse,401,43,-0.006061197750956718,6,0.040456136067708315,0.03908097333883308,2,task02_state43_prefix06
0.326658877380671,semantic_all_donor_minus_gaussian,reverse,401,43,-0.3168855721626089,6,-0.023915608723958426,0.49185021597829237,2,task02_state43_prefix06
0.13611440507114114,semantic_all_donor_minus_natural_control,reverse,401,43,0.035102062550066926,6,-0.0053710937500000555,0.13231219934559513,2,task02_state43_prefix06
0.10569183656388947,semantic_all_donor_minus_shuffled,reverse,401,43,-0.3417733224048178,6,-0.02876790364583337,0.0757842321915968,2,task02_state43_prefix06
0.32251381762831943,semantic_all_donor_minus_recipient,reverse,409,43,0.5829708387790572,6,0.016153971354166685,0.09462028409232803,2,task02_state43_prefix06
0.28321106095678483,semantic_wrist_donor_minus_recipient,reverse,409,43,0.5042732803652631,6,0.036366780598958204,0.3083810619119345,2,task02_state43_prefix06
0.022457577703147436,semantic_primary_donor_minus_recipient,reverse,409,43,-0.002977818903049878,6,-0.036346435546875,-0.06288303797409064,2,task02_state43_prefix06
0.004481152464054755,semantic_proprio_donor_minus_recipient,reverse,409,43,-0.2442078924828478,6,0.0975341796875,0.27135463057332143,2,task02_state43_prefix06
0.31601571807149675,semantic_all_donor_minus_gaussian,reverse,409,43,0.503591310295047,6,0.023406982421874944,0.14993293894871684,2,task02_state43_prefix06
0.1207181189016917,semantic_all_donor_minus_natural_control,reverse,409,43,0.059511648881523604,6,-0.001342773437500111,-0.1256213007988538,2,task02_state43_prefix06
0.07735426648346233,semantic_all_donor_minus_shuffled,reverse,409,43,0.5738023774304596,6,-0.0036926269531250555,-0.2127180054180693,2,task02_state43_prefix06
0.29227265242227685,semantic_all_donor_minus_recipient,reverse,419,43,-0.27696788890130963,6,-0.053049723307291685,0.09682324749215454,2,task02_state43_prefix06
0.33524140820519405,semantic_wrist_donor_minus_recipient,reverse,419,43,-0.2851250122071902,6,0.15826416015625006,0.157813042942476,2,task02_state43_prefix06
0.038273954420692965,semantic_primary_donor_minus_recipient,reverse,419,43,0.028051112611546636,6,-0.06636555989583331,-0.1772207885155445,2,task02_state43_prefix06
0.003941041086904552,semantic_proprio_donor_minus_recipient,reverse,419,43,-0.22127169881828765,6,-0.00014241536458337034,0.019872312757674107,2,task02_state43_prefix06
0.3216997725462576,semantic_all_donor_minus_gaussian,reverse,419,43,-0.26329320639893095,6,-0.02588907877604163,0.12037251130519055,2,task02_state43_prefix06
0.1115046660411233,semantic_all_donor_minus_natural_control,reverse,419,43,-0.32738332276260995,6,-0.04195149739583337,-0.07774743370733672,2,task02_state43_prefix06
0.0762888269469012,semantic_all_donor_minus_shuffled,reverse,419,43,-0.18631544329536054,6,-0.07877604166666657,-0.21857283299306185,2,task02_state43_prefix06
0.1780026207981379,semantic_all_donor_minus_recipient,forward,401,10,0.2052273456864946,0,-0.01036580403645837,0.20522734568649437,3,task03_state10_prefix00
0.119974995561273,semantic_wrist_donor_minus_recipient,forward,401,10,0.20887084271662792,0,-0.014902750651041685,0.2088708427166277,3,task03_state10_prefix00
-0.01594692510225,semantic_primary_donor_minus_recipient,forward,401,10,-0.006311779813363704,0,0.0034077962239584814,-0.0063117798133637,3,task03_state10_prefix00
-0.041524621642283537,semantic_proprio_donor_minus_recipient,forward,401,10,-0.03214042969864933,0,-0.015696207682291685,-0.03214042969864933,3,task03_state10_prefix00
0.15343800244149675,semantic_all_donor_minus_gaussian,forward,401,10,0.1923684822692715,0,-0.012268066406250056,0.19236848226927128,3,task03_state10_prefix00
-0.08436709602338299,semantic_all_donor_minus_natural_control,forward,401,10,-0.08814322740061442,0,0.0032043457031250555,-0.08814322740061398,3,task03_state10_prefix00
0.45082501433734845,semantic_all_donor_minus_shuffled,forward,401,10,0.4647907982794317,0,0.10330200195312494,0.4647907982794317,3,task03_state10_prefix00
0.1824205343074381,semantic_all_donor_minus_recipient,forward,409,10,0.19164879564624748,0,-0.0046691894531250555,0.19164879564624748,3,task03_state10_prefix00
0.13080115987202684,semantic_wrist_donor_minus_recipient,forward,409,10,0.17630807156655703,0,-0.012268066406249944,0.17630807156655703,3,task03_state10_prefix00
0.037279805447087824,semantic_primary_donor_minus_recipient,forward,409,10,0.0483511082764692,0,0.0185546875,0.0483511082764692,3,task03_state10_prefix00
0.03827752759120556,semantic_proprio_donor_minus_recipient,forward,409,10,0.041552796771858046,0,-0.015767415364583315,0.041552796771858046,3,task03_state10_prefix00
0.22682426542190132,semantic_all_donor_minus_gaussian,forward,409,10,0.2417078385165744,0,-0.010203043619791685,0.2417078385165744,3,task03_state10_prefix00
-0.0005812534422975357,semantic_all_donor_minus_natural_control,forward,409,10,-0.021412155346114625,0,-0.0027669270833332593,-0.021412155346114625,3,task03_state10_prefix00
0.6627768821617903,semantic_all_donor_minus_shuffled,forward,409,10,0.6891692101242678,0,0.28240966796875,0.6891692101242678,3,task03_state10_prefix00
0.12996613748604102,semantic_all_donor_minus_recipient,forward,419,10,0.17297901597020282,0,0.015431722005208315,0.17297901597020293,3,task03_state10_prefix00
0.11810676315091972,semantic_wrist_donor_minus_recipient,forward,419,10,0.175515709198097,0,0.00770060221354163,0.175515709198097,3,task03_state10_prefix00
-0.022249494880461407,semantic_primary_donor_minus_recipient,forward,419,10,-0.021678579663528985,0,-0.00014241536458337034,-0.021678579663528957,3,task03_state10_prefix00
-0.029749551358180488,semantic_proprio_donor_minus_recipient,forward,419,10,-0.011986444353238578,0,-0.025105794270833315,-0.01198644435323858,3,task03_state10_prefix00
0.15923100706420712,semantic_all_donor_minus_gaussian,forward,419,10,0.20055217116273993,0,0.019704182942708315,0.20055217116273993,3,task03_state10_prefix00
-0.019221784654799512,semantic_all_donor_minus_natural_control,forward,419,10,-0.039323235537365164,0,-0.0018412272135416852,-0.03932323553736505,3,task03_state10_prefix00
0.5392667444584341,semantic_all_donor_minus_shuffled,forward,419,10,0.5777380778646781,0,0.29762776692708337,0.5777380778646781,3,task03_state10_prefix00
0.1615430804166031,semantic_all_donor_minus_recipient,reverse,401,10,0.1801549435420992,0,0.06837972005208337,0.1801549435420992,3,task03_state10_prefix00
0.14242844225989493,semantic_wrist_donor_minus_recipient,reverse,401,10,0.2071884928699732,0,0.15126546223958334,0.20718849286997312,3,task03_state10_prefix00
0.04492594950457674,semantic_primary_donor_minus_recipient,reverse,401,10,0.035054237894976414,0,-0.01610310872395837,0.03505423789497642,3,task03_state10_prefix00
-0.026851263763453016,semantic_proprio_donor_minus_recipient,reverse,401,10,-0.017267747231956086,0,-0.055023193359374944,-0.017267747231956086,3,task03_state10_prefix00
0.1803784310201605,semantic_all_donor_minus_gaussian,reverse,401,10,0.17992059197900584,0,0.071929931640625,0.17992059197900578,3,task03_state10_prefix00
-0.00359535614049189,semantic_all_donor_minus_natural_control,reverse,401,10,-0.03418211147985076,0,-0.03491210937499997,-0.034182111479850716,3,task03_state10_prefix00
-0.25120469781088794,semantic_all_donor_minus_shuffled,reverse,401,10,-0.30066345307080095,0,-0.44884236653645826,-0.3006634530708009,3,task03_state10_prefix00
0.13635582686496492,semantic_all_donor_minus_recipient,reverse,409,10,0.1553545826239179,0,0.15966796875,0.1553545826239179,3,task03_state10_prefix00
0.1751173320179799,semantic_wrist_donor_minus_recipient,reverse,409,10,0.18463994203162185,0,0.170562744140625,0.1846399420316218,3,task03_state10_prefix00
0.033009815450643014,semantic_primary_donor_minus_recipient,reverse,409,10,0.013253723800272371,0,-0.01262410481770837,0.013253723800272371,3,task03_state10_prefix00
0.04911211981454097,semantic_proprio_donor_minus_recipient,reverse,409,10,0.014476954563279344,0,-0.03194173177083337,0.014476954563279344,3,task03_state10_prefix00
0.11227400241444878,semantic_all_donor_minus_gaussian,reverse,409,10,0.1495210349192576,0,0.15980021158854163,0.1495210349192576,3,task03_state10_prefix00
-0.025809873897919777,semantic_all_donor_minus_natural_control,reverse,409,10,-0.020601261140718363,0,-0.04182942708333337,-0.020601261140718363,3,task03_state10_prefix00
-0.5177193028121579,semantic_all_donor_minus_shuffled,reverse,409,10,-0.5638086948928009,0,-0.29332478841145837,-0.5638086948928009,3,task03_state10_prefix00
0.13452953227562572,semantic_all_donor_minus_recipient,reverse,419,10,0.19522999852637482,0,0.25225830078125,0.19522999852637482,3,task03_state10_prefix00
0.14349089034066617,semantic_wrist_donor_minus_recipient,reverse,419,10,0.18198284772109294,0,0.34234619140625,0.1819828477210929,3,task03_state10_prefix00
0.034315665532024975,semantic_primary_donor_minus_recipient,reverse,419,10,0.018601118652010695,0,0.043446858723958315,0.018601118652010695,3,task03_state10_prefix00
0.021778970257688796,semantic_proprio_donor_minus_recipient,reverse,419,10,0.015309726882103185,0,0.035776774088541685,0.015309726882103185,3,task03_state10_prefix00
0.0765688274140334,semantic_all_donor_minus_gaussian,reverse,419,10,0.14253873499470618,0,0.24976603190104163,0.14253873499470618,3,task03_state10_prefix00
0.015581216880125592,semantic_all_donor_minus_natural_control,reverse,419,10,0.03412108046075274,0,0.05176798502604166,0.03412108046075274,3,task03_state10_prefix00
-0.41522092761002805,semantic_all_donor_minus_shuffled,reverse,419,10,-0.42099122524298793,0,-0.27973429361979174,-0.42099122524298793,3,task03_state10_prefix00
0.10262019333153835,semantic_all_donor_minus_recipient,forward,401,27,0.14058803650326693,3,0.14544677734375,0.14058803650326696,3,task03_state27_prefix03
-0.13120887735181916,semantic_wrist_donor_minus_recipient,forward,401,27,-0.01312325783099988,3,-0.009857177734375,-0.013123257830999907,3,task03_state27_prefix03
0.010761656988582669,semantic_primary_donor_minus_recipient,forward,401,27,-0.003392265359575105,3,0.03226725260416674,-0.003392265359575105,3,task03_state27_prefix03
0.005954167728059179,semantic_proprio_donor_minus_recipient,forward,401,27,-0.03159698748762593,3,-0.05427042643229163,-0.03159698748762593,3,task03_state27_prefix03
0.08510406158278114,semantic_all_donor_minus_gaussian,forward,401,27,0.10877788840795641,3,0.10401407877604163,0.10877788840795644,3,task03_state27_prefix03
0.0703771838452783,semantic_all_donor_minus_natural_control,forward,401,27,0.06286531141671065,3,0.01441446940104163,0.06286531141671073,3,task03_state27_prefix03
-0.0011255030395377619,semantic_all_donor_minus_shuffled,forward,401,27,-0.15345070109091774,3,-0.4629923502604167,-0.15345070109091774,3,task03_state27_prefix03
-0.03140499161877383,semantic_all_donor_minus_recipient,forward,409,27,0.045483074048189076,3,-0.02304077148437489,0.045483074048189076,3,task03_state27_prefix03
0.053902812846955785,semantic_wrist_donor_minus_recipient,forward,409,27,0.057334622924585577,3,-0.07640584309895826,0.057334622924585577,3,task03_state27_prefix03
0.040213955712114974,semantic_primary_donor_minus_recipient,forward,409,27,-0.07212689221329141,3,0.03868611653645826,-0.07212689221329141,3,task03_state27_prefix03
-0.05776519204494223,semantic_proprio_donor_minus_recipient,forward,409,27,0.039888398196997306,3,0.133575439453125,0.039888398196997306,3,task03_state27_prefix03
-0.005467163981493661,semantic_all_donor_minus_gaussian,forward,409,27,0.04954204485080391,3,0.00520833333333337,0.049542044850803935,3,task03_state27_prefix03
-0.05288592728646091,semantic_all_donor_minus_natural_control,forward,409,27,0.016248572748171375,3,-0.01839192708333326,0.016248572748171375,3,task03_state27_prefix03
-0.12395174026557418,semantic_all_donor_minus_shuffled,forward,409,27,-0.2530085600926408,3,-0.5834147135416666,-0.2530085600926408,3,task03_state27_prefix03
-0.016653873930694896,semantic_all_donor_minus_recipient,forward,419,27,-0.018751169098703002,3,0.06493123372395826,-0.018751169098702947,3,task03_state27_prefix03
-0.012301101132793694,semantic_wrist_donor_minus_recipient,forward,419,27,0.1033693299605905,3,0.05840047200520826,0.10336932996059056,3,task03_state27_prefix03
0.023585573497993673,semantic_primary_donor_minus_recipient,forward,419,27,0.026239555920822805,3,0.04459635416666663,0.026239555920822805,3,task03_state27_prefix03
0.0468520083798219,semantic_proprio_donor_minus_recipient,forward,419,27,0.03021460786757562,3,0.016998291015625,0.03021460786757564,3,task03_state27_prefix03
-0.010271585266012684,semantic_all_donor_minus_gaussian,forward,419,27,0.0476815520207311,3,0.10117594401041663,0.047681552020731155,3,task03_state27_prefix03
-0.009437580209421426,semantic_all_donor_minus_natural_control,forward,419,27,0.03659081782709067,3,0.078094482421875,0.03659081782709073,3,task03_state27_prefix03
-0.09534528721179336,semantic_all_donor_minus_shuffled,forward,419,27,-0.1846279316351081,3,-0.4665323893229167,-0.18462793163510804,3,task03_state27_prefix03
0.04107377247476784,semantic_all_donor_minus_recipient,reverse,401,27,0.09232815085267357,3,0.11094156901041669,0.09232815085267357,3,task03_state27_prefix03
0.0458831036052581,semantic_wrist_donor_minus_recipient,reverse,401,27,-0.059806938324001135,3,0.0037740071614583703,-0.059806938324001135,3,task03_state27_prefix03
0.03310315813979542,semantic_primary_donor_minus_recipient,reverse,401,27,0.07945355173915546,3,0.136138916015625,0.07945355173915546,3,task03_state27_prefix03
-0.08620587466128526,semantic_proprio_donor_minus_recipient,reverse,401,27,0.052418286786028834,3,-0.08451334635416663,0.052418286786028834,3,task03_state27_prefix03
0.008408109073263038,semantic_all_donor_minus_gaussian,reverse,401,27,0.060809774233630653,3,0.05992635091145837,0.060809774233630653,3,task03_state27_prefix03
-0.009488621175400485,semantic_all_donor_minus_natural_control,reverse,401,27,0.019688016071581937,3,0.04781087239583337,0.019688016071581937,3,task03_state27_prefix03
0.10275171721356396,semantic_all_donor_minus_shuffled,reverse,401,27,0.19794183469401047,3,0.39401245117187506,0.1979418346940105,3,task03_state27_prefix03
0.01372439077676698,semantic_all_donor_minus_recipient,reverse,409,27,0.07125512467230341,3,0.055765787760416685,0.07125512467230335,3,task03_state27_prefix03
-0.04320637117477531,semantic_wrist_donor_minus_recipient,reverse,409,27,-0.0546558179937231,3,-0.0125732421875,-0.05465581799372299,3,task03_state27_prefix03
-0.08124781046669198,semantic_primary_donor_minus_recipient,reverse,409,27,-0.15450058806269995,3,-0.11075846354166669,-0.15450058806269998,3,task03_state27_prefix03
0.008280529886081103,semantic_proprio_donor_minus_recipient,reverse,409,27,0.07547871173255757,3,-0.1478271484375,0.07547871173255757,3,task03_state27_prefix03
0.012545122533965475,semantic_all_donor_minus_gaussian,reverse,409,27,-0.03913021372599948,3,-0.031158447265624944,-0.03913021372599948,3,task03_state27_prefix03
0.005111236571929981,semantic_all_donor_minus_natural_control,reverse,409,27,-0.04391796906495907,3,-0.02158610026041663,-0.04391796906495912,3,task03_state27_prefix03
0.12506648807133203,semantic_all_donor_minus_shuffled,reverse,409,27,0.21600952459661693,3,0.37608846028645837,0.21600952459661693,3,task03_state27_prefix03
0.06225153574478298,semantic_all_donor_minus_recipient,reverse,419,27,0.12874970489655557,3,0.11253865559895831,0.12874970489655554,3,task03_state27_prefix03
0.03989742981651992,semantic_wrist_donor_minus_recipient,reverse,419,27,0.043206975335979156,3,-0.001983642578125,0.04320697533597914,3,task03_state27_prefix03
-0.03229476868250121,semantic_primary_donor_minus_recipient,reverse,419,27,0.01842863427976995,3,-0.06033325195312489,0.01842863427976995,3,task03_state27_prefix03
0.00727184873782606,semantic_proprio_donor_minus_recipient,reverse,419,27,0.0012110920998953181,3,0.02026367187499989,0.0012110920998953181,3,task03_state27_prefix03
0.0685384201479976,semantic_all_donor_minus_gaussian,reverse,419,27,0.01915329080604894,3,0.038645426432291685,0.01915329080604894,3,task03_state27_prefix03
0.04532263402909824,semantic_all_donor_minus_natural_control,reverse,419,27,0.10587716865134048,3,0.03508504231770837,0.10587716865134048,3,task03_state27_prefix03
0.24993278079527237,semantic_all_donor_minus_shuffled,reverse,419,27,0.38452941988366796,3,0.3310445149739583,0.38452941988366796,3,task03_state27_prefix03
-0.00932624555495748,semantic_all_donor_minus_recipient,forward,401,43,0.022363743617528714,6,0.09618123372395837,0.01702112305853512,3,task03_state43_prefix06
-0.028540755287302988,semantic_wrist_donor_minus_recipient,forward,401,43,0.009529449212712926,6,0.08123779296875003,0.00252053382088005,3,task03_state43_prefix06
0.015244142510132744,semantic_primary_donor_minus_recipient,forward,401,43,0.06632283050542886,6,-0.018463134765625,0.05748794025816306,3,task03_state43_prefix06
-0.011062110908558104,semantic_proprio_donor_minus_recipient,forward,401,43,0.0016141627288372012,6,-0.01642862955729174,-0.002010122637709444,3,task03_state43_prefix06
-0.018817055204137983,semantic_all_donor_minus_gaussian,forward,401,43,-0.003879961431045631,6,0.0019124348958333703,0.008702800987066689,3,task03_state43_prefix06
0.01479525935699147,semantic_all_donor_minus_natural_control,forward,401,43,-0.030837146846147828,6,0.028523763020833343,-0.025831477356195537,3,task03_state43_prefix06
-0.09888369654728082,semantic_all_donor_minus_shuffled,forward,401,43,-0.1960667598440737,6,-0.30584716796875,-0.14809307701237082,3,task03_state43_prefix06
-0.03002199026404967,semantic_all_donor_minus_recipient,forward,409,43,0.05894136955178292,6,0.0011393229166666297,0.04915499904533027,3,task03_state43_prefix06
0.03165674528417481,semantic_wrist_donor_minus_recipient,forward,409,43,0.005839984555458921,6,0.000213623046875,0.01606728919429029,3,task03_state43_prefix06
0.012047284649850096,semantic_primary_donor_minus_recipient,forward,409,43,-0.011247547761396054,6,0.059163411458333315,-0.016383360476308374,3,task03_state43_prefix06
0.002563417368026233,semantic_proprio_donor_minus_recipient,forward,409,43,0.07305470692942921,6,-0.054850260416666685,0.08149084930689178,3,task03_state43_prefix06
-0.013760670994923896,semantic_all_donor_minus_gaussian,forward,409,43,-0.030492792384869072,6,-0.003824869791666685,-0.04593796970486014,3,task03_state43_prefix06
-0.01881995934960648,semantic_all_donor_minus_natural_control,forward,409,43,-0.00817510286575518,6,-0.04460652669270837,-0.011800745339828,3,task03_state43_prefix06
-0.05276031453002886,semantic_all_donor_minus_shuffled,forward,409,43,-0.07196976815393169,6,-0.224884033203125,-0.015289791739626746,3,task03_state43_prefix06
-0.07171278713077706,semantic_all_donor_minus_recipient,forward,419,43,-0.08835994278634911,6,0.005472819010416741,-0.10328908166594547,3,task03_state43_prefix06
-0.012799951762977518,semantic_wrist_donor_minus_recipient,forward,419,43,0.04092242897044583,6,0.091400146484375,0.028505519455380227,3,task03_state43_prefix06
-0.04106941054424573,semantic_primary_donor_minus_recipient,forward,419,43,-0.004716961809172079,6,-0.0016581217447917407,0.001713443943253576,3,task03_state43_prefix06
0.017497164161879977,semantic_proprio_donor_minus_recipient,forward,419,43,-0.07116538369402427,6,-0.06998697916666669,-0.07466960138712006,3,task03_state43_prefix06
-0.09478415614560565,semantic_all_donor_minus_gaussian,forward,419,43,0.01675579270570403,6,0.00438435872395837,0.014649813556161625,3,task03_state43_prefix06
-0.07615511189523316,semantic_all_donor_minus_natural_control,forward,419,43,-0.0711502517838703,6,0.008026123046875,-0.0715874599758722,3,task03_state43_prefix06
-0.09277080250604214,semantic_all_donor_minus_shuffled,forward,419,43,-0.16443697039111066,6,-0.23055013020833326,-0.14137265463271276,3,task03_state43_prefix06
0.0006024057869091978,semantic_all_donor_minus_recipient,reverse,401,43,-0.05153541801668749,6,-0.10982259114583329,-0.04342297544012111,3,task03_state43_prefix06
0.0036086015218566303,semantic_wrist_donor_minus_recipient,reverse,401,43,-0.05308813507354834,6,-0.003774007161458315,-0.061495000776665365,3,task03_state43_prefix06
0.006565033433483483,semantic_primary_donor_minus_recipient,reverse,401,43,0.004491994227641974,6,0.017578125,0.01143291329912463,3,task03_state43_prefix06
0.052073128276815706,semantic_proprio_donor_minus_recipient,reverse,401,43,0.07848806551209436,6,0.062530517578125,0.08205832928434434,3,task03_state43_prefix06
-0.013655659760813774,semantic_all_donor_minus_gaussian,reverse,401,43,-0.047816591187545145,6,-0.05780029296875,-0.047625577386731344,3,task03_state43_prefix06
-0.003144531687745533,semantic_all_donor_minus_natural_control,reverse,401,43,-0.0070801399351324845,6,0.025492350260416685,-0.01782337101258752,3,task03_state43_prefix06
0.03289557692477281,semantic_all_donor_minus_shuffled,reverse,401,43,0.09641485887651821,6,0.11710611979166671,0.07346885581910262,3,task03_state43_prefix06
-0.027778971845493702,semantic_all_donor_minus_recipient,reverse,409,43,0.020075407393244708,6,0.014516194661458315,0.002090256723192841,3,task03_state43_prefix06
0.04000067050369005,semantic_wrist_donor_minus_recipient,reverse,409,43,-0.06420748807808188,6,-0.13479614257812497,-0.07448347915106932,3,task03_state43_prefix06
-0.037309044968068555,semantic_primary_donor_minus_recipient,reverse,409,43,-0.04340892616386738,6,0.022796630859375,-0.053492514353685905,3,task03_state43_prefix06
0.03777201937970778,semantic_proprio_donor_minus_recipient,reverse,409,43,0.017910117674151214,6,0.0062255859375,0.058802061676704376,3,task03_state43_prefix06
-0.04131462206480403,semantic_all_donor_minus_gaussian,reverse,409,43,-0.014000156540573901,6,-0.007629394531250028,-0.030087303188300683,3,task03_state43_prefix06
0.04540122794330441,semantic_all_donor_minus_natural_control,reverse,409,43,-0.01636150245548036,6,-0.012807210286458343,-0.03443113707822272,3,task03_state43_prefix06
0.040847750718179324,semantic_all_donor_minus_shuffled,reverse,409,43,0.10026555056286446,6,0.21174112955729166,0.042261588883046236,3,task03_state43_prefix06
-0.016870672619406266,semantic_all_donor_minus_recipient,reverse,419,43,-0.01952283444963568,6,0.00472005208333337,-0.018397232702518113,3,task03_state43_prefix06
-0.049492416929330395,semantic_wrist_donor_minus_recipient,reverse,419,43,-0.03405135317790837,6,0.01378377278645826,-0.029498829675389977,3,task03_state43_prefix06
-0.0175390068094297,semantic_primary_donor_minus_recipient,reverse,419,43,-0.04299357887279409,6,-0.06331380208333334,-0.042527429727695104,3,task03_state43_prefix06
0.007567056988191384,semantic_proprio_donor_minus_recipient,reverse,419,43,0.11463717625535895,6,0.22901407877604166,0.10208730551930603,3,task03_state43_prefix06
0.001955204631172172,semantic_all_donor_minus_gaussian,reverse,419,43,-0.03259022388595054,6,-0.011596679687499944,-0.03331512529600847,3,task03_state43_prefix06
0.002272420893412952,semantic_all_donor_minus_natural_control,reverse,419,43,-0.01716256693510554,6,-0.06449381510416666,0.0045134811148054566,3,task03_state43_prefix06
0.04414890380697821,semantic_all_donor_minus_shuffled,reverse,419,43,0.1527797749817137,6,0.35583496093750006,0.13963413939729652,3,task03_state43_prefix06
0.6314028563898768,semantic_all_donor_minus_recipient,forward,401,10,0.7744006369314083,0,3.4905802408854165,0.7744006369314083,4,task04_state10_prefix00
0.59528040641737,semantic_wrist_donor_minus_recipient,forward,401,10,0.7524208834062829,0,3.150655110677083,0.7524208834062829,4,task04_state10_prefix00
0.20518604338442198,semantic_primary_donor_minus_recipient,forward,401,10,0.24964545456728776,0,1.1874491373697917,0.24964545456728776,4,task04_state10_prefix00
0.0007302215090793374,semantic_proprio_donor_minus_recipient,forward,401,10,-0.0013601314575172538,0,0.06975301106770848,-0.0013601314575172538,4,task04_state10_prefix00
0.6399001741417858,semantic_all_donor_minus_gaussian,forward,401,10,0.7825497103814273,0,3.528432210286458,0.7825497103814273,4,task04_state10_prefix00
0.07997038320556527,semantic_all_donor_minus_natural_control,forward,401,10,0.11209688065423629,0,0.5185241699218746,0.11209688065423629,4,task04_state10_prefix00
0.9065345248071799,semantic_all_donor_minus_shuffled,forward,401,10,0.9388163536324678,0,3.7068379720052085,0.9388163536324678,4,task04_state10_prefix00
0.6465647106303591,semantic_all_donor_minus_recipient,forward,409,10,0.8141774404032751,0,2.365376790364583,0.8141774404032751,4,task04_state10_prefix00
0.5649084529924547,semantic_wrist_donor_minus_recipient,forward,409,10,0.687776828303345,0,1.5476786295572915,0.687776828303345,4,task04_state10_prefix00
0.23813105107797802,semantic_primary_donor_minus_recipient,forward,409,10,0.2910589584196381,0,1.2974344889322915,0.2910589584196381,4,task04_state10_prefix00
0.00613728155456783,semantic_proprio_donor_minus_recipient,forward,409,10,0.018749625000632198,0,-0.002166748046875,0.018749625000632198,4,task04_state10_prefix00
0.6435866052249442,semantic_all_donor_minus_gaussian,forward,409,10,0.7969513851362713,0,2.2950236002604165,0.7969513851362713,4,task04_state10_prefix00
0.0983168704956976,semantic_all_donor_minus_natural_control,forward,409,10,0.13485588460227071,0,-0.06144205729166696,0.13485588460227071,4,task04_state10_prefix00
0.7375153680893354,semantic_all_donor_minus_shuffled,forward,409,10,0.7011059190338113,0,2.430887858072917,0.7011059190338113,4,task04_state10_prefix00
0.7422174253007647,semantic_all_donor_minus_recipient,forward,419,10,0.9356519437549753,0,3.5690816243489585,0.9356519437549753,4,task04_state10_prefix00
0.749978502700595,semantic_wrist_donor_minus_recipient,forward,419,10,0.9298729275450052,0,3.364776611328125,0.9298729275450052,4,task04_state10_prefix00
0.26983640923034635,semantic_primary_donor_minus_recipient,forward,419,10,0.31887634457279446,0,1.5341389973958333,0.31887634457279446,4,task04_state10_prefix00
-0.05319284623169967,semantic_proprio_donor_minus_recipient,forward,419,10,-0.05916681180376232,0,0.15699259440104152,-0.05916681180376232,4,task04_state10_prefix00
0.7339794533120373,semantic_all_donor_minus_gaussian,forward,419,10,0.9279868238248976,0,3.593597412109375,0.9279868238248976,4,task04_state10_prefix00
0.10284750031101653,semantic_all_donor_minus_natural_control,forward,419,10,0.1300610145799439,0,0.22672526041666674,0.1300610145799439,4,task04_state10_prefix00
1.179864747021713,semantic_all_donor_minus_shuffled,forward,419,10,1.3218702455606584,0,4.29144287109375,1.3218702455606584,4,task04_state10_prefix00
0.6198983538714552,semantic_all_donor_minus_recipient,reverse,401,10,0.7527398304042929,0,3.37115478515625,0.7527398304042929,4,task04_state10_prefix00
0.5488518775275077,semantic_wrist_donor_minus_recipient,reverse,401,10,0.6793910275507258,0,3.008514404296875,0.6793910275507258,4,task04_state10_prefix00
0.14516822875079557,semantic_primary_donor_minus_recipient,reverse,401,10,0.16873952445303889,0,0.7669881184895835,0.16873952445303889,4,task04_state10_prefix00
-0.011155713356861705,semantic_proprio_donor_minus_recipient,reverse,401,10,-0.00852309750528641,0,0.03055826822916652,-0.00852309750528641,4,task04_state10_prefix00
0.637079504062531,semantic_all_donor_minus_gaussian,reverse,401,10,0.7604011540255377,0,3.35247802734375,0.7604011540255377,4,task04_state10_prefix00
0.28068417500362985,semantic_all_donor_minus_natural_control,reverse,401,10,0.33275921754908355,0,1.4118754069010415,0.33275921754908355,4,task04_state10_prefix00
-0.3274040655783609,semantic_all_donor_minus_shuffled,reverse,401,10,-0.23229091091904452,0,-0.08070882161458326,-0.23229091091904452,4,task04_state10_prefix00
0.653149265270699,semantic_all_donor_minus_recipient,reverse,409,10,0.8202466269001154,0,2.671783447265625,0.8202466269001154,4,task04_state10_prefix00
0.47159730092635355,semantic_wrist_donor_minus_recipient,reverse,409,10,0.5978478676911896,0,1.5995076497395837,0.5978478676911896,4,task04_state10_prefix00
0.1644209377699757,semantic_primary_donor_minus_recipient,reverse,409,10,0.20226462953620616,0,0.9575805664062496,0.20226462953620616,4,task04_state10_prefix00
-0.008073728979981843,semantic_proprio_donor_minus_recipient,reverse,409,10,-0.01380939159600398,0,-0.00225830078125,-0.01380939159600398,4,task04_state10_prefix00
0.6603500953098639,semantic_all_donor_minus_gaussian,reverse,409,10,0.8227056810502165,0,2.681538899739583,0.8227056810502165,4,task04_state10_prefix00
0.32106234032785774,semantic_all_donor_minus_natural_control,reverse,409,10,0.38947536687611195,0,1.6053771972656252,0.38947536687611195,4,task04_state10_prefix00
-0.17290900655617925,semantic_all_donor_minus_shuffled,reverse,409,10,0.0042102527853092875,0,-0.45378621419270804,0.0042102527853092875,4,task04_state10_prefix00
0.7614412428026578,semantic_all_donor_minus_recipient,reverse,419,10,0.9376497483670095,0,3.812917073567708,0.9376497483670095,4,task04_state10_prefix00
0.6620352494024772,semantic_wrist_donor_minus_recipient,reverse,419,10,0.8318312305827937,0,3.141876220703125,0.8318312305827937,4,task04_state10_prefix00
0.15305050890942215,semantic_primary_donor_minus_recipient,reverse,419,10,0.1738475648411157,0,0.0111083984375,0.1738475648411157,4,task04_state10_prefix00
0.0007987597539755719,semantic_proprio_donor_minus_recipient,reverse,419,10,0.002992067475775591,0,0.06472778320312544,0.002992067475775591,4,task04_state10_prefix00
0.7709870958963755,semantic_all_donor_minus_gaussian,reverse,419,10,0.9417411637264204,0,3.7583719889322915,0.9417411637264204,4,task04_state10_prefix00
0.35706612275481,semantic_all_donor_minus_natural_control,reverse,419,10,0.44188621471487416,0,1.8033243815104165,0.44188621471487416,4,task04_state10_prefix00
-0.49519158858861356,semantic_all_donor_minus_shuffled,reverse,419,10,-0.4595033589325368,0,-0.2905883789062502,-0.4595033589325368,4,task04_state10_prefix00
0.15721074364260362,semantic_all_donor_minus_recipient,forward,401,27,0.019488269532866198,3,0.32190958658854163,0.15765435348777979,4,task04_state27_prefix03
0.03264134021854628,semantic_wrist_donor_minus_recipient,forward,401,27,0.05780475268664542,3,-0.0267333984375,0.07510455987705429,4,task04_state27_prefix03
0.060007489421035176,semantic_primary_donor_minus_recipient,forward,401,27,-0.10800802852816188,3,0.267425537109375,0.09658103346933264,4,task04_state27_prefix03
-0.004062438348423767,semantic_proprio_donor_minus_recipient,forward,401,27,0.007651249162480393,3,0.00832112630208326,0.012494780654066673,4,task04_state27_prefix03
0.1610805609252265,semantic_all_donor_minus_gaussian,forward,401,27,0.03156994504579114,3,0.3843994140624998,0.18646595600148302,4,task04_state27_prefix03
0.081539294640329,semantic_all_donor_minus_natural_control,forward,401,27,0.061905233659942466,3,0.3677368164062498,0.1812143398367586,4,task04_state27_prefix03
0.24571297936853653,semantic_all_donor_minus_shuffled,forward,401,27,-0.1604064997533468,3,-0.14097086588541674,-0.009272225312086602,4,task04_state27_prefix03
0.19860783429820472,semantic_all_donor_minus_recipient,forward,409,27,0.03194505229291794,3,0.39708455403645804,0.21841443926256132,4,task04_state27_prefix03
0.14024904336080163,semantic_wrist_donor_minus_recipient,forward,409,27,0.2862382442446004,3,0.19960530598958337,0.16548594691627416,4,task04_state27_prefix03
0.0747885369455355,semantic_primary_donor_minus_recipient,forward,409,27,-0.08913650971204995,3,0.0869140625,0.07176632965765362,4,task04_state27_prefix03
-0.011638572253293723,semantic_proprio_donor_minus_recipient,forward,409,27,0.022207254506997967,3,-0.016021728515625,0.019252770868107262,4,task04_state27_prefix03
0.1672481781002586,semantic_all_donor_minus_gaussian,forward,409,27,0.016357029237978993,3,0.363616943359375,0.19646635691137415,4,task04_state27_prefix03
0.09394401738475489,semantic_all_donor_minus_natural_control,forward,409,27,-0.004607643541972739,3,0.35329182942708326,0.18303173160260644,4,task04_state27_prefix03
0.2778539128976856,semantic_all_donor_minus_shuffled,forward,409,27,-0.1387485326499141,3,-0.05735270182291685,0.06909559246714703,4,task04_state27_prefix03
0.17842606950064688,semantic_all_donor_minus_recipient,forward,419,27,0.0016475538703114023,3,0.35538736979166674,0.17959884831004647,4,task04_state27_prefix03
0.07665957919442512,semantic_wrist_donor_minus_recipient,forward,419,27,0.10884040998686251,3,0.07405598958333326,0.08980414004124704,4,task04_state27_prefix03
0.06766210711423758,semantic_primary_donor_minus_recipient,forward,419,27,0.03778752223753894,3,0.14638264973958326,0.040176794952076114,4,task04_state27_prefix03
-0.00855596806626389,semantic_proprio_donor_minus_recipient,forward,419,27,0.001407285448861522,3,-0.069427490234375,0.0036849026871755945,4,task04_state27_prefix03
0.13120139989774515,semantic_all_donor_minus_gaussian,forward,419,27,-0.059475032716062304,3,0.23890177408854174,0.1403137944029209,4,task04_state27_prefix03
0.013940421814071291,semantic_all_donor_minus_natural_control,forward,419,27,0.05683093430716035,3,0.19160970052083348,0.09700340690651643,4,task04_state27_prefix03
0.4036187926818714,semantic_all_donor_minus_shuffled,forward,419,27,-0.1534434445244613,3,0.08522542317708337,0.20727012326540795,4,task04_state27_prefix03
0.11042104984013115,semantic_all_donor_minus_recipient,reverse,401,27,-0.13530015129977624,3,0.35540771484375,0.11404989201922316,4,task04_state27_prefix03
0.08152847340716068,semantic_wrist_donor_minus_recipient,reverse,401,27,0.19352425212686075,3,0.24552408854166663,0.10503954000688082,4,task04_state27_prefix03
0.12627996446448425,semantic_primary_donor_minus_recipient,reverse,401,27,-0.36163153829124445,3,-0.08001708984375,0.11548174074185119,4,task04_state27_prefix03
-0.014236557139666666,semantic_proprio_donor_minus_recipient,reverse,401,27,-0.04406517210651636,3,-0.007263183593750222,-0.04739204656170452,4,task04_state27_prefix03
0.07234564683112987,semantic_all_donor_minus_gaussian,reverse,401,27,-0.15753970132095274,3,0.2366638183593749,0.07751205776185627,4,task04_state27_prefix03
-0.02856192747557662,semantic_all_donor_minus_natural_control,reverse,401,27,-0.04822149512743856,3,-0.04783121744791663,-0.06662893493354094,4,task04_state27_prefix03
-0.10092331383977748,semantic_all_donor_minus_shuffled,reverse,401,27,0.16141777971170956,3,0.45862833658854163,0.12718084825942816,4,task04_state27_prefix03
0.1751777959822763,semantic_all_donor_minus_recipient,reverse,409,27,0.08449200499114706,3,0.3999226888020835,0.19851598467013837,4,task04_state27_prefix03
0.10997117472617812,semantic_wrist_donor_minus_recipient,reverse,409,27,0.0028047953063461972,3,0.1589965820312499,0.15387810350846326,4,task04_state27_prefix03
0.06491806195055985,semantic_primary_donor_minus_recipient,reverse,409,27,0.5843347865221574,3,0.4441426595052085,0.10079311418036159,4,task04_state27_prefix03
0.010332781050769072,semantic_proprio_donor_minus_recipient,reverse,409,27,0.008623181984269734,3,-0.08594767252604152,0.0024865467145491465,4,task04_state27_prefix03
0.18508674510804274,semantic_all_donor_minus_gaussian,reverse,409,27,0.10720259020954814,3,0.4587910970052085,0.22548090602475337,4,task04_state27_prefix03
0.04059338624151865,semantic_all_donor_minus_natural_control,reverse,409,27,-0.00331997942763651,3,0.11948649088541674,0.0210114585616058,4,task04_state27_prefix03
-0.09399482798039116,semantic_all_donor_minus_shuffled,reverse,409,27,0.16419846873302146,3,0.5720723470052084,0.1449663281868948,4,task04_state27_prefix03
0.1588830095136516,semantic_all_donor_minus_recipient,reverse,419,27,0.03775550187221899,3,0.283477783203125,0.1411837556390425,4,task04_state27_prefix03
0.013139214041861816,semantic_wrist_donor_minus_recipient,reverse,419,27,0.039143832627498376,3,0.008677164713541852,0.06110806632801766,4,task04_state27_prefix03
0.09843964878120275,semantic_primary_donor_minus_recipient,reverse,419,27,0.5934511640818275,3,0.6008707682291665,0.1070752503291098,4,task04_state27_prefix03
-0.011124573064846259,semantic_proprio_donor_minus_recipient,reverse,419,27,0.015658462956642392,3,-0.07522583007812522,-0.0035707803512864886,4,task04_state27_prefix03
0.1567370785753355,semantic_all_donor_minus_gaussian,reverse,419,27,-0.06952136549301946,3,0.22563680013020848,0.13777735427963556,4,task04_state27_prefix03
0.016038523557410783,semantic_all_donor_minus_natural_control,reverse,419,27,-0.13089618312154416,3,0.01874796549479174,-0.02444690183405046,4,task04_state27_prefix03
-0.18186441228608835,semantic_all_donor_minus_shuffled,reverse,419,27,0.041825667135286904,3,0.26133219401041685,-0.012276914074210443,4,task04_state27_prefix03
0.043405599556104825,semantic_all_donor_minus_recipient,forward,401,43,0.019692234894718857,6,-0.005635579427083315,0.017514922363525642,4,task04_state43_prefix06
-0.05383753236409372,semantic_wrist_donor_minus_recipient,forward,401,43,-0.0023750905601767573,6,0.0009358723958333426,-0.007977734902704058,4,task04_state43_prefix06
-0.004975535940308678,semantic_primary_donor_minus_recipient,forward,401,43,0.04966915430396704,6,-0.01197306315104174,0.045050394105883046,4,task04_state43_prefix06
-0.00873796704099927,semantic_proprio_donor_minus_recipient,forward,401,43,-0.060790987330412605,6,-0.036732991536458315,-0.05291255047429633,4,task04_state43_prefix06
0.01917628041434993,semantic_all_donor_minus_gaussian,forward,401,43,-0.023136440902537858,6,0.009195963541666685,-0.021176431033452653,4,task04_state43_prefix06
0.04324561151261993,semantic_all_donor_minus_natural_control,forward,401,43,0.058209871585664985,6,-0.005767822265625,0.056114646591263445,4,task04_state43_prefix06
-0.1270376907462118,semantic_all_donor_minus_shuffled,forward,401,43,-0.5435798360378973,6,-0.04312133789062503,-0.561084209958942,4,task04_state43_prefix06
0.017716848621753552,semantic_all_donor_minus_recipient,forward,409,43,0.02859339808618963,6,-0.028127034505208315,0.025436766636421526,4,task04_state43_prefix06
-0.0060714802718456265,semantic_wrist_donor_minus_recipient,forward,409,43,0.019276632817938483,6,-0.02469889322916663,0.01857910870479454,4,task04_state43_prefix06
-0.01114119093784336,semantic_primary_donor_minus_recipient,forward,409,43,0.045582951668846614,6,-0.011067708333333315,0.058375864085015744,4,task04_state43_prefix06
-0.033486337841462196,semantic_proprio_donor_minus_recipient,forward,409,43,-0.04860450301654068,6,-0.018310546875,-0.04911119865829322,4,task04_state43_prefix06
0.018359603445477386,semantic_all_donor_minus_gaussian,forward,409,43,-0.0385401469400391,6,-0.014943440755208315,-0.046197450004692164,4,task04_state43_prefix06
-0.006908811612727564,semantic_all_donor_minus_natural_control,forward,409,43,-0.052870134398958726,6,-0.018819173177083315,-0.045958163214845166,4,task04_state43_prefix06
-0.11455643681277564,semantic_all_donor_minus_shuffled,forward,409,43,-0.6018086656642598,6,-0.05519612630208329,-0.6279350764367972,4,task04_state43_prefix06
0.021416650600566113,semantic_all_donor_minus_recipient,forward,419,43,0.02013495857904074,6,-0.002003987630208315,0.02589712422252688,4,task04_state43_prefix06
-0.01738745304630248,semantic_wrist_donor_minus_recipient,forward,419,43,-0.020722918645504088,6,-0.002675374348958315,-0.012912445636327888,4,task04_state43_prefix06
-0.019375728531741014,semantic_primary_donor_minus_recipient,forward,419,43,-0.11422109348160776,6,0.013773600260416713,-0.12760520923655413,4,task04_state43_prefix06
-0.009917378923391859,semantic_proprio_donor_minus_recipient,forward,419,43,0.04958268256934649,6,-0.09015909830729169,0.05289672163208514,4,task04_state43_prefix06
0.0036730146997172447,semantic_all_donor_minus_gaussian,forward,419,43,-0.011854897879340381,6,0.01560465494791663,-0.0091368742024239,4,task04_state43_prefix06
0.007766482913473635,semantic_all_donor_minus_natural_control,forward,419,43,0.006596236185435228,6,0.014180501302083315,0.00364091015579851,4,task04_state43_prefix06
-0.124327392331309,semantic_all_donor_minus_shuffled,forward,419,43,-0.6803828342515463,6,0.013865152994791657,-0.7208927004508774,4,task04_state43_prefix06
-0.02138793416844194,semantic_all_donor_minus_recipient,reverse,401,43,-0.025079645963076796,6,0.037556966145833315,-0.0361626730083853,4,task04_state43_prefix06
0.04923713152303318,semantic_wrist_donor_minus_recipient,reverse,401,43,-0.07637181004988355,6,-0.022216796875,-0.09604361221331942,4,task04_state43_prefix06
0.004480322388128708,semantic_primary_donor_minus_recipient,reverse,401,43,-0.074489433974061,6,-0.011962890624999986,-0.08931380776401832,4,task04_state43_prefix06
-0.005702474962225514,semantic_proprio_donor_minus_recipient,reverse,401,43,0.008971202816985206,6,-0.03238932291666666,0.014993189340357642,4,task04_state43_prefix06
-0.04785000853724676,semantic_all_donor_minus_gaussian,reverse,401,43,0.057260893231784765,6,-0.022786458333333343,0.0508395983108737,4,task04_state43_prefix06
-0.05188466536495845,semantic_all_donor_minus_natural_control,reverse,401,43,-0.10832201943365061,6,0.010223388671875,-0.12174549062596218,4,task04_state43_prefix06
0.15896293833407885,semantic_all_donor_minus_shuffled,reverse,401,43,0.6883814083240117,6,-0.1749064127604167,0.7172521367166758,4,task04_state43_prefix06
-0.010281090595394442,semantic_all_donor_minus_recipient,reverse,409,43,0.004368630589005412,6,0.029978434244791657,8.217650328870563e-05,4,task04_state43_prefix06
-0.024554029886774062,semantic_wrist_donor_minus_recipient,reverse,409,43,-0.13818925414246713,6,0.011281331380208315,-0.14601957587515713,4,task04_state43_prefix06
0.03077283082912937,semantic_primary_donor_minus_recipient,reverse,409,43,0.08944788921958838,6,0.024078369140625,0.09706755860249583,4,task04_state43_prefix06
0.00849013146679635,semantic_proprio_donor_minus_recipient,reverse,409,43,0.01346629589987168,6,0.022654215494791657,0.013729558131414507,4,task04_state43_prefix06
0.015115245501926094,semantic_all_donor_minus_gaussian,reverse,409,43,0.04490072144085554,6,0.09709676106770831,0.04640046836674509,4,task04_state43_prefix06
0.002960932882125039,semantic_all_donor_minus_natural_control,reverse,409,43,-0.0021439670526880727,6,0.011342366536458315,-0.007377255155765594,4,task04_state43_prefix06
0.18639809685299027,semantic_all_donor_minus_shuffled,reverse,409,43,0.7354066528501528,6,-0.084747314453125,0.7570738316728429,4,task04_state43_prefix06
-0.04104622288505745,semantic_all_donor_minus_recipient,reverse,419,43,0.02203528318206699,6,0.010101318359374972,0.02464324325898637,4,task04_state43_prefix06
0.024301557587180195,semantic_wrist_donor_minus_recipient,reverse,419,43,0.04005239857098891,6,-0.013163248697916685,0.03816746737329979,4,task04_state43_prefix06
0.016747406693122767,semantic_primary_donor_minus_recipient,reverse,419,43,-0.021889926392679615,6,-0.025105794270833287,-0.02642058306924621,4,task04_state43_prefix06
0.022117321703150464,semantic_proprio_donor_minus_recipient,reverse,419,43,-0.060348886825515244,6,0.015085856119791602,-0.07672238791397447,4,task04_state43_prefix06
-0.02233147593435057,semantic_all_donor_minus_gaussian,reverse,419,43,0.010552111381521956,6,0.022338867187499944,0.009893130537919348,4,task04_state43_prefix06
-0.039375354968494716,semantic_all_donor_minus_natural_control,reverse,419,43,0.009338885780662554,6,-0.005584716796875,0.0035913682989296425,4,task04_state43_prefix06
0.11292651529416045,semantic_all_donor_minus_shuffled,reverse,419,43,0.704769700136914,6,-0.16234334309895837,0.7415795159543606,4,task04_state43_prefix06
0.31085965207741084,semantic_all_donor_minus_recipient,forward,401,10,0.4567013358122498,0,0.13612874348958331,0.45670133581225003,5,task05_state10_prefix00
0.28662888824056876,semantic_wrist_donor_minus_recipient,forward,401,10,0.4326491674672045,0,0.19809977213541674,0.4326491674672045,5,task05_state10_prefix00
0.0003851271778822253,semantic_primary_donor_minus_recipient,forward,401,10,0.024421040758814662,0,-0.006683349609375,0.024421040758814683,5,task05_state10_prefix00
-0.026662507794027204,semantic_proprio_donor_minus_recipient,forward,401,10,0.003832111713464463,0,-0.03204345703125,0.0038321117134644637,5,task05_state10_prefix00
0.33639295319801554,semantic_all_donor_minus_gaussian,forward,401,10,0.48605453998277937,0,0.13509114583333331,0.48605453998277937,5,task05_state10_prefix00
0.1384771921325348,semantic_all_donor_minus_natural_control,forward,401,10,0.20021250629897702,0,0.13050333658854157,0.20021250629897705,5,task05_state10_prefix00
-0.32421915923829137,semantic_all_donor_minus_shuffled,forward,401,10,-0.7299070127133332,0,-0.061991373697916685,-0.7299070127133334,5,task05_state10_prefix00
0.2786628856516909,semantic_all_donor_minus_recipient,forward,409,10,0.44085669079717044,0,0.07879638671874994,0.44085669079717066,5,task05_state10_prefix00
0.2617428077878588,semantic_wrist_donor_minus_recipient,forward,409,10,0.3924533863714457,0,0.12567138671875006,0.3924533863714458,5,task05_state10_prefix00
-0.04461547013466114,semantic_primary_donor_minus_recipient,forward,409,10,-0.015412193659346651,0,0.010142008463541685,-0.015412193659346665,5,task05_state10_prefix00
-0.0008855773158256983,semantic_proprio_donor_minus_recipient,forward,409,10,-0.0109367382653112,0,0.0064697265625,-0.0109367382653112,5,task05_state10_prefix00
0.29299850979307823,semantic_all_donor_minus_gaussian,forward,409,10,0.4704892532136518,0,0.07851155598958331,0.47048925321365204,5,task05_state10_prefix00
0.09838412440458638,semantic_all_donor_minus_natural_control,forward,409,10,0.16229457287951293,0,0.08283487955729163,0.16229457287951304,5,task05_state10_prefix00
-0.05126005307191048,semantic_all_donor_minus_shuffled,forward,409,10,-0.2995989229289655,0,0.096160888671875,-0.2995989229289655,5,task05_state10_prefix00
0.2715539569469232,semantic_all_donor_minus_recipient,forward,419,10,0.4014839832043892,0,-0.007242838541666685,0.4014839832043892,5,task05_state10_prefix00
0.2838508903438635,semantic_wrist_donor_minus_recipient,forward,419,10,0.40824143097782367,0,-0.0014648437499999445,0.40824143097782384,5,task05_state10_prefix00
0.05994898684951011,semantic_primary_donor_minus_recipient,forward,419,10,0.031895221656321526,0,-0.0036112467447916297,0.03189522165632153,5,task05_state10_prefix00
-0.012800756319815913,semantic_proprio_donor_minus_recipient,forward,419,10,-0.021888676047435763,0,-0.024963378906249944,-0.021888676047435773,5,task05_state10_prefix00
0.2636245051939671,semantic_all_donor_minus_gaussian,forward,419,10,0.4025933383230786,0,-0.011210123697916574,0.4025933383230787,5,task05_state10_prefix00
0.08391028061811612,semantic_all_donor_minus_natural_control,forward,419,10,0.1069844714126405,0,-0.003753662109375,0.1069844714126405,5,task05_state10_prefix00
0.003121738575795674,semantic_all_donor_minus_shuffled,forward,419,10,-0.10465546395492081,0,-0.024993896484374944,-0.10465546395492092,5,task05_state10_prefix00
0.33090964499457043,semantic_all_donor_minus_recipient,reverse,401,10,0.491340735736164,0,0.20721435546874994,0.4913407357361643,5,task05_state10_prefix00
0.29880938187280426,semantic_wrist_donor_minus_recipient,reverse,401,10,0.47417830362334146,0,0.20790608723958331,0.4741783036233417,5,task05_state10_prefix00
0.033996126253346484,semantic_primary_donor_minus_recipient,reverse,401,10,0.014254773083994893,0,0.05104573567708334,0.014254773083994893,5,task05_state10_prefix00
0.03244966535027149,semantic_proprio_donor_minus_recipient,reverse,401,10,0.036405019125812677,0,0.07271321614583331,0.03640501912581268,5,task05_state10_prefix00
0.36877937182033915,semantic_all_donor_minus_gaussian,reverse,401,10,0.5265057959880508,0,0.23105875651041663,0.5265057959880509,5,task05_state10_prefix00
0.12366137767761576,semantic_all_donor_minus_natural_control,reverse,401,10,0.197051901499806,0,0.07659912109375,0.19705190149980623,5,task05_state10_prefix00
0.8838104737572372,semantic_all_donor_minus_shuffled,reverse,401,10,1.4608491511937864,0,0.5846455891927083,1.4608491511937869,5,task05_state10_prefix00
0.2768008777536498,semantic_all_donor_minus_recipient,reverse,409,10,0.4308706032209464,0,0.1859130859374999,0.4308706032209464,5,task05_state10_prefix00
0.28537907127325934,semantic_wrist_donor_minus_recipient,reverse,409,10,0.3822281471719914,0,0.17901611328125,0.3822281471719914,5,task05_state10_prefix00
0.03322274383159585,semantic_primary_donor_minus_recipient,reverse,409,10,0.03390583034833944,0,0.042948404947916685,0.033905830348339466,5,task05_state10_prefix00
-0.018142959817687078,semantic_proprio_donor_minus_recipient,reverse,409,10,-0.010287635339552029,0,-0.045277913411458315,-0.010287635339552029,5,task05_state10_prefix00
0.28544071032334095,semantic_all_donor_minus_gaussian,reverse,409,10,0.4157454519787368,0,0.16334025065104157,0.415745451978737,5,task05_state10_prefix00
0.11875614626115516,semantic_all_donor_minus_natural_control,reverse,409,10,0.19361213628927798,0,0.07110595703125,0.19361213628927798,5,task05_state10_prefix00
0.45708369843415764,semantic_all_donor_minus_shuffled,reverse,409,10,0.8330249066588339,0,-0.07513427734375006,0.8330249066588343,5,task05_state10_prefix00
0.2708089244227474,semantic_all_donor_minus_recipient,reverse,419,10,0.39976943940273424,0,-0.0025838216145833703,0.39976943940273424,5,task05_state10_prefix00
0.26607598253543063,semantic_wrist_donor_minus_recipient,reverse,419,10,0.3517188740195567,0,0.005137125651041685,0.3517188740195569,5,task05_state10_prefix00
0.0157798878330222,semantic_primary_donor_minus_recipient,reverse,419,10,0.03174567789748784,0,0.07257080078125006,0.03174567789748787,5,task05_state10_prefix00
-0.0018783563816575227,semantic_proprio_donor_minus_recipient,reverse,419,10,-0.008222159061654286,0,0.02225748697916663,-0.008222159061654286,5,task05_state10_prefix00
0.271905560495201,semantic_all_donor_minus_gaussian,reverse,419,10,0.39611890872385414,0,-0.005289713541666685,0.39611890872385414,5,task05_state10_prefix00
0.11269223529496086,semantic_all_donor_minus_natural_control,reverse,419,10,0.15851234818028104,0,-0.003122965494791685,0.1585123481802806,5,task05_state10_prefix00
0.4335067303138156,semantic_all_donor_minus_shuffled,reverse,419,10,0.6342686834908259,0,0.06928507486979163,0.6342686834908259,5,task05_state10_prefix00
-0.03195568166808681,semantic_all_donor_minus_recipient,forward,401,27,-0.05799938979026366,3,-0.10253906250000001,-0.060737876442566244,5,task05_state27_prefix03
0.043521466749107354,semantic_wrist_donor_minus_recipient,forward,401,27,0.009264658237855133,3,0.023691813151041685,0.0049063435059064076,5,task05_state27_prefix03
0.007881477322109642,semantic_primary_donor_minus_recipient,forward,401,27,0.003625217473515227,3,0.025838216145833343,0.005285714017245327,5,task05_state27_prefix03
-0.015232655018622535,semantic_proprio_donor_minus_recipient,forward,401,27,0.03141030301747772,3,0.100799560546875,0.030576698798097324,5,task05_state27_prefix03
-0.016610262540301027,semantic_all_donor_minus_gaussian,forward,401,27,-0.036247166059491326,3,0.0098876953125,-0.03346615372418624,5,task05_state27_prefix03
-0.007024855068473224,semantic_all_donor_minus_natural_control,forward,401,27,-0.006988942814588776,3,0.008707682291666657,-0.01232293920820942,5,task05_state27_prefix03
-0.023514871708215118,semantic_all_donor_minus_shuffled,forward,401,27,-0.01808562086888576,3,-0.04430135091145834,-0.0070813887184692295,5,task05_state27_prefix03
0.0018369045691249558,semantic_all_donor_minus_recipient,forward,409,27,0.09048857460579024,3,0.025166829427083315,0.08895922785248433,5,task05_state27_prefix03
-0.01579146005776913,semantic_wrist_donor_minus_recipient,forward,409,27,0.07764884965037347,3,0.054606119791666685,0.08597381114817147,5,task05_state27_prefix03
0.02067926754598811,semantic_primary_donor_minus_recipient,forward,409,27,-0.039452635040452634,3,0.018524169921875,-0.04241041809651034,5,task05_state27_prefix03
-0.03676152200073764,semantic_proprio_donor_minus_recipient,forward,409,27,-0.01713219673283653,3,-0.038625081380208356,-0.01757848088588822,5,task05_state27_prefix03
0.00015981799410942632,semantic_all_donor_minus_gaussian,forward,409,27,-0.048797468970402894,3,0.005757649739583315,-0.045471209799079315,5,task05_state27_prefix03
0.03945874620150275,semantic_all_donor_minus_natural_control,forward,409,27,0.09475457050589328,3,0.021057128906249972,0.09576396908028667,5,task05_state27_prefix03
0.011671888610082434,semantic_all_donor_minus_shuffled,forward,409,27,-0.057765221269971315,3,-0.08027140299479169,-0.04931131155285358,5,task05_state27_prefix03
0.033337146143752924,semantic_all_donor_minus_recipient,forward,419,27,0.16532063507195932,3,-0.0007832845052083148,0.166715217222265,5,task05_state27_prefix03
0.003735182309863,semantic_wrist_donor_minus_recipient,forward,419,27,0.06618431971066123,3,0.11604817708333336,0.06414548321150264,5,task05_state27_prefix03
-0.026568644475484425,semantic_primary_donor_minus_recipient,forward,419,27,-0.018411492478468378,3,0.008982340494791657,-0.020323587071273685,5,task05_state27_prefix03
0.0012393563526583683,semantic_proprio_donor_minus_recipient,forward,419,27,-0.02814559381852065,3,-0.146026611328125,-0.02364276116095613,5,task05_state27_prefix03
0.009501150851368767,semantic_all_donor_minus_gaussian,forward,419,27,0.00769100941232469,3,-0.06299845377604166,0.014139597018163624,5,task05_state27_prefix03
0.017872163971648036,semantic_all_donor_minus_natural_control,forward,419,27,0.03696112878379308,3,-0.19131469726562497,0.04740700276182944,5,task05_state27_prefix03
-0.04397565072169261,semantic_all_donor_minus_shuffled,forward,419,27,-0.06792740390801895,3,-0.15599568684895831,-0.05407019599960795,5,task05_state27_prefix03
0.021357281452199145,semantic_all_donor_minus_recipient,reverse,401,27,-0.06941128839056701,3,0.04113769531250003,-0.07525888595090746,5,task05_state27_prefix03
0.013323687133279184,semantic_wrist_donor_minus_recipient,reverse,401,27,0.03150923329208101,3,0.075653076171875,0.031731261529117566,5,task05_state27_prefix03
-0.001785320669302086,semantic_primary_donor_minus_recipient,reverse,401,27,-0.01960073326426877,3,-0.053975423177083315,-0.018695458188141473,5,task05_state27_prefix03
-0.04240371242644666,semantic_proprio_donor_minus_recipient,reverse,401,27,-0.010672297785609878,3,-0.017262776692708343,0.0012980557672736823,5,task05_state27_prefix03
0.01787054530166238,semantic_all_donor_minus_gaussian,reverse,401,27,0.04936014949022923,3,0.04806518554687503,0.04758308803173253,5,task05_state27_prefix03
0.005343850816227087,semantic_all_donor_minus_natural_control,reverse,401,27,-0.024891173666503452,3,0.026092529296875028,-0.029731046974272826,5,task05_state27_prefix03
-0.0310114234673841,semantic_all_donor_minus_shuffled,reverse,401,27,0.02512707634752697,3,0.12939453125000006,0.01154378508825371,5,task05_state27_prefix03
-0.02024089727079053,semantic_all_donor_minus_recipient,reverse,409,27,-0.0622937165818819,3,0.07887776692708333,-0.06384474639974097,5,task05_state27_prefix03
-0.03299952318039219,semantic_wrist_donor_minus_recipient,reverse,409,27,-0.060190554754952025,3,0.007741292317708343,-0.06091939745816777,5,task05_state27_prefix03
0.031858353782072524,semantic_primary_donor_minus_recipient,reverse,409,27,0.09188919480285068,3,0.23545328776041666,0.08789592894901567,5,task05_state27_prefix03
0.009292970676891475,semantic_proprio_donor_minus_recipient,reverse,409,27,0.11385274955451223,3,0.13338216145833334,0.10964724132946921,5,task05_state27_prefix03
-0.011483123562770897,semantic_all_donor_minus_gaussian,reverse,409,27,-0.028000970855423746,3,0.03258260091145833,-0.02703427856714241,5,task05_state27_prefix03
-0.003324240801049101,semantic_all_donor_minus_natural_control,reverse,409,27,-0.007806153378182218,3,0.05779012044270833,-0.00842368408383673,5,task05_state27_prefix03
-0.035572726969612264,semantic_all_donor_minus_shuffled,reverse,409,27,-0.005913178914123601,3,0.11318969726562499,-0.021279918742301812,5,task05_state27_prefix03
0.027978365430312287,semantic_all_donor_minus_recipient,reverse,419,27,0.05244365756876404,3,-0.049845377604166685,0.04922825862990747,5,task05_state27_prefix03
0.009390539756837731,semantic_wrist_donor_minus_recipient,reverse,419,27,-0.004480385609516094,3,-0.11421712239583333,0.0015620126550379837,5,task05_state27_prefix03
-0.00747382734052455,semantic_primary_donor_minus_recipient,reverse,419,27,0.026764823218253166,3,0.13120524088541666,0.0183993098267754,5,task05_state27_prefix03
0.005830645056025076,semantic_proprio_donor_minus_recipient,reverse,419,27,0.0694895039786815,3,0.03481038411458334,0.07056168487528336,5,task05_state27_prefix03
-0.026904763129399413,semantic_all_donor_minus_gaussian,reverse,419,27,0.013583636276176841,3,-0.01153564453125,0.011947579608383455,5,task05_state27_prefix03
0.022483803746363207,semantic_all_donor_minus_natural_control,reverse,419,27,0.05330156457801663,3,0.016866048177083315,0.052832553898017984,5,task05_state27_prefix03
0.06059352062870063,semantic_all_donor_minus_shuffled,reverse,419,27,0.23388055401612898,3,0.004313151041666657,0.22193826306113873,5,task05_state27_prefix03
-0.046069025627571196,semantic_all_donor_minus_recipient,forward,401,43,-0.08493280448397666,6,-0.026153564453124986,-0.08973937363358447,5,task05_state43_prefix06
-0.008445437015997176,semantic_wrist_donor_minus_recipient,forward,401,43,0.0422574924800212,6,-4.069010416668517e-05,0.05604177156746265,5,task05_state43_prefix06
-0.009010925187397129,semantic_primary_donor_minus_recipient,forward,401,43,-0.005505077477094555,6,-0.0238037109375,0.011870338748762838,5,task05_state43_prefix06
0.034681650910022475,semantic_proprio_donor_minus_recipient,forward,401,43,-0.03622827671869241,6,-0.022125244140625,-0.03358027208846602,5,task05_state43_prefix06
-0.034909001204515795,semantic_all_donor_minus_gaussian,forward,401,43,-0.04046943522708224,6,-0.009836832682291657,-0.030300507010642352,5,task05_state43_prefix06
-0.04230866609239784,semantic_all_donor_minus_natural_control,forward,401,43,-0.012866423771319135,6,-0.009002685546875,-0.0112670849660097,5,task05_state43_prefix06
0.0006836587759930096,semantic_all_donor_minus_shuffled,forward,401,43,0.10544337420891498,6,-0.079345703125,0.18950858222290082,5,task05_state43_prefix06
0.0015473205925369687,semantic_all_donor_minus_recipient,forward,409,43,-0.006867225250403175,6,0.005696614583333315,-0.01709081318937461,5,task05_state43_prefix06
0.03298990177250429,semantic_wrist_donor_minus_recipient,forward,409,43,-0.017714749936212366,6,-0.007334391276041657,-0.034187807266403414,5,task05_state43_prefix06
0.03705433587829151,semantic_primary_donor_minus_recipient,forward,409,43,-0.1181704050389149,6,-0.024932861328125,-0.12557706076408806,5,task05_state43_prefix06
-0.03802819479843811,semantic_proprio_donor_minus_recipient,forward,409,43,-0.02623617756544458,6,0.03932698567708334,-0.0635442623962798,5,task05_state43_prefix06
0.029107678459570428,semantic_all_donor_minus_gaussian,forward,409,43,-0.052453301161137444,6,-0.010742187499999944,-0.09725589479060495,5,task05_state43_prefix06
0.0278049402666719,semantic_all_donor_minus_natural_control,forward,409,43,-0.0615499773697242,6,-0.002237955729166685,-0.0704005401561674,5,task05_state43_prefix06
0.006508023100520226,semantic_all_donor_minus_shuffled,forward,409,43,0.010592927849687864,6,-0.014699300130208315,0.040179709302463645,5,task05_state43_prefix06
-0.03299248143292165,semantic_all_donor_minus_recipient,forward,419,43,0.037715921916466534,6,-0.007792154947916685,0.04315914775076021,5,task05_state43_prefix06
-0.0323302526781157,semantic_wrist_donor_minus_recipient,forward,419,43,-0.08508543042785253,6,0.012929280598958315,-0.10048287314600343,5,task05_state43_prefix06
-0.036564056732437386,semantic_primary_donor_minus_recipient,forward,419,43,-0.007160779261723191,6,0.0012919108072916297,-0.012074867030078172,5,task05_state43_prefix06
-0.005057637882654148,semantic_proprio_donor_minus_recipient,forward,419,43,-0.011640420474798699,6,-0.024627685546874986,0.0040162634335607385,5,task05_state43_prefix06
0.047846825463207794,semantic_all_donor_minus_gaussian,forward,419,43,0.12233133849829948,6,0.002461751302083315,0.1412690533240603,5,task05_state43_prefix06
0.04157502104907788,semantic_all_donor_minus_natural_control,forward,419,43,-0.03592050723326071,6,-0.004720052083333315,-0.020407055055607574,5,task05_state43_prefix06
0.03656162896843804,semantic_all_donor_minus_shuffled,forward,419,43,0.13224272959134406,6,-0.009328206380208315,0.23092495336613633,5,task05_state43_prefix06
0.00947515981320158,semantic_all_donor_minus_recipient,reverse,401,43,-0.015341621439803638,6,0.03278605143229166,-0.01435465011194259,5,task05_state43_prefix06
-0.017261823429165407,semantic_wrist_donor_minus_recipient,reverse,401,43,0.002759215373297985,6,0.04813639322916667,-0.012664233402123026,5,task05_state43_prefix06
0.08088718297551445,semantic_primary_donor_minus_recipient,reverse,401,43,0.13421515251867044,6,0.034993489583333315,0.13440689520486335,5,task05_state43_prefix06
0.02316516866672597,semantic_proprio_donor_minus_recipient,reverse,401,43,-0.09336553359779318,6,0.059173583984374986,-0.1341461343714569,5,task05_state43_prefix06
0.03544508286678371,semantic_all_donor_minus_gaussian,reverse,401,43,0.11164415972943398,6,0.06683349609375,0.1100657876435231,5,task05_state43_prefix06
-0.004966311083531516,semantic_all_donor_minus_natural_control,reverse,401,43,0.05220171231296708,6,0.028472900390625,0.05247300076549544,5,task05_state43_prefix06
-0.01754681651762191,semantic_all_donor_minus_shuffled,reverse,401,43,0.015492174207233922,6,0.03995768229166666,-0.06370795866653103,5,task05_state43_prefix06
0.055851308848111944,semantic_all_donor_minus_recipient,reverse,409,43,0.02506579450853416,6,0.06150309244791666,-0.0010020214275676224,5,task05_state43_prefix06
0.06357295897040999,semantic_wrist_donor_minus_recipient,reverse,409,43,0.09923702782227353,6,0.023529052734375,0.11576282130663529,5,task05_state43_prefix06
0.024167187783651345,semantic_primary_donor_minus_recipient,reverse,409,43,-0.007426196044103273,6,0.02916463216145833,-0.030639624896879436,5,task05_state43_prefix06
0.031209120256866528,semantic_proprio_donor_minus_recipient,reverse,409,43,-0.08951790087815514,6,-0.020233154296875,-0.07216046341016934,5,task05_state43_prefix06
-0.0003651307991614505,semantic_all_donor_minus_gaussian,reverse,409,43,-0.055898351083304,6,-0.006785074869791671,-0.06614170198741992,5,task05_state43_prefix06
-0.0036256515964952774,semantic_all_donor_minus_natural_control,reverse,409,43,-0.039507690123399455,6,-0.06562296549479166,-0.016557812384466197,5,task05_state43_prefix06
0.021288153957456396,semantic_all_donor_minus_shuffled,reverse,409,43,-0.17970783157929604,6,0.06770833333333331,-0.2670738533617635,5,task05_state43_prefix06
-0.00934265371978324,semantic_all_donor_minus_recipient,reverse,419,43,-0.15886235790189668,6,-0.023539225260416685,-0.17661171974263423,5,task05_state43_prefix06
0.08009857803823056,semantic_wrist_donor_minus_recipient,reverse,419,43,0.026641346572055302,6,0.025126139322916657,0.0072702890413230414,5,task05_state43_prefix06
-0.03895525994921411,semantic_primary_donor_minus_recipient,reverse,419,43,0.12526840613112425,6,0.044494628906250014,0.1321133257284813,5,task05_state43_prefix06
-0.09796430799600234,semantic_proprio_donor_minus_recipient,reverse,419,43,-0.13502312137986316,6,-0.04403686523437503,-0.14112305555416446,5,task05_state43_prefix06
-0.03264175580393611,semantic_all_donor_minus_gaussian,reverse,419,43,-0.035069093350994285,6,0.043538411458333315,-0.061756418475432034,5,task05_state43_prefix06
-0.0008966080933387188,semantic_all_donor_minus_natural_control,reverse,419,43,-0.2074681223516806,6,-0.07435099283854167,-0.21709952667774352,5,task05_state43_prefix06
-0.033520358581343945,semantic_all_donor_minus_shuffled,reverse,419,43,-0.2798604576759616,6,0.014821370442708315,-0.35361226108820015,5,task05_state43_prefix06
1.1804488099147663,semantic_all_donor_minus_recipient,forward,401,10,1.2157466605746483,0,1.0000101725260415,1.2157466605746483,6,task06_state10_prefix00
0.8758849720888616,semantic_wrist_donor_minus_recipient,forward,401,10,0.8877564804708898,0,1.5615336100260415,0.8877564804708898,6,task06_state10_prefix00
0.1565958131902791,semantic_primary_donor_minus_recipient,forward,401,10,0.1640866183522494,0,0.5180562337239584,0.1640866183522494,6,task06_state10_prefix00
-0.0010848600099954177,semantic_proprio_donor_minus_recipient,forward,401,10,-0.0013930681865816363,0,-0.003916422526041519,-0.0013930681865816363,6,task06_state10_prefix00
1.1785421931417999,semantic_all_donor_minus_gaussian,forward,401,10,1.2251970307335087,0,1.0260416666666665,1.2251970307335087,6,task06_state10_prefix00
0.06369250071938515,semantic_all_donor_minus_natural_control,forward,401,10,0.06032912453907868,0,-0.02617390950520826,0.06032912453907868,6,task06_state10_prefix00
0.28548847173722636,semantic_all_donor_minus_shuffled,forward,401,10,0.23259895083158488,0,-0.09313964843750022,0.23259895083158488,6,task06_state10_prefix00
0.8405381381617469,semantic_all_donor_minus_recipient,forward,409,10,0.8569227284618146,0,0.9197591145833331,0.8569227284618146,6,task06_state10_prefix00
0.7461305464104361,semantic_wrist_donor_minus_recipient,forward,409,10,0.7554400557608291,0,0.8950093587239583,0.7554400557608291,6,task06_state10_prefix00
0.12583978668211943,semantic_primary_donor_minus_recipient,forward,409,10,0.12624957007822557,0,0.3252766927083335,0.12624957007822557,6,task06_state10_prefix00
-0.006617761393844172,semantic_proprio_donor_minus_recipient,forward,409,10,-0.003949179057859038,0,-0.006917317708333481,-0.003949179057859038,6,task06_state10_prefix00
0.8459686378498058,semantic_all_donor_minus_gaussian,forward,409,10,0.8594318883755407,0,0.9277648925781249,0.8594318883755407,6,task06_state10_prefix00
0.02800036705558595,semantic_all_donor_minus_natural_control,forward,409,10,0.030351055634083135,0,-0.013580322265625,0.030351055634083135,6,task06_state10_prefix00
0.40753567015170544,semantic_all_donor_minus_shuffled,forward,409,10,0.3773545605623061,0,-0.13341267903645848,0.3773545605623061,6,task06_state10_prefix00
1.188316383783023,semantic_all_donor_minus_recipient,forward,419,10,1.2323784580120432,0,-0.31976318359375,1.2323784580120432,6,task06_state10_prefix00
1.046122069396795,semantic_wrist_donor_minus_recipient,forward,419,10,1.0631374714099622,0,-0.23616536458333326,1.0631374714099622,6,task06_state10_prefix00
0.14540480132494155,semantic_primary_donor_minus_recipient,forward,419,10,0.15305461583706936,0,0.47394816080729185,0.15305461583706936,6,task06_state10_prefix00
-0.007498243761417656,semantic_proprio_donor_minus_recipient,forward,419,10,-0.003220499119365454,0,-0.001678466796874778,-0.003220499119365454,6,task06_state10_prefix00
1.1816316532845759,semantic_all_donor_minus_gaussian,forward,419,10,1.227402847612792,0,-0.3582458496093748,1.227402847612792,6,task06_state10_prefix00
0.04771688733447599,semantic_all_donor_minus_natural_control,forward,419,10,0.045293968614088964,0,-0.01240030924479174,0.045293968614088964,6,task06_state10_prefix00
-0.7064536697068577,semantic_all_donor_minus_shuffled,forward,419,10,-0.8772759878877121,0,0.2327779134114587,-0.8772759878877121,6,task06_state10_prefix00
1.1623395982813043,semantic_all_donor_minus_recipient,reverse,401,10,1.213825125235624,0,0.8602091471354169,1.213825125235624,6,task06_state10_prefix00
1.0954154677403989,semantic_wrist_donor_minus_recipient,reverse,401,10,1.1246416963898993,0,0.9343668619791666,1.1246416963898993,6,task06_state10_prefix00
0.26080261272468463,semantic_primary_donor_minus_recipient,reverse,401,10,0.2690756930561501,0,0.3145548502604165,0.2690756930561501,6,task06_state10_prefix00
0.0021620772843703798,semantic_proprio_donor_minus_recipient,reverse,401,10,-0.0013970896799130519,0,0.03684488932291674,-0.0013970896799130519,6,task06_state10_prefix00
1.1595201254086158,semantic_all_donor_minus_gaussian,reverse,401,10,1.2060136158596522,0,0.8599141438802084,1.2060136158596522,6,task06_state10_prefix00
0.13094947883368308,semantic_all_donor_minus_natural_control,reverse,401,10,0.14138622509745102,0,0.37957763671875,0.14138622509745102,6,task06_state10_prefix00
0.7987768316687576,semantic_all_donor_minus_shuffled,reverse,401,10,0.8544218971652229,0,1.0206400553385415,0.8544218971652229,6,task06_state10_prefix00
0.8298641668172055,semantic_all_donor_minus_recipient,reverse,409,10,0.8389611428561388,0,0.7789916992187499,0.8389611428561388,6,task06_state10_prefix00
0.968784863352632,semantic_wrist_donor_minus_recipient,reverse,409,10,0.988111245378767,0,0.3751220703124998,0.988111245378767,6,task06_state10_prefix00
0.15768765863862577,semantic_primary_donor_minus_recipient,reverse,409,10,0.16735064214900494,0,0.5105489095052084,0.16735064214900494,6,task06_state10_prefix00
0.018531644673207906,semantic_proprio_donor_minus_recipient,reverse,409,10,0.004928449380108325,0,-0.010304768880208481,0.004928449380108325,6,task06_state10_prefix00
0.8164617107133464,semantic_all_donor_minus_gaussian,reverse,409,10,0.8356306424246366,0,0.7788899739583334,0.8356306424246366,6,task06_state10_prefix00
0.09863001129988191,semantic_all_donor_minus_natural_control,reverse,409,10,0.1060526396469596,0,0.31459554036458315,0.1060526396469596,6,task06_state10_prefix00
0.40883383456403555,semantic_all_donor_minus_shuffled,reverse,409,10,0.4261632601896842,0,0.9816284179687499,0.4261632601896842,6,task06_state10_prefix00
1.1553287226026678,semantic_all_donor_minus_recipient,reverse,419,10,1.2130598868059916,0,-0.5064290364583333,1.2130598868059916,6,task06_state10_prefix00
1.0284439189679948,semantic_wrist_donor_minus_recipient,reverse,419,10,1.086187279345052,0,-0.49007161458333304,1.086187279345052,6,task06_state10_prefix00
0.2833005790229972,semantic_primary_donor_minus_recipient,reverse,419,10,0.28676505286898574,0,0.19617716471354152,0.28676505286898574,6,task06_state10_prefix00
0.010238010131451428,semantic_proprio_donor_minus_recipient,reverse,419,10,0.005903718133863178,0,0.019561767578125,0.005903718133863178,6,task06_state10_prefix00
1.171961077438332,semantic_all_donor_minus_gaussian,reverse,419,10,1.2336931841376244,0,-0.5058492024739585,1.2336931841376244,6,task06_state10_prefix00
0.15076072496588672,semantic_all_donor_minus_natural_control,reverse,419,10,0.15483606605564004,0,0.04826863606770826,0.15483606605564004,6,task06_state10_prefix00
1.8379538900619872,semantic_all_donor_minus_shuffled,reverse,419,10,2.0483807239247724,0,-0.7059631347656252,2.0483807239247724,6,task06_state10_prefix00
0.050754437011865494,semantic_all_donor_minus_recipient,forward,401,27,0.03137017026755895,3,0.019744873046875,0.13852764290223718,6,task06_state27_prefix03
0.06937818040011329,semantic_wrist_donor_minus_recipient,forward,401,27,-0.2432829735565138,3,-0.10387166341145837,0.1177303486311414,6,task06_state27_prefix03
-0.019159205535400826,semantic_primary_donor_minus_recipient,forward,401,27,-0.08354497505130454,3,-0.03567504882812503,-0.023340166995380406,6,task06_state27_prefix03
-0.027500289908769737,semantic_proprio_donor_minus_recipient,forward,401,27,0.17084211084108197,3,0.046091715494791685,0.053529636573782055,6,task06_state27_prefix03
0.0778886847508598,semantic_all_donor_minus_gaussian,forward,401,27,0.00015104613101835085,3,-0.030914306640624972,0.20707579652642938,6,task06_state27_prefix03
0.023252441546365965,semantic_all_donor_minus_natural_control,forward,401,27,0.37469379179452184,3,0.023284912109375028,0.05384858803844239,6,task06_state27_prefix03
-0.2774301570513435,semantic_all_donor_minus_shuffled,forward,401,27,0.1734158028610625,3,-0.26680501302083326,-0.23627404150903164,6,task06_state27_prefix03
0.09457345325580249,semantic_all_donor_minus_recipient,forward,409,27,-0.1448831885155332,3,-0.02643839518229174,0.16615428886937864,6,task06_state27_prefix03
0.0205951655362051,semantic_wrist_donor_minus_recipient,forward,409,27,0.07185773827302494,3,0.0016581217447916852,0.02758189584353221,6,task06_state27_prefix03
0.08562581310081498,semantic_primary_donor_minus_recipient,forward,409,27,0.6491154952828893,3,0.058044433593750056,0.004800256104477374,6,task06_state27_prefix03
-0.008621210863399523,semantic_proprio_donor_minus_recipient,forward,409,27,-0.9375587136394007,3,-0.14232381184895837,0.1411795547772326,6,task06_state27_prefix03
0.08803280706047839,semantic_all_donor_minus_gaussian,forward,409,27,-0.1146199908679323,3,-0.02730305989583337,0.18189593963742068,6,task06_state27_prefix03
-0.00242605841277288,semantic_all_donor_minus_natural_control,forward,409,27,-0.28424921488968347,3,-0.04421997070312511,0.034243719185361426,6,task06_state27_prefix03
-0.2726715327458846,semantic_all_donor_minus_shuffled,forward,409,27,-0.04055120055327108,3,0.007649739583333315,-0.28303378075853597,6,task06_state27_prefix03
0.04290141045244594,semantic_all_donor_minus_recipient,forward,419,27,0.11639516900064623,3,-0.01825968424479174,0.07437101452594919,6,task06_state27_prefix03
0.0056405301754359205,semantic_wrist_donor_minus_recipient,forward,419,27,-0.11352069603701691,3,-0.01372273763020837,-0.06771301879192448,6,task06_state27_prefix03
0.06585640509869325,semantic_primary_donor_minus_recipient,forward,419,27,-1.0178007554073227,3,-0.278411865234375,0.07275196491758104,6,task06_state27_prefix03
0.006319417996503068,semantic_proprio_donor_minus_recipient,forward,419,27,0.10124153725284743,3,-0.00011189778645834259,-0.05908613179196015,6,task06_state27_prefix03
0.0843045065833557,semantic_all_donor_minus_gaussian,forward,419,27,0.011258585070034993,3,-0.0027669270833333703,0.2701988613740105,6,task06_state27_prefix03
-0.03573365245013854,semantic_all_donor_minus_natural_control,forward,419,27,0.11460094345015018,3,0.01803588867187489,0.02704701825846978,6,task06_state27_prefix03
-0.25755619447699085,semantic_all_donor_minus_shuffled,forward,419,27,0.009102495864569238,3,-0.4050699869791667,-0.32387051734363714,6,task06_state27_prefix03
0.14147752612552206,semantic_all_donor_minus_recipient,reverse,401,27,0.2279322766965841,3,0.07274373372395834,0.08709639200189101,6,task06_state27_prefix03
-0.015327097949774174,semantic_wrist_donor_minus_recipient,reverse,401,27,-0.5522493258408292,3,-0.12203979492187494,-0.05585422162217084,6,task06_state27_prefix03
-0.0386197633447936,semantic_primary_donor_minus_recipient,reverse,401,27,0.19658865298862804,3,0.05714925130208337,0.02475839471324786,6,task06_state27_prefix03
0.054650757688218386,semantic_proprio_donor_minus_recipient,reverse,401,27,-0.15148115796618755,3,-0.06346638997395837,0.11626933845810965,6,task06_state27_prefix03
0.11277638206074451,semantic_all_donor_minus_gaussian,reverse,401,27,0.6283168612647991,3,0.200714111328125,0.069918316385606,6,task06_state27_prefix03
0.12340790406221516,semantic_all_donor_minus_natural_control,reverse,401,27,0.042417368522160936,3,0.05372111002604166,0.1648182988745979,6,task06_state27_prefix03
0.2594144319563939,semantic_all_donor_minus_shuffled,reverse,401,27,0.43956986217644156,3,0.36577351888020837,0.24038120527625986,6,task06_state27_prefix03
0.10992152611835293,semantic_all_donor_minus_recipient,reverse,409,27,0.0311049589848722,3,-0.0057983398437500555,0.21637125959726233,6,task06_state27_prefix03
0.02625301869135377,semantic_wrist_donor_minus_recipient,reverse,409,27,-0.40342996976037104,3,-0.034088134765625,0.14982356214217551,6,task06_state27_prefix03
-0.009125406744364989,semantic_primary_donor_minus_recipient,reverse,409,27,0.07968347093305073,3,-0.19767252604166674,-0.12326331529958306,6,task06_state27_prefix03
-0.04899372441716505,semantic_proprio_donor_minus_recipient,reverse,409,27,0.6727699005602148,3,0.17245483398437497,-0.08408896286803359,6,task06_state27_prefix03
0.09180665565339108,semantic_all_donor_minus_gaussian,reverse,409,27,0.2719572492710943,3,0.02520751953125,0.14545347444792212,6,task06_state27_prefix03
0.13249047598148211,semantic_all_donor_minus_natural_control,reverse,409,27,-0.4264226428432447,3,-0.023874918619791685,0.16833850250018179,6,task06_state27_prefix03
0.2741292486044764,semantic_all_donor_minus_shuffled,reverse,409,27,-0.1774385730730097,3,0.005971272786458315,0.33242898849045005,6,task06_state27_prefix03
0.008207617795503927,semantic_all_donor_minus_recipient,reverse,419,27,-0.257916177757991,3,-0.0023905436197916297,0.059010930941700346,6,task06_state27_prefix03
0.03165805816701335,semantic_wrist_donor_minus_recipient,reverse,419,27,0.17611246655661983,3,0.039876302083333315,0.0959089338304428,6,task06_state27_prefix03
-0.01706601918248607,semantic_primary_donor_minus_recipient,reverse,419,27,0.08886409175859922,3,0.003397623697916685,-0.05834823254393955,6,task06_state27_prefix03
0.04223379175417186,semantic_proprio_donor_minus_recipient,reverse,419,27,-0.6176678476236868,3,-0.20131429036458334,0.06312103810225822,6,task06_state27_prefix03
-0.01008327152752582,semantic_all_donor_minus_gaussian,reverse,419,27,-0.2592589402393093,3,-0.00983683268229163,0.07925521855621798,6,task06_state27_prefix03
0.07304844275551456,semantic_all_donor_minus_natural_control,reverse,419,27,0.0628147167564096,3,0.08994547526041669,0.08833832798475817,6,task06_state27_prefix03
0.268559353621724,semantic_all_donor_minus_shuffled,reverse,419,27,-0.09541357067882272,3,0.25199381510416663,0.35874528897142116,6,task06_state27_prefix03
-0.03621313100495732,semantic_all_donor_minus_recipient,forward,401,43,0.04386779131125873,6,0.1477050781249999,0.03414902196078584,6,task06_state43_prefix06
0.046176282807783506,semantic_wrist_donor_minus_recipient,forward,401,43,0.14306425569972692,6,0.07999674479166685,0.07180259651292598,6,task06_state43_prefix06
0.02828960149604505,semantic_primary_donor_minus_recipient,forward,401,43,0.025400608735266172,6,0.06611124674479163,0.03968497898359569,6,task06_state43_prefix06
0.01585802424284836,semantic_proprio_donor_minus_recipient,forward,401,43,0.7637682815344724,6,1.4976908365885415,0.6648002543762275,6,task06_state43_prefix06
-0.0687229904241074,semantic_all_donor_minus_gaussian,forward,401,43,0.7485347980644323,6,1.3621826171875,0.5765263610786938,6,task06_state43_prefix06
-0.060525013649085205,semantic_all_donor_minus_natural_control,forward,401,43,0.189604346874525,6,0.3410949707031249,0.13415605146086818,6,task06_state43_prefix06
0.07712736725514452,semantic_all_donor_minus_shuffled,forward,401,43,0.22635356191827893,6,0.388702392578125,0.18647983092495846,6,task06_state43_prefix06
0.014085727029004999,semantic_all_donor_minus_recipient,forward,409,43,-0.005665626467669438,6,-0.007191975911458481,-0.014613356255774534,6,task06_state43_prefix06
-0.02666401628606338,semantic_wrist_donor_minus_recipient,forward,409,43,0.03457088426509697,6,0.01361083984375,0.02584940426203164,6,task06_state43_prefix06
0.05236107283553022,semantic_primary_donor_minus_recipient,forward,409,43,-0.08392123003298868,6,-0.137664794921875,-0.05216824305708057,6,task06_state43_prefix06
0.0014065060948688576,semantic_proprio_donor_minus_recipient,forward,409,43,-0.01898191747537048,6,0.04634602864583337,-0.021821743313557795,6,task06_state43_prefix06
-0.00510550407205812,semantic_all_donor_minus_gaussian,forward,409,43,-0.035061712877314855,6,0.03049723307291652,0.005055044699092237,6,task06_state43_prefix06
-0.019553708722809413,semantic_all_donor_minus_natural_control,forward,409,43,-0.12296838038517055,6,-0.06841023763020826,-0.17582436940431578,6,task06_state43_prefix06
0.04160769235687409,semantic_all_donor_minus_shuffled,forward,409,43,0.17902854177033822,6,0.4776611328124999,0.23109413069785523,6,task06_state43_prefix06
-0.033323957849660184,semantic_all_donor_minus_recipient,forward,419,43,0.04731158038688754,6,0.06068929036458337,0.004616335424047047,6,task06_state43_prefix06
-0.011759580312010895,semantic_wrist_donor_minus_recipient,forward,419,43,0.21909777094313343,6,0.5349833170572915,0.23163153115742074,6,task06_state43_prefix06
0.017538821387498044,semantic_primary_donor_minus_recipient,forward,419,43,0.6332968783479134,6,1.296966552734375,0.590274204996316,6,task06_state43_prefix06
0.014456677069512147,semantic_proprio_donor_minus_recipient,forward,419,43,0.6999270964840841,6,1.347025553385417,0.5867498503638899,6,task06_state43_prefix06
-0.07568751670282153,semantic_all_donor_minus_gaussian,forward,419,43,0.6624307082249425,6,1.2994791666666667,0.6088845832030372,6,task06_state43_prefix06
-0.08001115013204027,semantic_all_donor_minus_natural_control,forward,419,43,0.038744850728094526,6,0.09835815429687511,0.1167703581851185,6,task06_state43_prefix06
0.06341978396325496,semantic_all_donor_minus_shuffled,forward,419,43,0.24386596356282042,6,0.4537048339843751,0.3028152897096724,6,task06_state43_prefix06
-0.012868477146007218,semantic_all_donor_minus_recipient,reverse,401,43,0.08220134280858679,6,-0.05412801106770837,0.06532639081742686,6,task06_state43_prefix06
0.023507410356804245,semantic_wrist_donor_minus_recipient,reverse,401,43,0.15955308311541835,6,0.2348022460937501,0.15704704252501814,6,task06_state43_prefix06
-0.06208063205888179,semantic_primary_donor_minus_recipient,reverse,401,43,0.021917149281954245,6,-0.093719482421875,0.024948754361483562,6,task06_state43_prefix06
-0.005684457124285558,semantic_proprio_donor_minus_recipient,reverse,401,43,-0.0920884063900782,6,-0.34741210937500006,-0.11103833351491083,6,task06_state43_prefix06
0.053550415736812296,semantic_all_donor_minus_gaussian,reverse,401,43,-0.10163534579788751,6,-0.11974080403645837,-0.10731472989618275,6,task06_state43_prefix06
-0.025573293267265297,semantic_all_donor_minus_natural_control,reverse,401,43,0.003802466310665789,6,0.00957234700520826,-0.001217988387575003,6,task06_state43_prefix06
-0.13293184570527672,semantic_all_donor_minus_shuffled,reverse,401,43,-0.10430628616408037,6,-0.11537679036458326,-0.16259718601206916,6,task06_state43_prefix06
-0.04895153021822554,semantic_all_donor_minus_recipient,reverse,409,43,-0.05107210530062507,6,0.11591593424479185,-0.045678397346597,6,task06_state43_prefix06
0.041136518738486116,semantic_wrist_donor_minus_recipient,reverse,409,43,-0.7654539966166817,6,-1.1795857747395833,-0.6441961822120332,6,task06_state43_prefix06
-0.005378883676624809,semantic_primary_donor_minus_recipient,reverse,409,43,-0.7529805066202168,6,-1.1751708984375,-0.6242466474806796,6,task06_state43_prefix06
0.031385947406010604,semantic_proprio_donor_minus_recipient,reverse,409,43,-0.03393735507845019,6,0.03747558593750011,-0.014316666321846028,6,task06_state43_prefix06
-0.04729175753219231,semantic_all_donor_minus_gaussian,reverse,409,43,-0.24698819424568969,6,-0.14137776692708331,-0.24704101790278388,6,task06_state43_prefix06
-0.05112777559137227,semantic_all_donor_minus_natural_control,reverse,409,43,-0.7975283825483266,6,-1.1531270345052085,-0.7227518132931487,6,task06_state43_prefix06
-0.18720789618214423,semantic_all_donor_minus_shuffled,reverse,409,43,-0.17503757333564596,6,0.09409586588541674,-0.22602191150306905,6,task06_state43_prefix06
0.001366000880192779,semantic_all_donor_minus_recipient,reverse,419,43,0.058785769090183626,6,-0.049072265625,0.1007828237779475,6,task06_state43_prefix06
0.02014712585252881,semantic_wrist_donor_minus_recipient,reverse,419,43,-0.03736367184011258,6,0.01702880859374989,-0.04248205149235451,6,task06_state43_prefix06
0.043526538836013574,semantic_primary_donor_minus_recipient,reverse,419,43,0.7641764548916895,6,1.3778076171875,0.6068441082161973,6,task06_state43_prefix06
-0.02236993188707909,semantic_proprio_donor_minus_recipient,reverse,419,43,0.05935311498534998,6,-0.05906168619791652,0.004809853358138698,6,task06_state43_prefix06
-0.03533399781546499,semantic_all_donor_minus_gaussian,reverse,419,43,-0.0722846646246841,6,-0.08005777994791685,-0.04040662419500085,6,task06_state43_prefix06
-0.04323272497469581,semantic_all_donor_minus_natural_control,reverse,419,43,-0.03795890882908732,6,-0.05360921223958337,0.006877252554441,6,task06_state43_prefix06
-0.007809993975773193,semantic_all_donor_minus_shuffled,reverse,419,43,0.10494945329636739,6,-0.15108235677083337,0.09261818906897094,6,task06_state43_prefix06
0.5039161030150734,semantic_all_donor_minus_recipient,forward,401,10,0.5614093316625555,0,1.88275146484375,0.5614093316625555,7,task07_state10_prefix00
0.403213208766574,semantic_wrist_donor_minus_recipient,forward,401,10,0.44941421008706084,0,0.9148559570312499,0.44941421008706084,7,task07_state10_prefix00
0.1400477204672053,semantic_primary_donor_minus_recipient,forward,401,10,0.16285156198538134,0,0.6102905273437501,0.16285156198538134,7,task07_state10_prefix00
0.010377098843055679,semantic_proprio_donor_minus_recipient,forward,401,10,0.0096256946343284,0,-0.0439453125,0.0096256946343284,7,task07_state10_prefix00
0.4983871925768934,semantic_all_donor_minus_gaussian,forward,401,10,0.55075706079303,0,1.8825683593749998,0.55075706079303,7,task07_state10_prefix00
0.1287817646439411,semantic_all_donor_minus_natural_control,forward,401,10,0.14433862594175711,0,0.5006917317708334,0.14433862594175711,7,task07_state10_prefix00
0.41690443767961427,semantic_all_donor_minus_shuffled,forward,401,10,0.4400109878753021,0,1.8026733398437498,0.4400109878753021,7,task07_state10_prefix00
0.4551844479790602,semantic_all_donor_minus_recipient,forward,409,10,0.5052830585752557,0,1.8590596516927083,0.5052830585752557,7,task07_state10_prefix00
0.4094388969901223,semantic_wrist_donor_minus_recipient,forward,409,10,0.45681667017556254,0,1.5145467122395833,0.45681667017556254,7,task07_state10_prefix00
0.13493837210317733,semantic_primary_donor_minus_recipient,forward,409,10,0.1519465964933174,0,0.29393513997395826,0.1519465964933174,7,task07_state10_prefix00
0.02020972296799913,semantic_proprio_donor_minus_recipient,forward,409,10,0.014618491823597743,0,-0.00821940104166674,0.014618491823597743,7,task07_state10_prefix00
0.46566569870913005,semantic_all_donor_minus_gaussian,forward,409,10,0.5131161765601377,0,1.8997599283854165,0.5131161765601377,7,task07_state10_prefix00
0.0944441781142612,semantic_all_donor_minus_natural_control,forward,409,10,0.1044176561708609,0,0.412506103515625,0.1044176561708609,7,task07_state10_prefix00
0.3214325051322339,semantic_all_donor_minus_shuffled,forward,409,10,0.32227010933309247,0,1.2976175944010415,0.32227010933309247,7,task07_state10_prefix00
0.5052707168499159,semantic_all_donor_minus_recipient,forward,419,10,0.5565619318377562,0,2.046895345052083,0.5565619318377562,7,task07_state10_prefix00
0.4408752083984399,semantic_wrist_donor_minus_recipient,forward,419,10,0.49405735055066125,0,1.6848856608072917,0.49405735055066125,7,task07_state10_prefix00
0.1598596696176577,semantic_primary_donor_minus_recipient,forward,419,10,0.172955401988787,0,0.6396484374999999,0.172955401988787,7,task07_state10_prefix00
0.015126117692641836,semantic_proprio_donor_minus_recipient,forward,419,10,0.021226026244902958,0,-0.04008992513020826,0.021226026244902958,7,task07_state10_prefix00
0.542898458112575,semantic_all_donor_minus_gaussian,forward,419,10,0.5959012421585279,0,2.103424072265625,0.5959012421585279,7,task07_state10_prefix00
0.1163466296385467,semantic_all_donor_minus_natural_control,forward,419,10,0.12810046910482908,0,0.4149475097656249,0.12810046910482908,7,task07_state10_prefix00
0.29539271690317204,semantic_all_donor_minus_shuffled,forward,419,10,0.3069392938235967,0,1.2877400716145833,0.3069392938235967,7,task07_state10_prefix00
0.4935194783993031,semantic_all_donor_minus_recipient,reverse,401,10,0.5510933554501529,0,1.718912760416667,0.5510933554501529,7,task07_state10_prefix00
0.3919671773857822,semantic_wrist_donor_minus_recipient,reverse,401,10,0.43430619247949404,0,1.4437052408854165,0.43430619247949404,7,task07_state10_prefix00
0.1518382177884538,semantic_primary_donor_minus_recipient,reverse,401,10,0.16950274896960205,0,0.7238057454427083,0.16950274896960205,7,task07_state10_prefix00
0.004773435121098301,semantic_proprio_donor_minus_recipient,reverse,401,10,0.00791499869669509,0,-0.01902262369791674,0.00791499869669509,7,task07_state10_prefix00
0.4970169527307685,semantic_all_donor_minus_gaussian,reverse,401,10,0.5570925336384183,0,1.6611226399739587,0.5570925336384183,7,task07_state10_prefix00
0.08420707781267056,semantic_all_donor_minus_natural_control,reverse,401,10,0.0971296568090636,0,0.19006347656250022,0.0971296568090636,7,task07_state10_prefix00
-0.03481383988639042,semantic_all_donor_minus_shuffled,reverse,401,10,-0.0026691413411039644,0,0.03766886393229196,-0.0026691413411039644,7,task07_state10_prefix00
0.4726645819564168,semantic_all_donor_minus_recipient,reverse,409,10,0.5238005574367959,0,1.7472635904947915,0.5238005574367959,7,task07_state10_prefix00
0.36655398547027274,semantic_wrist_donor_minus_recipient,reverse,409,10,0.40159535167694194,0,1.3515726725260415,0.40159535167694194,7,task07_state10_prefix00
0.1735059359488761,semantic_primary_donor_minus_recipient,reverse,409,10,0.19314285580385904,0,0.829833984375,0.19314285580385904,7,task07_state10_prefix00
0.009986361542047725,semantic_proprio_donor_minus_recipient,reverse,409,10,0.017373724265839885,0,0.01509602864583326,0.017373724265839885,7,task07_state10_prefix00
0.45816678459922994,semantic_all_donor_minus_gaussian,reverse,409,10,0.5082394573015087,0,1.710601806640625,0.5082394573015087,7,task07_state10_prefix00
0.07747732202273983,semantic_all_donor_minus_natural_control,reverse,409,10,0.09027485718105621,0,0.22371419270833326,0.09027485718105621,7,task07_state10_prefix00
0.1565774749367831,semantic_all_donor_minus_shuffled,reverse,409,10,0.2153879089030527,0,0.538177490234375,0.2153879089030527,7,task07_state10_prefix00
0.5310431485511387,semantic_all_donor_minus_recipient,reverse,419,10,0.5763580481955957,0,1.9918721516927085,0.5763580481955957,7,task07_state10_prefix00
0.37606686482462565,semantic_wrist_donor_minus_recipient,reverse,419,10,0.41273074335004695,0,1.3842875162760415,0.41273074335004695,7,task07_state10_prefix00
0.13433602934515487,semantic_primary_donor_minus_recipient,reverse,419,10,0.1502698551736824,0,0.6982116699218751,0.1502698551736824,7,task07_state10_prefix00
0.00896740393097567,semantic_proprio_donor_minus_recipient,reverse,419,10,0.017654593961664106,0,0.06727091471354152,0.017654593961664106,7,task07_state10_prefix00
0.5492399772928843,semantic_all_donor_minus_gaussian,reverse,419,10,0.5919988528355928,0,2.1141560872395835,0.5919988528355928,7,task07_state10_prefix00
0.09696084201174593,semantic_all_donor_minus_natural_control,reverse,419,10,0.1067365661460069,0,0.32172648111979174,0.1067365661460069,7,task07_state10_prefix00
0.14185122337741074,semantic_all_donor_minus_shuffled,reverse,419,10,0.17503548540721758,0,0.47929890950520837,0.17503548540721758,7,task07_state10_prefix00
-0.017454787023901172,semantic_all_donor_minus_recipient,forward,401,27,0.05768221924997857,3,-0.041900634765624944,0.05768221924997857,7,task07_state27_prefix03
-0.08090570733111291,semantic_wrist_donor_minus_recipient,forward,401,27,-0.048973409425675934,3,-0.0026753743489583703,-0.048973409425675934,7,task07_state27_prefix03
0.02034359141223077,semantic_primary_donor_minus_recipient,forward,401,27,0.08691767374025522,3,-0.036600748697916685,0.08691767374025522,7,task07_state27_prefix03
0.05128560154340728,semantic_proprio_donor_minus_recipient,forward,401,27,0.06684737751258034,3,0.022878011067708315,0.06684737751258034,7,task07_state27_prefix03
-0.003671792030406223,semantic_all_donor_minus_gaussian,forward,401,27,0.024868021345912844,3,-0.025177001953125056,0.024868021345912844,7,task07_state27_prefix03
-0.0017668950063536408,semantic_all_donor_minus_natural_control,forward,401,27,0.08610774713717598,3,-0.015045166015625056,0.08610774713717598,7,task07_state27_prefix03
-0.010423412406377917,semantic_all_donor_minus_shuffled,forward,401,27,-0.13330061387802064,3,-0.030466715494791685,-0.13330061387802064,7,task07_state27_prefix03
-0.01095107332045572,semantic_all_donor_minus_recipient,forward,409,27,0.04035365919233824,3,0.012644449869791685,0.04035365919233824,7,task07_state27_prefix03
0.0210739658282846,semantic_wrist_donor_minus_recipient,forward,409,27,0.07371688528797349,3,0.0027872721354166297,0.07371688528797349,7,task07_state27_prefix03
0.015515577964144232,semantic_primary_donor_minus_recipient,forward,409,27,-0.07265208988008717,3,-0.003743489583333315,-0.07265208988008717,7,task07_state27_prefix03
0.0395714636882635,semantic_proprio_donor_minus_recipient,forward,409,27,0.06658219507924631,3,0.01582845052083326,0.06658219507924631,7,task07_state27_prefix03
-0.031595283992505045,semantic_all_donor_minus_gaussian,forward,409,27,-0.020763180434828943,3,-0.004313151041666574,-0.020763180434828943,7,task07_state27_prefix03
-0.025574462365458697,semantic_all_donor_minus_natural_control,forward,409,27,0.04084824986842078,3,0.032246907552083426,0.04084824986842078,7,task07_state27_prefix03
0.030780255738314333,semantic_all_donor_minus_shuffled,forward,409,27,-0.14017323671269089,3,-0.0011596679687499445,-0.14017323671269089,7,task07_state27_prefix03
0.06718641555723785,semantic_all_donor_minus_recipient,forward,419,27,0.15799633106252714,3,-0.000518798828125,0.15799633106252714,7,task07_state27_prefix03
0.005721685186499667,semantic_wrist_donor_minus_recipient,forward,419,27,-0.00867632936949125,3,0.0018208821614584814,-0.00867632936949125,7,task07_state27_prefix03
0.043799953485007925,semantic_primary_donor_minus_recipient,forward,419,27,-0.012567564305295075,3,-0.01806640625,-0.012567564305295075,7,task07_state27_prefix03
-0.046996851252929434,semantic_proprio_donor_minus_recipient,forward,419,27,0.014536749467947509,3,0.022939046223958315,0.014536749467947509,7,task07_state27_prefix03
0.06449592692720948,semantic_all_donor_minus_gaussian,forward,419,27,0.09289545221098672,3,-0.051635742187500056,0.09289545221098672,7,task07_state27_prefix03
0.0560499316719198,semantic_all_donor_minus_natural_control,forward,419,27,0.0815045128579959,3,0.0031941731770832593,0.0815045128579959,7,task07_state27_prefix03
0.13751362773857423,semantic_all_donor_minus_shuffled,forward,419,27,-0.03213565016746733,3,-0.00035603841145837034,-0.03213565016746733,7,task07_state27_prefix03
-0.029466692386757892,semantic_all_donor_minus_recipient,reverse,401,27,0.051052870637146766,3,-0.01172892252604163,0.051052870637146766,7,task07_state27_prefix03
0.021935688513868193,semantic_wrist_donor_minus_recipient,reverse,401,27,0.020611231869731482,3,0.0003458658854167407,0.020611231869731482,7,task07_state27_prefix03
0.04176901850379264,semantic_primary_donor_minus_recipient,reverse,401,27,-0.04288885250194391,3,0.0333251953125,-0.04288885250194391,7,task07_state27_prefix03
0.05697859528662293,semantic_proprio_donor_minus_recipient,reverse,401,27,0.08554143645778249,3,0.0022074381510416297,0.08554143645778249,7,task07_state27_prefix03
-0.052069618568702916,semantic_all_donor_minus_gaussian,reverse,401,27,-0.07990732213733255,3,0.00390625,-0.07990732213733255,7,task07_state27_prefix03
0.012511028117929826,semantic_all_donor_minus_natural_control,reverse,401,27,-0.016915622527878704,3,0.009297688802083426,-0.016915622527878704,7,task07_state27_prefix03
-0.038216989757725625,semantic_all_donor_minus_shuffled,reverse,401,27,0.12426208881745246,3,-0.00614420572916663,0.12426208881745246,7,task07_state27_prefix03
-0.034263486740420436,semantic_all_donor_minus_recipient,reverse,409,27,-0.01813385621756595,3,0.00806681315104163,-0.01813385621756595,7,task07_state27_prefix03
0.01679687394789432,semantic_wrist_donor_minus_recipient,reverse,409,27,-0.004641605717570819,3,0.0023295084635416297,-0.004641605717570819,7,task07_state27_prefix03
0.1013622114298535,semantic_primary_donor_minus_recipient,reverse,409,27,0.17356294716016535,3,0.14580281575520831,0.17356294716016535,7,task07_state27_prefix03
0.06695157309801267,semantic_proprio_donor_minus_recipient,reverse,409,27,0.1065357548071626,3,-0.042816162109374944,0.1065357548071626,7,task07_state27_prefix03
0.018209986222018356,semantic_all_donor_minus_gaussian,reverse,409,27,-0.017913010033743036,3,0.00776163736979163,-0.017913010033743036,7,task07_state27_prefix03
-0.019787036119271358,semantic_all_donor_minus_natural_control,reverse,409,27,-0.008252897865343303,3,0.020294189453125,-0.008252897865343303,7,task07_state27_prefix03
-0.10874794739769487,semantic_all_donor_minus_shuffled,reverse,409,27,-0.02586869683748449,3,0.01753743489583326,-0.02586869683748449,7,task07_state27_prefix03
-0.02576599332009767,semantic_all_donor_minus_recipient,reverse,419,27,0.05095693386872307,3,-0.00682576497395837,0.05095693386872307,7,task07_state27_prefix03
0.00931074396542509,semantic_wrist_donor_minus_recipient,reverse,419,27,0.011933203866067305,3,-0.015167236328124889,0.011933203866067305,7,task07_state27_prefix03
-0.017212931735917165,semantic_primary_donor_minus_recipient,reverse,419,27,-0.11084682644383827,3,-0.048665364583333315,-0.11084682644383827,7,task07_state27_prefix03
-0.027084312840976912,semantic_proprio_donor_minus_recipient,reverse,419,27,-0.02398450868970161,3,0.11223347981770831,-0.02398450868970161,7,task07_state27_prefix03
0.0016356066986337459,semantic_all_donor_minus_gaussian,reverse,419,27,-0.04568385064057141,3,0.01442464192708326,-0.04568385064057141,7,task07_state27_prefix03
-0.04082963105804464,semantic_all_donor_minus_natural_control,reverse,419,27,-0.014694225734195543,3,0.01149495442708326,-0.014694225734195543,7,task07_state27_prefix03
-0.03579222468994999,semantic_all_donor_minus_shuffled,reverse,419,27,0.16079140776015033,3,0.006011962890624889,0.16079140776015033,7,task07_state27_prefix03
0.003697970725615035,semantic_all_donor_minus_recipient,forward,401,43,0.05316433820057953,6,0.043955485026041685,0.03414095309661336,7,task07_state43_prefix06
-0.018233767334883105,semantic_wrist_donor_minus_recipient,forward,401,43,0.15695352711246463,6,0.08724975585937497,0.16177548159439625,7,task07_state43_prefix06
-0.030604866925128923,semantic_primary_donor_minus_recipient,forward,401,43,-0.06398131252752909,6,-0.01817830403645826,-0.07582739524289175,7,task07_state43_prefix06
-0.058898251095553154,semantic_proprio_donor_minus_recipient,forward,401,43,-0.14335606236966883,6,0.03290812174479166,-0.14203297580509044,7,task07_state43_prefix06
9.65705597683053e-07,semantic_all_donor_minus_gaussian,forward,401,43,-0.07507599053810476,6,0.007293701171875,-0.10455285408473347,7,task07_state43_prefix06
0.0023146392329097543,semantic_all_donor_minus_natural_control,forward,401,43,0.03326980663329393,6,0.04324340820312503,0.01538390343050866,7,task07_state43_prefix06
0.023098744559983037,semantic_all_donor_minus_shuffled,forward,401,43,-0.2658837869969646,6,0.008595784505208343,-0.2575422217474591,7,task07_state43_prefix06
-0.027745858907981896,semantic_all_donor_minus_recipient,forward,409,43,-0.06890748623784787,6,-0.01910400390625,-0.0894539164374337,7,task07_state43_prefix06
-3.271656211252527e-05,semantic_wrist_donor_minus_recipient,forward,409,43,0.16743997226313198,6,0.08491007486979166,0.181557707228055,7,task07_state43_prefix06
-0.026868960489708958,semantic_primary_donor_minus_recipient,forward,409,43,0.0045643037031461095,6,-0.04448445638020837,0.020596307026549444,7,task07_state43_prefix06
-0.0658157524589373,semantic_proprio_donor_minus_recipient,forward,409,43,-0.0948650531450208,6,-0.07047526041666666,-0.09868318549933691,7,task07_state43_prefix06
-0.04058843639560502,semantic_all_donor_minus_gaussian,forward,409,43,-0.14594362318869802,6,-0.08182779947916666,-0.18371662344689293,7,task07_state43_prefix06
-0.011410117943041038,semantic_all_donor_minus_natural_control,forward,409,43,0.09664591447575949,6,0.03923543294270834,0.09545339368244815,7,task07_state43_prefix06
0.006268152883352567,semantic_all_donor_minus_shuffled,forward,409,43,-0.1253269926588898,6,0.026692708333333343,-0.1309657507502179,7,task07_state43_prefix06
0.012929336758207129,semantic_all_donor_minus_recipient,forward,419,43,0.1459128707048793,6,-0.000274658203125,0.1520799009360502,7,task07_state43_prefix06
0.03374881824239919,semantic_wrist_donor_minus_recipient,forward,419,43,0.19490822567494498,6,0.0120849609375,0.217445172834719,7,task07_state43_prefix06
0.005059791150761137,semantic_primary_donor_minus_recipient,forward,419,43,0.0016937022666569101,6,0.00018310546875,0.0004245732698757651,7,task07_state43_prefix06
-0.014369934158600169,semantic_proprio_donor_minus_recipient,forward,419,43,0.0004360052803779671,6,-0.011006673177083343,0.004488592321071735,7,task07_state43_prefix06
0.03104718773368642,semantic_all_donor_minus_gaussian,forward,419,43,0.22857209185756594,6,0.03204345703125003,0.24201567558645626,7,task07_state43_prefix06
-0.01617495629708468,semantic_all_donor_minus_natural_control,forward,419,43,-0.043519031930856655,6,-0.0008239746093749722,-0.04427770738059507,7,task07_state43_prefix06
0.037484216472566605,semantic_all_donor_minus_shuffled,forward,419,43,0.0484522411704901,6,0.05014038085937503,0.07726824809748009,7,task07_state43_prefix06
-0.05472193653203364,semantic_all_donor_minus_recipient,reverse,401,43,0.020638212110480322,6,0.005126953125,0.017042014009655593,7,task07_state43_prefix06
0.022808393152549247,semantic_wrist_donor_minus_recipient,reverse,401,43,-0.11648920660937356,6,0.002166748046875,-0.1070425048179794,7,task07_state43_prefix06
0.027038767811193142,semantic_primary_donor_minus_recipient,reverse,401,43,-0.07933980884989042,6,0.0009358723958333148,-0.08000957793126831,7,task07_state43_prefix06
-0.006957099871386412,semantic_proprio_donor_minus_recipient,reverse,401,43,-0.09527214523925648,6,0.017059326171875028,-0.11017260017477862,7,task07_state43_prefix06
-0.007117223065964736,semantic_all_donor_minus_gaussian,reverse,401,43,0.023874622998555528,6,0.0014343261718749722,0.02972538062074253,7,task07_state43_prefix06
-0.03394453018971502,semantic_all_donor_minus_natural_control,reverse,401,43,-0.0208693300887582,6,0.00045776367187497224,-0.01358955257970304,7,task07_state43_prefix06
-0.05909629962145152,semantic_all_donor_minus_shuffled,reverse,401,43,0.2500635003019859,6,0.10630289713541666,0.2312578393938292,7,task07_state43_prefix06
-0.021612642279023667,semantic_all_donor_minus_recipient,reverse,409,43,0.03172270701741775,6,0.04805501302083337,0.009878588517037934,7,task07_state43_prefix06
0.001533972348118643,semantic_wrist_donor_minus_recipient,reverse,409,43,-0.07334141706324171,6,-0.009765624999999944,-0.10448123633916029,7,task07_state43_prefix06
-0.0041812179963349565,semantic_primary_donor_minus_recipient,reverse,409,43,-0.017747787571527285,6,-0.025919596354166657,-0.01786330289943816,7,task07_state43_prefix06
0.009626963203845134,semantic_proprio_donor_minus_recipient,reverse,409,43,0.060277489124616064,6,-0.014027913411458343,0.06376014870656695,7,task07_state43_prefix06
-0.028787356259155905,semantic_all_donor_minus_gaussian,reverse,409,43,-0.1887239439620204,6,0.019175211588541685,-0.2474110900939741,7,task07_state43_prefix06
-0.012600938195099456,semantic_all_donor_minus_natural_control,reverse,409,43,-0.001437497216055128,6,0.053955078125,-0.014489669007017314,7,task07_state43_prefix06
-0.05518831492841755,semantic_all_donor_minus_shuffled,reverse,409,43,-0.058168477069671876,6,-0.042500813802083315,-0.13401182055153515,7,task07_state43_prefix06
0.002795394924249954,semantic_all_donor_minus_recipient,reverse,419,43,0.19157762062181383,6,0.009745279947916685,0.2165207078182123,7,task07_state43_prefix06
0.0009304472447530243,semantic_wrist_donor_minus_recipient,reverse,419,43,0.1649706046932049,6,0.059895833333333315,0.16088199241351142,7,task07_state43_prefix06
0.017274230413308996,semantic_primary_donor_minus_recipient,reverse,419,43,-0.03733243915871906,6,-0.13683064778645831,-0.02334998011228856,7,task07_state43_prefix06
0.0343907185840034,semantic_proprio_donor_minus_recipient,reverse,419,43,0.027632086205615206,6,-0.021026611328125,0.019458380014605203,7,task07_state43_prefix06
0.02436467152642113,semantic_all_donor_minus_gaussian,reverse,419,43,0.160460415946322,6,0.024668375651041685,0.16706385569709237,7,task07_state43_prefix06
0.008526659141437146,semantic_all_donor_minus_natural_control,reverse,419,43,0.14788338829059988,6,-0.02001953125,0.16722762458543783,7,task07_state43_prefix06
-0.043126074564074815,semantic_all_donor_minus_shuffled,reverse,419,43,0.3699964924698622,6,0.004160563151041657,0.3804057536603874,7,task07_state43_prefix06
0.32223106657482836,semantic_all_donor_minus_recipient,forward,401,10,0.321109966231416,0,0.7433980305989583,0.321109966231416,8,task08_state10_prefix00
0.2948429539056945,semantic_wrist_donor_minus_recipient,forward,401,10,0.3057130834426789,0,0.659210205078125,0.3057130834426789,8,task08_state10_prefix00
0.037228046944910095,semantic_primary_donor_minus_recipient,forward,401,10,0.03882292814708521,0,0.026458740234375,0.03882292814708521,8,task08_state10_prefix00
-0.011732421473205065,semantic_proprio_donor_minus_recipient,forward,401,10,-0.006805933199973635,0,-0.02289835611979163,-0.006805933199973635,8,task08_state10_prefix00
0.3068332081238425,semantic_all_donor_minus_gaussian,forward,401,10,0.2966813995019621,0,0.7396952311197917,0.2966813995019621,8,task08_state10_prefix00
0.15791925367189702,semantic_all_donor_minus_natural_control,forward,401,10,0.12533660096876403,0,0.3104146321614583,0.12533660096876403,8,task08_state10_prefix00
0.17253520127369631,semantic_all_donor_minus_shuffled,forward,401,10,0.1676727660166863,0,0.532958984375,0.1676727660166863,8,task08_state10_prefix00
0.3265479546425236,semantic_all_donor_minus_recipient,forward,409,10,0.3392937609774874,0,0.603973388671875,0.3392937609774874,8,task08_state10_prefix00
0.30871855428524414,semantic_wrist_donor_minus_recipient,forward,409,10,0.3174567396447938,0,0.6443583170572917,0.3174567396447938,8,task08_state10_prefix00
0.03650295129342199,semantic_primary_donor_minus_recipient,forward,409,10,0.04145254147036158,0,-0.03130086263020837,0.04145254147036158,8,task08_state10_prefix00
0.02957963133522576,semantic_proprio_donor_minus_recipient,forward,409,10,0.027312251042010488,0,0.08306884765625,0.027312251042010488,8,task08_state10_prefix00
0.3201873435776555,semantic_all_donor_minus_gaussian,forward,409,10,0.3154385313303251,0,0.6136881510416667,0.3154385313303251,8,task08_state10_prefix00
0.13034503096166966,semantic_all_donor_minus_natural_control,forward,409,10,0.11830677836593623,0,0.17899576822916669,0.11830677836593623,8,task08_state10_prefix00
0.17429832608769663,semantic_all_donor_minus_shuffled,forward,409,10,0.1839754793715857,0,0.4857076009114584,0.1839754793715857,8,task08_state10_prefix00
0.3263506491386784,semantic_all_donor_minus_recipient,forward,419,10,0.3392745169916604,0,0.7449544270833334,0.3392745169916604,8,task08_state10_prefix00
0.31369266884239294,semantic_wrist_donor_minus_recipient,forward,419,10,0.31533345702583215,0,0.593353271484375,0.31533345702583215,8,task08_state10_prefix00
0.02704999811129158,semantic_primary_donor_minus_recipient,forward,419,10,0.019895964628282456,0,0.11140950520833331,0.019895964628282456,8,task08_state10_prefix00
0.011804650236963567,semantic_proprio_donor_minus_recipient,forward,419,10,0.012816248466905794,0,0.10721842447916663,0.012816248466905794,8,task08_state10_prefix00
0.32575261982260717,semantic_all_donor_minus_gaussian,forward,419,10,0.3346208437385808,0,0.7517903645833334,0.3346208437385808,8,task08_state10_prefix00
0.1310033120660776,semantic_all_donor_minus_natural_control,forward,419,10,0.11930878350209304,0,0.27057902018229163,0.11930878350209304,8,task08_state10_prefix00
0.22501610800968302,semantic_all_donor_minus_shuffled,forward,419,10,0.2124446182520932,0,0.6264851888020834,0.2124446182520932,8,task08_state10_prefix00
0.3318131247077995,semantic_all_donor_minus_recipient,reverse,401,10,0.3276380405279142,0,0.8621826171875,0.3276380405279142,8,task08_state10_prefix00
0.28505026875166223,semantic_wrist_donor_minus_recipient,reverse,401,10,0.29748695744380665,0,0.6139322916666667,0.29748695744380665,8,task08_state10_prefix00
0.0390232275246707,semantic_primary_donor_minus_recipient,reverse,401,10,0.042209499675726625,0,-0.01197306315104163,0.042209499675726625,8,task08_state10_prefix00
-0.017750449654578435,semantic_proprio_donor_minus_recipient,reverse,401,10,-0.01960844003449661,0,0.02002970377604174,-0.01960844003449661,8,task08_state10_prefix00
0.3172090938716048,semantic_all_donor_minus_gaussian,reverse,401,10,0.3121333190460377,0,0.7926127115885417,0.3121333190460377,8,task08_state10_prefix00
0.019379881172609692,semantic_all_donor_minus_natural_control,reverse,401,10,0.03270465668835587,0,0.082733154296875,0.03270465668835587,8,task08_state10_prefix00
0.1914480653361405,semantic_all_donor_minus_shuffled,reverse,401,10,0.20157772635474747,0,0.44775390625000006,0.20157772635474747,8,task08_state10_prefix00
0.329390857599619,semantic_all_donor_minus_recipient,reverse,409,10,0.3285159095536233,0,0.7735595703125,0.3285159095536233,8,task08_state10_prefix00
0.3064469303067787,semantic_wrist_donor_minus_recipient,reverse,409,10,0.29807724477687725,0,0.673583984375,0.29807724477687725,8,task08_state10_prefix00
0.02561271173735108,semantic_primary_donor_minus_recipient,reverse,409,10,0.026847396200931867,0,-0.0047607421875,0.026847396200931867,8,task08_state10_prefix00
0.013712694390436375,semantic_proprio_donor_minus_recipient,reverse,409,10,0.0143241556688034,0,0.07173665364583337,0.0143241556688034,8,task08_state10_prefix00
0.3345433560465422,semantic_all_donor_minus_gaussian,reverse,409,10,0.3485130635150808,0,0.801361083984375,0.3485130635150808,8,task08_state10_prefix00
0.04819371249311499,semantic_all_donor_minus_natural_control,reverse,409,10,0.061920535782579056,0,0.13244628906250006,0.061920535782579056,8,task08_state10_prefix00
0.140660619544417,semantic_all_donor_minus_shuffled,reverse,409,10,0.14010174098160755,0,0.11373901367187511,0.14010174098160755,8,task08_state10_prefix00
0.3558463631356811,semantic_all_donor_minus_recipient,reverse,419,10,0.36446937266057255,0,0.6180013020833333,0.36446937266057255,8,task08_state10_prefix00
0.31109448269232587,semantic_wrist_donor_minus_recipient,reverse,419,10,0.29457893059939166,0,0.25148518880208337,0.29457893059939166,8,task08_state10_prefix00
0.030321815285682514,semantic_primary_donor_minus_recipient,reverse,419,10,0.0340669457699751,0,0.011149088541666519,0.0340669457699751,8,task08_state10_prefix00
0.008588235854328465,semantic_proprio_donor_minus_recipient,reverse,419,10,0.01662758259010385,0,-0.03994750976562511,0.01662758259010385,8,task08_state10_prefix00
0.3338486996045573,semantic_all_donor_minus_gaussian,reverse,419,10,0.3309646475490039,0,0.56109619140625,0.3309646475490039,8,task08_state10_prefix00
0.033804458907887525,semantic_all_donor_minus_natural_control,reverse,419,10,0.03607708340109628,0,0.01494344075520837,0.03607708340109628,8,task08_state10_prefix00
0.08099158861808964,semantic_all_donor_minus_shuffled,reverse,419,10,0.11791285838219956,0,-0.00960286458333337,0.11791285838219956,8,task08_state10_prefix00
-0.003748728104119095,semantic_all_donor_minus_recipient,forward,401,27,0.0380267392291611,3,-0.006601969401041685,0.0380267392291611,8,task08_state27_prefix03
0.04869800048877829,semantic_wrist_donor_minus_recipient,forward,401,27,0.055604000354622846,3,-0.006581624348958315,0.055604000354622846,8,task08_state27_prefix03
0.009954861581201326,semantic_primary_donor_minus_recipient,forward,401,27,0.024739657328709974,3,-0.009836832682291657,0.024739657328709974,8,task08_state27_prefix03
-0.011639796684990919,semantic_proprio_donor_minus_recipient,forward,401,27,0.010083333687089623,3,-0.005472819010416671,0.010083333687089623,8,task08_state27_prefix03
0.04304824132863219,semantic_all_donor_minus_gaussian,forward,401,27,0.05550526482568262,3,-0.00579833984375,0.05550526482568262,8,task08_state27_prefix03
0.003941129176893349,semantic_all_donor_minus_natural_control,forward,401,27,0.06310083112651288,3,0.00022379557291668517,0.06310083112651288,8,task08_state27_prefix03
0.03139243211924891,semantic_all_donor_minus_shuffled,forward,401,27,0.026503688086524778,3,-0.00453694661458337,0.026503688086524778,8,task08_state27_prefix03
0.012191726256739956,semantic_all_donor_minus_recipient,forward,409,27,0.11256243851526876,3,0.001190185546875,0.11256243851526876,8,task08_state27_prefix03
0.01587295799471484,semantic_wrist_donor_minus_recipient,forward,409,27,0.04698986976234175,3,0.00103759765625,0.04698986976234175,8,task08_state27_prefix03
0.0016608665772373209,semantic_primary_donor_minus_recipient,forward,409,27,-0.015828023711973154,3,0.00469970703125,-0.015828023711973154,8,task08_state27_prefix03
-0.018765493063067615,semantic_proprio_donor_minus_recipient,forward,409,27,0.045417665290204606,3,-0.05385335286458334,0.045417665290204606,8,task08_state27_prefix03
-0.0005254722226703742,semantic_all_donor_minus_gaussian,forward,409,27,0.0479464736839437,3,0.0014750162760416852,0.0479464736839437,8,task08_state27_prefix03
0.033981611491789375,semantic_all_donor_minus_natural_control,forward,409,27,0.08924476272867612,3,0.0,0.08924476272867612,8,task08_state27_prefix03
-0.0008718160077242701,semantic_all_donor_minus_shuffled,forward,409,27,0.051540016263487504,3,0.0008748372395833148,0.051540016263487504,8,task08_state27_prefix03
0.011954610797250693,semantic_all_donor_minus_recipient,forward,419,27,0.046026337400149976,3,0.000701904296875,0.046026337400149976,8,task08_state27_prefix03
-0.030356825664805312,semantic_wrist_donor_minus_recipient,forward,419,27,0.06030944526469037,3,-0.0012512207031249722,0.06030944526469037,8,task08_state27_prefix03
-0.013509881887142802,semantic_primary_donor_minus_recipient,forward,419,27,-0.04941519402361338,3,-0.0062255859375,-0.04941519402361338,8,task08_state27_prefix03
-0.01378089378196047,semantic_proprio_donor_minus_recipient,forward,419,27,0.028727903905856493,3,-0.0024007161458333287,0.028727903905856493,8,task08_state27_prefix03
-0.01981386562036641,semantic_all_donor_minus_gaussian,forward,419,27,0.0058770659164046335,3,-0.004170735677083315,0.0058770659164046335,8,task08_state27_prefix03
-0.03071553163907892,semantic_all_donor_minus_natural_control,forward,419,27,-0.008697698948719218,3,-0.0003662109375,-0.008697698948719218,8,task08_state27_prefix03
0.045004886132441635,semantic_all_donor_minus_shuffled,forward,419,27,0.05671121241077548,3,-0.004231770833333315,0.05671121241077548,8,task08_state27_prefix03
0.05484500993076657,semantic_all_donor_minus_recipient,reverse,401,27,0.05235621283211891,3,0.035736083984375,0.05235621283211891,8,task08_state27_prefix03
0.03068387379911589,semantic_wrist_donor_minus_recipient,reverse,401,27,0.033435165230507935,3,0.013671874999999986,0.033435165230507935,8,task08_state27_prefix03
-0.015908519306290125,semantic_primary_donor_minus_recipient,reverse,401,27,-0.005239015010619755,3,0.026519775390625,-0.005239015010619755,8,task08_state27_prefix03
0.014603190349883007,semantic_proprio_donor_minus_recipient,reverse,401,27,0.07533796760142351,3,0.019500732421875,0.07533796760142351,8,task08_state27_prefix03
-0.01754962908743092,semantic_all_donor_minus_gaussian,reverse,401,27,-0.02650334125120367,3,0.003774007161458315,-0.02650334125120367,8,task08_state27_prefix03
0.027970053770647266,semantic_all_donor_minus_natural_control,reverse,401,27,0.06717611205148283,3,0.021616617838541685,0.06717611205148283,8,task08_state27_prefix03
-0.02435532559584444,semantic_all_donor_minus_shuffled,reverse,401,27,0.00410147396545002,3,-0.006439208984375,0.00410147396545002,8,task08_state27_prefix03
0.017965327853192034,semantic_all_donor_minus_recipient,reverse,409,27,-0.0007711045566054578,3,0.002339680989583315,-0.0007711045566054578,8,task08_state27_prefix03
0.010389104446455386,semantic_wrist_donor_minus_recipient,reverse,409,27,-0.0005501572902409796,3,-0.009104410807291671,-0.0005501572902409796,8,task08_state27_prefix03
0.01645297255456169,semantic_primary_donor_minus_recipient,reverse,409,27,0.09346303341414895,3,-0.008799235026041685,0.09346303341414895,8,task08_state27_prefix03
-0.004958364001972155,semantic_proprio_donor_minus_recipient,reverse,409,27,0.04347074774913329,3,0.01936848958333333,0.04347074774913329,8,task08_state27_prefix03
0.03966632251739072,semantic_all_donor_minus_gaussian,reverse,409,27,0.08162234431610658,3,0.00030517578125,0.08162234431610658,8,task08_state27_prefix03
0.01663364137263356,semantic_all_donor_minus_natural_control,reverse,409,27,0.05357723994028006,3,0.00848388671875,0.05357723994028006,8,task08_state27_prefix03
-0.011783821761906801,semantic_all_donor_minus_shuffled,reverse,409,27,0.011897240244908472,3,0.01227823893229163,0.011897240244908472,8,task08_state27_prefix03
0.04037558726228569,semantic_all_donor_minus_recipient,reverse,419,27,-0.020683123632462573,3,0.0008239746093749722,-0.020683123632462573,8,task08_state27_prefix03
0.017226267701398942,semantic_wrist_donor_minus_recipient,reverse,419,27,-0.025893761603972623,3,0.014272054036458329,-0.025893761603972623,8,task08_state27_prefix03
-0.030588420138943084,semantic_primary_donor_minus_recipient,reverse,419,27,-0.07447266478258281,3,0.004353841145833343,-0.07447266478258281,8,task08_state27_prefix03
-0.03064184657534719,semantic_proprio_donor_minus_recipient,reverse,419,27,-0.06570367172046651,3,0.010609944661458315,-0.06570367172046651,8,task08_state27_prefix03
-0.0032787680488969746,semantic_all_donor_minus_gaussian,reverse,419,27,-0.029995706600943518,3,-0.007436116536458343,-0.029995706600943518,8,task08_state27_prefix03
-0.04774257767357996,semantic_all_donor_minus_natural_control,reverse,419,27,-0.0687012813189596,3,-0.007975260416666685,-0.0687012813189596,8,task08_state27_prefix03
-0.022224949298717142,semantic_all_donor_minus_shuffled,reverse,419,27,-0.060395266838815825,3,-0.010487874348958343,-0.060395266838815825,8,task08_state27_prefix03
0.0012527382209052023,semantic_all_donor_minus_recipient,forward,401,43,0.016352530118339866,6,0.12696329752604169,0.016352530118339866,8,task08_state43_prefix06
0.0006530067181077752,semantic_wrist_donor_minus_recipient,forward,401,43,0.004706250153524015,6,0.019775390625,0.004706250153524015,8,task08_state43_prefix06
-0.00010487667275990711,semantic_primary_donor_minus_recipient,forward,401,43,-0.0004672471927327157,6,0.011850992838541685,-0.0004672471927327157,8,task08_state43_prefix06
-0.0003714638659357447,semantic_proprio_donor_minus_recipient,forward,401,43,-0.00929989153173598,6,0.040089925130208315,-0.00929989153173598,8,task08_state43_prefix06
0.001073113885156804,semantic_all_donor_minus_gaussian,forward,401,43,0.012442145050201761,6,0.08870442708333331,0.012442145050201761,8,task08_state43_prefix06
-6.502480841383307e-05,semantic_all_donor_minus_natural_control,forward,401,43,0.013864151125944007,6,0.11875406901041669,0.013864151125944007,8,task08_state43_prefix06
-0.00011665421043670984,semantic_all_donor_minus_shuffled,forward,401,43,-0.0069596058781653605,6,-0.10090128580729174,-0.0069596058781653605,8,task08_state43_prefix06
0.0024902094855631116,semantic_all_donor_minus_recipient,forward,409,43,0.016254871415396555,6,0.025939941406249944,0.016254871415396555,8,task08_state43_prefix06
0.002525541171256424,semantic_wrist_donor_minus_recipient,forward,409,43,0.0019297245285799167,6,0.031443277994791685,0.0019297245285799167,8,task08_state43_prefix06
-0.00010144387984437581,semantic_primary_donor_minus_recipient,forward,409,43,0.004991137209452937,6,-0.0106201171875,0.004991137209452937,8,task08_state43_prefix06
-0.00018310060056489573,semantic_proprio_donor_minus_recipient,forward,409,43,0.002241951851283411,6,0.003946940104166685,0.002241951851283411,8,task08_state43_prefix06
0.002900567132547551,semantic_all_donor_minus_gaussian,forward,409,43,0.010278642464374987,6,0.01634724934895826,0.010278642464374987,8,task08_state43_prefix06
-0.00010616613535702375,semantic_all_donor_minus_natural_control,forward,409,43,0.013302489757061706,6,0.028015136718749944,0.013302489757061706,8,task08_state43_prefix06
-0.0012565147263626786,semantic_all_donor_minus_shuffled,forward,409,43,0.005664611290085816,6,-0.05910237630208337,0.005664611290085816,8,task08_state43_prefix06
0.00142983724364153,semantic_all_donor_minus_recipient,forward,419,43,0.004247853005655396,6,0.042236328125,0.004247853005655396,8,task08_state43_prefix06
0.001762245130233545,semantic_wrist_donor_minus_recipient,forward,419,43,0.011230971725494667,6,0.014139811197916685,0.011230971725494667,8,task08_state43_prefix06
-0.00010677236032418646,semantic_primary_donor_minus_recipient,forward,419,43,-0.006885571231015866,6,0.06479899088541669,-0.006885571231015866,8,task08_state43_prefix06
-0.00033074338281767626,semantic_proprio_donor_minus_recipient,forward,419,43,0.0016927993423947133,6,-0.015421549479166713,0.0016927993423947133,8,task08_state43_prefix06
0.0015036012111947611,semantic_all_donor_minus_gaussian,forward,419,43,0.018205191966018594,6,0.03609212239583337,0.018205191966018594,8,task08_state43_prefix06
-1.778993671543161e-05,semantic_all_donor_minus_natural_control,forward,419,43,0.007136922910072889,6,0.02183024088541663,0.007136922910072889,8,task08_state43_prefix06
5.769495994448128e-05,semantic_all_donor_minus_shuffled,forward,419,43,0.004455348909762374,6,-0.11553955078125,0.004455348909762374,8,task08_state43_prefix06
0.011346216499441942,semantic_all_donor_minus_recipient,reverse,401,43,0.007265699310943806,6,-0.0020955403645833703,0.007265699310943806,8,task08_state43_prefix06
0.009842114226943645,semantic_wrist_donor_minus_recipient,reverse,401,43,0.006608158101127699,6,-0.0012817382812500555,0.006608158101127699,8,task08_state43_prefix06
-0.00022836099831010948,semantic_primary_donor_minus_recipient,reverse,401,43,0.0007604901160929503,6,0.01335652669270837,0.0007604901160929503,8,task08_state43_prefix06
-0.0006713162396807347,semantic_proprio_donor_minus_recipient,reverse,401,43,0.00024154993761051242,6,0.013051350911458315,0.00024154993761051242,8,task08_state43_prefix06
0.01131462065374649,semantic_all_donor_minus_gaussian,reverse,401,43,0.0061069394331248195,6,-0.001556396484375,0.0061069394331248195,8,task08_state43_prefix06
0.0013286523535340437,semantic_all_donor_minus_natural_control,reverse,401,43,-0.0021304702874881676,6,-0.000213623046875,-0.0021304702874881676,8,task08_state43_prefix06
0.01253562839253623,semantic_all_donor_minus_shuffled,reverse,401,43,0.011314614543928694,6,-0.045257568359375056,0.011314614543928694,8,task08_state43_prefix06
-0.00022747062307948478,semantic_all_donor_minus_recipient,reverse,409,43,0.004057184805519781,6,0.22670491536458337,0.004057184805519781,8,task08_state43_prefix06
0.0004246477099990075,semantic_wrist_donor_minus_recipient,reverse,409,43,0.011384126657456445,6,0.00941975911458326,0.011384126657456445,8,task08_state43_prefix06
-1.2017486638309528e-05,semantic_primary_donor_minus_recipient,reverse,409,43,0.0046854072093731915,6,0.07459513346354169,0.0046854072093731915,8,task08_state43_prefix06
-0.00031474974379280883,semantic_proprio_donor_minus_recipient,reverse,409,43,0.0024004629467276944,6,0.052388509114583315,0.0024004629467276944,8,task08_state43_prefix06
-0.00024062188393259644,semantic_all_donor_minus_gaussian,reverse,409,43,0.01579378634892073,6,0.256103515625,0.01579378634892073,8,task08_state43_prefix06
0.0002267638706070778,semantic_all_donor_minus_natural_control,reverse,409,43,0.0068309040243609565,6,0.23806762695312503,0.0068309040243609565,8,task08_state43_prefix06
-0.0018600208112063625,semantic_all_donor_minus_shuffled,reverse,409,43,-0.0026189860695493006,6,0.1994120279947917,-0.0026189860695493006,8,task08_state43_prefix06
0.0011941841020253904,semantic_all_donor_minus_recipient,reverse,419,43,-0.0026979017680669876,6,0.03108723958333326,-0.0026979017680669876,8,task08_state43_prefix06
0.001102120118082804,semantic_wrist_donor_minus_recipient,reverse,419,43,0.016188225326451852,6,0.00043741861979168517,0.016188225326451852,8,task08_state43_prefix06
0.0003310186084173229,semantic_primary_donor_minus_recipient,reverse,419,43,0.013427607108036473,6,-0.04934692382812497,0.013427607108036473,8,task08_state43_prefix06
-0.0009519492883414502,semantic_proprio_donor_minus_recipient,reverse,419,43,-0.0060129283252806556,6,-0.024475097656249944,-0.0060129283252806556,8,task08_state43_prefix06
0.0009390625236579638,semantic_all_donor_minus_gaussian,reverse,419,43,-0.0011602727386449269,6,0.013488769531249944,-0.0011602727386449269,8,task08_state43_prefix06
-0.00013859566070729403,semantic_all_donor_minus_natural_control,reverse,419,43,-0.010461405373185031,6,0.016927083333333315,-0.010461405373185031,8,task08_state43_prefix06
0.001240074697206485,semantic_all_donor_minus_shuffled,reverse,419,43,-0.01406139482840267,6,-0.0113525390625,-0.01406139482840267,8,task08_state43_prefix06
0.29282095654267687,semantic_all_donor_minus_recipient,forward,401,10,0.3678680697051134,0,0.5611165364583333,0.36786806970511343,9,task09_state10_prefix00
0.28290657727126867,semantic_wrist_donor_minus_recipient,forward,401,10,0.3447351616954619,0,0.7659098307291669,0.3447351616954619,9,task09_state10_prefix00
0.04574534506674075,semantic_primary_donor_minus_recipient,forward,401,10,0.06956700844384997,0,-0.02665201822916674,0.06956700844384994,9,task09_state10_prefix00
0.014712155838476827,semantic_proprio_donor_minus_recipient,forward,401,10,0.022347793640681124,0,-0.028930664062499778,0.022347793640681124,9,task09_state10_prefix00
0.31059374207464124,semantic_all_donor_minus_gaussian,forward,401,10,0.38534752945095074,0,0.5332234700520833,0.38534752945095074,9,task09_state10_prefix00
0.0003099047038574998,semantic_all_donor_minus_natural_control,forward,401,10,0.026289308146160123,0,-0.047698974609375,0.02628930814616015,9,task09_state10_prefix00
0.2297132214654093,semantic_all_donor_minus_shuffled,forward,401,10,0.09718837797254912,0,0.3361002604166666,0.09718837797254912,9,task09_state10_prefix00
0.22399139233457527,semantic_all_donor_minus_recipient,forward,409,10,0.2860052096917963,0,0.59405517578125,0.2860052096917963,9,task09_state10_prefix00
0.20433866775671541,semantic_wrist_donor_minus_recipient,forward,409,10,0.2681363262288752,0,0.5059611002604166,0.26813632622887507,9,task09_state10_prefix00
0.09456857981786454,semantic_primary_donor_minus_recipient,forward,409,10,0.12150755858434095,0,0.28650919596354185,0.12150755858434095,9,task09_state10_prefix00
-0.022807851704811002,semantic_proprio_donor_minus_recipient,forward,409,10,-0.026607853961498645,0,0.01483154296875,-0.026607853961498642,9,task09_state10_prefix00
0.22192712572002024,semantic_all_donor_minus_gaussian,forward,409,10,0.2829642465763512,0,0.5805562337239584,0.2829642465763512,9,task09_state10_prefix00
-0.01695261634956091,semantic_all_donor_minus_natural_control,forward,409,10,-0.0027037813686741075,0,0.02467854817708326,-0.0027037813686741075,9,task09_state10_prefix00
-0.18612653634763027,semantic_all_donor_minus_shuffled,forward,409,10,-0.2948228984572689,0,-0.4655863444010417,-0.2948228984572688,9,task09_state10_prefix00
0.2733622409931847,semantic_all_donor_minus_recipient,forward,419,10,0.3364154193975273,0,0.6561991373697915,0.33641541939752734,9,task09_state10_prefix00
0.2352196147332079,semantic_wrist_donor_minus_recipient,forward,419,10,0.272690203932212,0,0.54364013671875,0.2726902039322119,9,task09_state10_prefix00
0.005397470191620919,semantic_primary_donor_minus_recipient,forward,419,10,0.006390055432903725,0,0.07855224609375011,0.006390055432903726,9,task09_state10_prefix00
0.006741042379828863,semantic_proprio_donor_minus_recipient,forward,419,10,0.009461217509204298,0,-0.01859537760416674,0.009461217509204301,9,task09_state10_prefix00
0.2921917861149515,semantic_all_donor_minus_gaussian,forward,419,10,0.3493591918727349,0,0.683929443359375,0.349359191872735,9,task09_state10_prefix00
0.04838379391370784,semantic_all_donor_minus_natural_control,forward,419,10,0.07671592988599563,0,0.12859090169270831,0.07671592988599574,9,task09_state10_prefix00
-0.42648096300449023,semantic_all_donor_minus_shuffled,forward,419,10,-0.5047839978395172,0,-0.39831542968750006,-0.5047839978395173,9,task09_state10_prefix00
0.34355898417322206,semantic_all_donor_minus_recipient,reverse,401,10,0.4100966806331011,0,0.4575703938802084,0.4100966806331011,9,task09_state10_prefix00
0.3174487935383209,semantic_wrist_donor_minus_recipient,reverse,401,10,0.36883853638406283,0,0.7123209635416667,0.3688385363840625,9,task09_state10_prefix00
0.07699445921044638,semantic_primary_donor_minus_recipient,reverse,401,10,0.07592124735042888,0,0.20143636067708326,0.07592124735042888,9,task09_state10_prefix00
-0.03735012558076267,semantic_proprio_donor_minus_recipient,reverse,401,10,-0.0420323415637081,0,-0.05875651041666663,-0.0420323415637081,9,task09_state10_prefix00
0.3404651747035444,semantic_all_donor_minus_gaussian,reverse,401,10,0.41329284566766744,0,0.46040852864583337,0.41329284566766733,9,task09_state10_prefix00
-0.10461772580835116,semantic_all_donor_minus_natural_control,reverse,401,10,-0.12527136306642794,0,0.05208333333333348,-0.12527136306642794,9,task09_state10_prefix00
0.1446689853223998,semantic_all_donor_minus_shuffled,reverse,401,10,0.34833913643603975,0,0.16654459635416674,0.34833913643603975,9,task09_state10_prefix00
0.2725499472037065,semantic_all_donor_minus_recipient,reverse,409,10,0.35670096645784843,0,0.6375834147135417,0.3567009664578483,9,task09_state10_prefix00
0.18267294998480732,semantic_wrist_donor_minus_recipient,reverse,409,10,0.23959281660413279,0,0.4318949381510416,0.23959281660413245,9,task09_state10_prefix00
0.06344162836219105,semantic_primary_donor_minus_recipient,reverse,409,10,0.08441458820579967,0,0.17199707031249978,0.08441458820579968,9,task09_state10_prefix00
0.02354645337724402,semantic_proprio_donor_minus_recipient,reverse,409,10,0.039566454011399174,0,0.02198282877604174,0.03956645401139918,9,task09_state10_prefix00
0.22538278389966415,semantic_all_donor_minus_gaussian,reverse,409,10,0.30040367116155753,0,0.5318501790364584,0.30040367116155753,9,task09_state10_prefix00
-0.05165941643147354,semantic_all_donor_minus_natural_control,reverse,409,10,-0.061094082667179084,0,-0.06810506184895837,-0.06109408266717886,9,task09_state10_prefix00
0.4736091079994431,semantic_all_donor_minus_shuffled,reverse,409,10,0.6774804023900378,0,1.1641947428385417,0.6774804023900378,9,task09_state10_prefix00
0.27342263346009876,semantic_all_donor_minus_recipient,reverse,419,10,0.33546565803862083,0,0.6723225911458333,0.3354656580386207,9,task09_state10_prefix00
0.1913117467147631,semantic_wrist_donor_minus_recipient,reverse,419,10,0.22728922947163743,0,0.49388631184895837,0.22728922947163754,9,task09_state10_prefix00
-0.016361519780713485,semantic_primary_donor_minus_recipient,reverse,419,10,-0.01720292999597678,0,0.01654052734375,-0.01720292999597678,9,task09_state10_prefix00
-0.03942225688835844,semantic_proprio_donor_minus_recipient,reverse,419,10,-0.05218412822225964,0,0.0384521484375,-0.05218412822225965,9,task09_state10_prefix00
0.2589288254331427,semantic_all_donor_minus_gaussian,reverse,419,10,0.30946316058023443,0,0.6274820963541666,0.3094631605802346,9,task09_state10_prefix00
-0.060894339441664114,semantic_all_donor_minus_natural_control,reverse,419,10,-0.08227029449683054,0,-0.11064656575520831,-0.08227029449683054,9,task09_state10_prefix00
0.718461792770984,semantic_all_donor_minus_shuffled,reverse,419,10,0.8240887192111352,0,1.1362202962239585,0.8240887192111354,9,task09_state10_prefix00
-0.009601939459203195,semantic_all_donor_minus_recipient,forward,401,27,0.002857110064999613,3,-0.02156575520833337,0.002857110064999613,9,task09_state27_prefix03
0.03494726744017849,semantic_wrist_donor_minus_recipient,forward,401,27,0.06163664423886403,3,-0.00417073567708337,0.06163664423886406,9,task09_state27_prefix03
-0.00029530772206400047,semantic_primary_donor_minus_recipient,forward,401,27,0.01242591566946527,3,0.07956949869791669,0.01242591566946527,9,task09_state27_prefix03
0.006383465496261915,semantic_proprio_donor_minus_recipient,forward,401,27,0.07072266957820988,3,0.09542846679687494,0.07072266957820988,9,task09_state27_prefix03
-0.0027094528141840563,semantic_all_donor_minus_gaussian,forward,401,27,-0.004626594894124397,3,-0.02647908528645826,-0.004626594894124425,9,task09_state27_prefix03
0.008357382384271021,semantic_all_donor_minus_natural_control,forward,401,27,-0.016042291115580393,3,-0.01505533854166663,-0.016042291115580365,9,task09_state27_prefix03
0.06196242144303434,semantic_all_donor_minus_shuffled,forward,401,27,0.0899037603335176,3,-0.054311116536458315,0.08990376033351766,9,task09_state27_prefix03
-0.06918370113030232,semantic_all_donor_minus_recipient,forward,409,27,-0.11571198340024019,3,0.09564208984375011,-0.11571198340024022,9,task09_state27_prefix03
-0.03725052915958836,semantic_wrist_donor_minus_recipient,forward,409,27,-0.13668348276318354,3,-0.02496337890625011,-0.13668348276318357,9,task09_state27_prefix03
0.009478583628106975,semantic_primary_donor_minus_recipient,forward,409,27,0.020578685693578548,3,0.057576497395833315,0.02057868569357855,9,task09_state27_prefix03
0.013066537177886993,semantic_proprio_donor_minus_recipient,forward,409,27,0.01307536170182271,3,-0.010742187500000111,0.013075361701822706,9,task09_state27_prefix03
-0.052563289214039514,semantic_all_donor_minus_gaussian,forward,409,27,-0.0634906929408443,3,0.03913370768229174,-0.06349069294084433,9,task09_state27_prefix03
-0.04661290992284734,semantic_all_donor_minus_natural_control,forward,409,27,-0.09150267024121046,3,0.00019327799479174068,-0.0915026702412105,9,task09_state27_prefix03
0.04161286092296527,semantic_all_donor_minus_shuffled,forward,409,27,0.07254330894309546,3,-0.01224772135416663,0.07254330894309549,9,task09_state27_prefix03
0.020045295122970114,semantic_all_donor_minus_recipient,forward,419,27,0.1480713309380761,3,0.022674560546875056,0.14807133093807606,9,task09_state27_prefix03
0.0044607316976087935,semantic_wrist_donor_minus_recipient,forward,419,27,-0.048270922380217435,3,0.01721191406250011,-0.04827092238021746,9,task09_state27_prefix03
0.0019804760867697183,semantic_primary_donor_minus_recipient,forward,419,27,0.05883975647461774,3,0.14032999674479163,0.05883975647461774,9,task09_state27_prefix03
-0.021770850911422182,semantic_proprio_donor_minus_recipient,forward,419,27,0.08655249681196604,3,-0.03563435872395826,0.08655249681196604,9,task09_state27_prefix03
0.03380633123955882,semantic_all_donor_minus_gaussian,forward,419,27,0.16774495205230566,3,0.05539957682291674,0.16774495205230566,9,task09_state27_prefix03
0.036645209017117014,semantic_all_donor_minus_natural_control,forward,419,27,0.11931537841172923,3,0.017303466796875,0.11931537841172922,9,task09_state27_prefix03
0.06742136706001182,semantic_all_donor_minus_shuffled,forward,419,27,0.16833441333744245,3,-0.13181559244791669,0.16833441333744245,9,task09_state27_prefix03
-0.017610704848462486,semantic_all_donor_minus_recipient,reverse,401,27,-0.016552777754912984,3,0.04274495442708337,-0.01655277775491293,9,task09_state27_prefix03
-0.03561998904419095,semantic_wrist_donor_minus_recipient,reverse,401,27,-0.012341029002595566,3,-0.06104532877604163,-0.012341029002595538,9,task09_state27_prefix03
0.015805554211054663,semantic_primary_donor_minus_recipient,reverse,401,27,-0.010507899771745571,3,0.01537068684895837,-0.010507899771745571,9,task09_state27_prefix03
0.033197937100992586,semantic_proprio_donor_minus_recipient,reverse,401,27,0.00347692979137125,3,0.07320149739583337,0.003476929791371236,9,task09_state27_prefix03
-0.02801986755508161,semantic_all_donor_minus_gaussian,reverse,401,27,-0.008720783390442799,3,-0.060882568359375,-0.008720783390442799,9,task09_state27_prefix03
-0.041668190789586695,semantic_all_donor_minus_natural_control,reverse,401,27,-0.03226967358341015,3,-0.03123982747395837,-0.03226967358341004,9,task09_state27_prefix03
-0.061884715096984705,semantic_all_donor_minus_shuffled,reverse,401,27,0.0045528180346495195,3,-0.01447550455729174,0.004552818034649575,9,task09_state27_prefix03
0.005391734370366788,semantic_all_donor_minus_recipient,reverse,409,27,-0.007752698028308663,3,0.1589965820312499,-0.007752698028308691,9,task09_state27_prefix03
0.04464538431372202,semantic_wrist_donor_minus_recipient,reverse,409,27,0.08101079658642873,3,0.02654012044270837,0.08101079658642871,9,task09_state27_prefix03
-0.003354447585830667,semantic_primary_donor_minus_recipient,reverse,409,27,0.03307563830625967,3,-0.015594482421875,0.033075638306259675,9,task09_state27_prefix03
-0.005707460801032023,semantic_proprio_donor_minus_recipient,reverse,409,27,0.024242365724719984,3,0.10075887044270831,0.024242365724719973,9,task09_state27_prefix03
-0.009380026002384058,semantic_all_donor_minus_gaussian,reverse,409,27,-0.12662496670122894,3,0.07842000325520826,-0.12662496670122894,9,task09_state27_prefix03
-0.04763406299292331,semantic_all_donor_minus_natural_control,reverse,409,27,-0.09599261589453673,3,0.10603841145833337,-0.09599261589453667,9,task09_state27_prefix03
-0.0376484637770756,semantic_all_donor_minus_shuffled,reverse,409,27,-0.016947684140990377,3,0.135406494140625,-0.016947684140990377,9,task09_state27_prefix03
0.01580173785465174,semantic_all_donor_minus_recipient,reverse,419,27,0.006804577936037642,3,0.002400716145833315,0.006804577936037642,9,task09_state27_prefix03
-0.046657276934619366,semantic_wrist_donor_minus_recipient,reverse,419,27,0.03401886778857449,3,-0.030873616536458315,0.03401886778857452,9,task09_state27_prefix03
-0.001111328620372649,semantic_primary_donor_minus_recipient,reverse,419,27,0.03877760980086131,3,-0.01971435546875,0.0387776098008613,9,task09_state27_prefix03
0.03975510625050824,semantic_proprio_donor_minus_recipient,reverse,419,27,-0.059785838846258404,3,0.039062500000000056,-0.059785838846258404,9,task09_state27_prefix03
0.016400369299864603,semantic_all_donor_minus_gaussian,reverse,419,27,0.029810312934151196,3,-0.00037638346354157415,0.029810312934151196,9,task09_state27_prefix03
0.03496641950322729,semantic_all_donor_minus_natural_control,reverse,419,27,0.004707443841229272,3,-0.001983642578125,0.004707443841229279,9,task09_state27_prefix03
-0.003790176457015737,semantic_all_donor_minus_shuffled,reverse,419,27,0.02290774348993147,3,-0.010091145833333315,0.02290774348993147,9,task09_state27_prefix03
-0.05080435095897459,semantic_all_donor_minus_recipient,forward,401,43,0.03934757585428017,6,0.008107503255208315,0.04177359765840899,9,task09_state43_prefix06
-0.04661580544774602,semantic_wrist_donor_minus_recipient,forward,401,43,-0.0628426529514663,6,0.019775390624999972,-0.05437886784133361,9,task09_state43_prefix06
0.00549084212453025,semantic_primary_donor_minus_recipient,forward,401,43,0.048860892535199506,6,0.029917399088541685,0.04889432591353067,9,task09_state43_prefix06
0.024834353370805355,semantic_proprio_donor_minus_recipient,forward,401,43,0.06780240657416921,6,0.11671956380208334,0.0632841231340129,9,task09_state43_prefix06
-0.07489539091589668,semantic_all_donor_minus_gaussian,forward,401,43,0.13082909921413655,6,0.010243733723958315,0.14106016830701246,9,task09_state43_prefix06
-0.04417271030986081,semantic_all_donor_minus_natural_control,forward,401,43,-0.04390120134326578,6,-0.004119873046875,-0.05192239616213784,9,task09_state43_prefix06
-0.023060336156812272,semantic_all_donor_minus_shuffled,forward,401,43,0.2183581200516697,6,-0.043304443359375,0.21748225704549135,9,task09_state43_prefix06
0.018884371846924403,semantic_all_donor_minus_recipient,forward,409,43,0.058286966147657965,6,-0.09580485026041666,0.06481328543493847,9,task09_state43_prefix06
0.07746519316818555,semantic_wrist_donor_minus_recipient,forward,409,43,0.05869692388376074,6,0.033538818359375,0.04860732884189675,9,task09_state43_prefix06
-0.01783409359692843,semantic_primary_donor_minus_recipient,forward,409,43,0.01571376990191998,6,0.024861653645833315,0.013438290947303803,9,task09_state43_prefix06
-0.04231009911796535,semantic_proprio_donor_minus_recipient,forward,409,43,-0.021033097702689976,6,-0.07744344075520834,-0.010179009997592685,9,task09_state43_prefix06
0.06014886590095253,semantic_all_donor_minus_gaussian,forward,409,43,0.08932330645543676,6,-0.057037353515625,0.10014335275026276,9,task09_state43_prefix06
0.005775642358192112,semantic_all_donor_minus_natural_control,forward,409,43,0.023663868154260664,6,-0.04511515299479166,0.031462162149788586,9,task09_state43_prefix06
0.031920470087743125,semantic_all_donor_minus_shuffled,forward,409,43,0.18398855334792422,6,-0.12131754557291666,0.19805878860947862,9,task09_state43_prefix06
-0.007377679662308789,semantic_all_donor_minus_recipient,forward,419,43,-0.01489840287885727,6,-0.12192789713541667,-0.015664403671401067,9,task09_state43_prefix06
-0.000525477267484236,semantic_wrist_donor_minus_recipient,forward,419,43,0.031169284274036535,6,-0.008982340494791685,0.03906517160641584,9,task09_state43_prefix06
0.07023791168351835,semantic_primary_donor_minus_recipient,forward,419,43,0.09442113392337095,6,0.20258585611979169,0.08430309688484841,9,task09_state43_prefix06
-0.04229995701526452,semantic_proprio_donor_minus_recipient,forward,419,43,-0.12762002814962234,6,0.03980509440104163,-0.12492534507122068,9,task09_state43_prefix06
0.012545179961334745,semantic_all_donor_minus_gaussian,forward,419,43,0.0559384319902578,6,0.03633626302083337,0.05988475170167376,9,task09_state43_prefix06
-0.012609599835903276,semantic_all_donor_minus_natural_control,forward,419,43,-0.014224031044733479,6,0.028523763020833315,-0.020862612702136768,9,task09_state43_prefix06
-0.034117040622754766,semantic_all_donor_minus_shuffled,forward,419,43,0.238613726964433,6,-0.22896321614583334,0.25025778783011216,9,task09_state43_prefix06
-0.024913515344891973,semantic_all_donor_minus_recipient,reverse,401,43,-0.053855820628913864,6,0.03429158528645834,-0.04956322692716897,9,task09_state43_prefix06
0.018639612947587758,semantic_wrist_donor_minus_recipient,reverse,401,43,0.0024663578687512677,6,-0.0040283203125,0.012141089737323363,9,task09_state43_prefix06
0.03224681467665938,semantic_primary_donor_minus_recipient,reverse,401,43,0.04625582824451621,6,0.026397705078125056,0.04622099348741032,9,task09_state43_prefix06
0.03742110021737053,semantic_proprio_donor_minus_recipient,reverse,401,43,0.027361726217913593,6,-0.04667154947916663,0.03058939949147141,9,task09_state43_prefix06
0.031585782000058876,semantic_all_donor_minus_gaussian,reverse,401,43,-0.005847536292542754,6,0.08141072591145834,-0.00594929350461143,9,task09_state43_prefix06
0.006082895022773788,semantic_all_donor_minus_natural_control,reverse,401,43,-0.05052231849590516,6,-0.051991780598958315,-0.05436476358703862,9,task09_state43_prefix06
-0.0025070407889248025,semantic_all_donor_minus_shuffled,reverse,401,43,-0.19423940662008338,6,0.0146484375,-0.19439477223968737,9,task09_state43_prefix06
0.004006544724498434,semantic_all_donor_minus_recipient,reverse,409,43,0.004404678563089404,6,-0.02113850911458337,0.008249880427445955,9,task09_state43_prefix06
-0.06762256048869317,semantic_wrist_donor_minus_recipient,reverse,409,43,-0.1163959427024021,6,-0.0655924479166666,-0.12564504844691243,9,task09_state43_prefix06
0.07783838801575646,semantic_primary_donor_minus_recipient,reverse,409,43,0.06059386654185803,6,0.09240722656249994,0.06058691396718767,9,task09_state43_prefix06
0.06030424254196025,semantic_proprio_donor_minus_recipient,reverse,409,43,0.04353725438981443,6,0.018605550130208315,0.038119331380910365,9,task09_state43_prefix06
0.018327561770520667,semantic_all_donor_minus_gaussian,reverse,409,43,-0.016987206545772238,6,0.032368977864583315,-0.014661793102060061,9,task09_state43_prefix06
-0.02029866283862211,semantic_all_donor_minus_natural_control,reverse,409,43,-0.03563081619621966,6,-0.021270751953125056,-0.03427215009959422,9,task09_state43_prefix06
0.03045985327510034,semantic_all_donor_minus_shuffled,reverse,409,43,-0.23065784653487753,6,0.029449462890624944,-0.23707414185360987,9,task09_state43_prefix06
0.11712994256754733,semantic_all_donor_minus_recipient,reverse,419,43,0.11988292511614439,6,0.016011555989583315,0.11242611025546143,9,task09_state43_prefix06
-0.04801111718309901,semantic_wrist_donor_minus_recipient,reverse,419,43,-0.09069910684157818,6,-0.02854410807291663,-0.09672676434764127,9,task09_state43_prefix06
-0.09209030810546501,semantic_primary_donor_minus_recipient,reverse,419,43,-0.016815814528028487,6,-0.011891682942708343,-0.013148978917279106,9,task09_state43_prefix06
-0.007173576607848793,semantic_proprio_donor_minus_recipient,reverse,419,43,0.022055609861862172,6,0.02654012044270837,0.027907301058828004,9,task09_state43_prefix06
0.10997538923010404,semantic_all_donor_minus_gaussian,reverse,419,43,0.019030358558843025,6,0.019460042317708343,0.01281084040845136,9,task09_state43_prefix06
0.08109382327387725,semantic_all_donor_minus_natural_control,reverse,419,43,0.019712160126146155,6,0.011973063151041657,0.012554976467102089,9,task09_state43_prefix06
0.12472623260056506,semantic_all_donor_minus_shuffled,reverse,419,43,-0.05351177261444223,6,-0.018402099609375,-0.06757766252222658,9,task09_state43_prefix06
